[    1797ms] [INFO] You like to look under the hood? Why not help us build the engine? https://soundcloud.com/jobs @ https://a-v2.sndcdn.com/assets/55-9b366a26.js:32
[    2032ms] [LOG] prebid-load.js loaded successfully. @ https://a-v2.sndcdn.com/assets/55-9b366a26.js:99
[    2358ms] [LOG] %craven%c Raven v1.22.2-6hoy9q background-color:#000;margin-left:1px;padding:1px 3px;font-size:0.75em;color:#ffffff; font-size:0.9em; @ https://a-v2.sndcdn.com/assets/55-9b366a26.js:99
[    2453ms] [WARNING] [GPT] PubAdsService.disableInitialLoad is deprecated, use googletag.setConfig({disableInitialLoad: ...}) instead.
https://goo.gle/gpt-message#170 @ https://a-v2.sndcdn.com/assets/55-9b366a26.js:99
[    2486ms] [LOG] [DIAG-CS] Diagnostic content script loaded at https://soundcloud.com/hollmusic/god_2 @ chrome-extension://ihaelfjohnpciodjianpgchimpgifgjk/js/diagnostic-content.js:4
[    2487ms] [LOG] [DIAG-CS] sendMessage monitoring active @ chrome-extension://ihaelfjohnpciodjianpgchimpgifgjk/js/diagnostic-content.js:54
[    2488ms] [LOG] [DIAG-CS] MutationObserver attached @ chrome-extension://ihaelfjohnpciodjianpgchimpgifgjk/js/diagnostic-content.js:74
[    2492ms] [LOG] [DIAG-CS] sendMessage called: {"recipient":"__CROSSPILOT_MESSAGE__","action":"sandbox-content-scripts-data","keys":["messageRecipient","action","data"]} @ chrome-extension://ihaelfjohnpciodjianpgchimpgifgjk/js/diagnostic-content.js:27
[    2492ms] [LOG] [DIAG-CS] Time since load: 6ms @ chrome-extension://ihaelfjohnpciodjianpgchimpgifgjk/js/diagnostic-content.js:28
[    2493ms] [LOG] [DIAG-CS] Args count: 1 @ chrome-extension://ihaelfjohnpciodjianpgchimpgifgjk/js/diagnostic-content.js:29
[    2493ms] [LOG] [DIAG-CS] CrossPilot attribute detected on HTML @ chrome-extension://ihaelfjohnpciodjianpgchimpgifgjk/js/diagnostic-content.js:63
[    2493ms] [LOG] [DIAG-CS] Time since load: 7ms @ chrome-extension://ihaelfjohnpciodjianpgchimpgifgjk/js/diagnostic-content.js:64
[    2495ms] [LOG] [direct] SoundCloud direct downloader loaded at https://soundcloud.com/hollmusic/god_2 @ chrome-extension://ihaelfjohnpciodjianpgchimpgifgjk/js/direct.js:2
[    2613ms] [LOG] [DIAG-CS] sendMessage promise resolved: null @ chrome-extension://ihaelfjohnpciodjianpgchimpgifgjk/js/diagnostic-content.js:41
[    3059ms] [WARNING] [GPT] Slot.getTargetingKeys is deprecated, use Slot.getConfig('targeting') instead.
https://goo.gle/gpt-message#201 @ https://a-v2.sndcdn.com/assets/55-9b366a26.js:99
[    3083ms] [LOG] [direct] no container found, retry @ chrome-extension://ihaelfjohnpciodjianpgchimpgifgjk/js/direct.js:325
[    3440ms] [LOG] [direct] Download button injected (middle next to More) @ chrome-extension://ihaelfjohnpciodjianpgchimpgifgjk/js/direct.js:272
[    3441ms] [LOG] [direct] Download button injected (player mini) @ chrome-extension://ihaelfjohnpciodjianpgchimpgifgjk/js/direct.js:306
[    3441ms] [LOG] [direct] deduped player to 1 @ chrome-extension://ihaelfjohnpciodjianpgchimpgifgjk/js/direct.js:324
[    3442ms] [LOG] [direct] Download button injected (player mini) @ chrome-extension://ihaelfjohnpciodjianpgchimpgifgjk/js/direct.js:306
[    3442ms] [LOG] [direct] deduped player to 1 @ chrome-extension://ihaelfjohnpciodjianpgchimpgifgjk/js/direct.js:324
[    3444ms] [LOG] [direct] Download button injected (player mini) @ chrome-extension://ihaelfjohnpciodjianpgchimpgifgjk/js/direct.js:306
[    3444ms] [LOG] [direct] deduped player to 1 @ chrome-extension://ihaelfjohnpciodjianpgchimpgifgjk/js/direct.js:324
[    3445ms] [LOG] [direct] Download button injected (player mini) @ chrome-extension://ihaelfjohnpciodjianpgchimpgifgjk/js/direct.js:306
[    3446ms] [LOG] [direct] deduped player to 1 @ chrome-extension://ihaelfjohnpciodjianpgchimpgifgjk/js/direct.js:324
[    3446ms] [LOG] [direct] Download button injected (player mini) @ chrome-extension://ihaelfjohnpciodjianpgchimpgifgjk/js/direct.js:306
[    3447ms] [LOG] [direct] deduped player to 1 @ chrome-extension://ihaelfjohnpciodjianpgchimpgifgjk/js/direct.js:324
[    3447ms] [LOG] [direct] Download button injected (player mini) @ chrome-extension://ihaelfjohnpciodjianpgchimpgifgjk/js/direct.js:306
[    3448ms] [LOG] [direct] deduped player to 1 @ chrome-extension://ihaelfjohnpciodjianpgchimpgifgjk/js/direct.js:324
[    3448ms] [LOG] [direct] Download button injected (player mini) @ chrome-extension://ihaelfjohnpciodjianpgchimpgifgjk/js/direct.js:306
[    3448ms] [LOG] [direct] deduped player to 1 @ chrome-extension://ihaelfjohnpciodjianpgchimpgifgjk/js/direct.js:324
[    3449ms] [LOG] [direct] Download button injected (player mini) @ chrome-extension://ihaelfjohnpciodjianpgchimpgifgjk/js/direct.js:306
[    3449ms] [LOG] [direct] deduped player to 1 @ chrome-extension://ihaelfjohnpciodjianpgchimpgifgjk/js/direct.js:324
[    3451ms] [LOG] [direct] Download button injected (player mini) @ chrome-extension://ihaelfjohnpciodjianpgchimpgifgjk/js/direct.js:306
[    3451ms] [LOG] [direct] deduped player to 1 @ chrome-extension://ihaelfjohnpciodjianpgchimpgifgjk/js/direct.js:324
[    3452ms] [LOG] [direct] Download button injected (player mini) @ chrome-extension://ihaelfjohnpciodjianpgchimpgifgjk/js/direct.js:306
[    3452ms] [LOG] [direct] deduped player to 1 @ chrome-extension://ihaelfjohnpciodjianpgchimpgifgjk/js/direct.js:324
[    3452ms] [LOG] [direct] Download button injected (player mini) @ chrome-extension://ihaelfjohnpciodjianpgchimpgifgjk/js/direct.js:306
[    3453ms] [LOG] [direct] deduped player to 1 @ chrome-extension://ihaelfjohnpciodjianpgchimpgifgjk/js/direct.js:324
[    3454ms] [LOG] [direct] Download button injected (player mini) @ chrome-extension://ihaelfjohnpciodjianpgchimpgifgjk/js/direct.js:306
[    3454ms] [LOG] [direct] deduped player to 1 @ chrome-extension://ihaelfjohnpciodjianpgchimpgifgjk/js/direct.js:324
[    3455ms] [LOG] [direct] Download button injected (player mini) @ chrome-extension://ihaelfjohnpciodjianpgchimpgifgjk/js/direct.js:306
[    3455ms] [LOG] [direct] deduped player to 1 @ chrome-extension://ihaelfjohnpciodjianpgchimpgifgjk/js/direct.js:324
[    3456ms] [LOG] [direct] Download button injected (player mini) @ chrome-extension://ihaelfjohnpciodjianpgchimpgifgjk/js/direct.js:306
[    3456ms] [LOG] [direct] deduped player to 1 @ chrome-extension://ihaelfjohnpciodjianpgchimpgifgjk/js/direct.js:324
[    3457ms] [LOG] [direct] Download button injected (player mini) @ chrome-extension://ihaelfjohnpciodjianpgchimpgifgjk/js/direct.js:306
[    3457ms] [LOG] [direct] deduped player to 1 @ chrome-extension://ihaelfjohnpciodjianpgchimpgifgjk/js/direct.js:324
[    3458ms] [LOG] [direct] Download button injected (player mini) @ chrome-extension://ihaelfjohnpciodjianpgchimpgifgjk/js/direct.js:306
[    3458ms] [LOG] [direct] deduped player to 1 @ chrome-extension://ihaelfjohnpciodjianpgchimpgifgjk/js/direct.js:324
[    3459ms] [LOG] [direct] Download button injected (player mini) @ chrome-extension://ihaelfjohnpciodjianpgchimpgifgjk/js/direct.js:306
[    3460ms] [LOG] [direct] deduped player to 1 @ chrome-extension://ihaelfjohnpciodjianpgchimpgifgjk/js/direct.js:324
[    3461ms] [LOG] [direct] Download button injected (player mini) @ chrome-extension://ihaelfjohnpciodjianpgchimpgifgjk/js/direct.js:306
[    3462ms] [LOG] [direct] deduped player to 1 @ chrome-extension://ihaelfjohnpciodjianpgchimpgifgjk/js/direct.js:324
[    3463ms] [LOG] [direct] Download button injected (player mini) @ chrome-extension://ihaelfjohnpciodjianpgchimpgifgjk/js/direct.js:306
[    3463ms] [LOG] [direct] deduped player to 1 @ chrome-extension://ihaelfjohnpciodjianpgchimpgifgjk/js/direct.js:324
[    3464ms] [LOG] [direct] Download button injected (player mini) @ chrome-extension://ihaelfjohnpciodjianpgchimpgifgjk/js/direct.js:306
[    3464ms] [LOG] [direct] deduped player to 1 @ chrome-extension://ihaelfjohnpciodjianpgchimpgifgjk/js/direct.js:324
[    3465ms] [LOG] [direct] Download button injected (player mini) @ chrome-extension://ihaelfjohnpciodjianpgchimpgifgjk/js/direct.js:306
[    3465ms] [LOG] [direct] deduped player to 1 @ chrome-extension://ihaelfjohnpciodjianpgchimpgifgjk/js/direct.js:324
[    3465ms] [LOG] [direct] Download button injected (player mini) @ chrome-extension://ihaelfjohnpciodjianpgchimpgifgjk/js/direct.js:306
[    3466ms] [LOG] [direct] deduped player to 1 @ chrome-extension://ihaelfjohnpciodjianpgchimpgifgjk/js/direct.js:324
[    3466ms] [LOG] [direct] Download button injected (player mini) @ chrome-extension://ihaelfjohnpciodjianpgchimpgifgjk/js/direct.js:306
[    3466ms] [LOG] [direct] deduped player to 1 @ chrome-extension://ihaelfjohnpciodjianpgchimpgifgjk/js/direct.js:324
[    3467ms] [LOG] [direct] Download button injected (player mini) @ chrome-extension://ihaelfjohnpciodjianpgchimpgifgjk/js/direct.js:306
[    3468ms] [LOG] [direct] deduped player to 1 @ chrome-extension://ihaelfjohnpciodjianpgchimpgifgjk/js/direct.js:324
[    3469ms] [LOG] [direct] Download button injected (player mini) @ chrome-extension://ihaelfjohnpciodjianpgchimpgifgjk/js/direct.js:306
[    3469ms] [LOG] [direct] deduped player to 1 @ chrome-extension://ihaelfjohnpciodjianpgchimpgifgjk/js/direct.js:324
[    3470ms] [LOG] [direct] Download button injected (player mini) @ chrome-extension://ihaelfjohnpciodjianpgchimpgifgjk/js/direct.js:306
[    3470ms] [LOG] [direct] deduped player to 1 @ chrome-extension://ihaelfjohnpciodjianpgchimpgifgjk/js/direct.js:324
[    3471ms] [LOG] [direct] Download button injected (player mini) @ chrome-extension://ihaelfjohnpciodjianpgchimpgifgjk/js/direct.js:306
[    3471ms] [LOG] [direct] deduped player to 1 @ chrome-extension://ihaelfjohnpciodjianpgchimpgifgjk/js/direct.js:324
[    3472ms] [LOG] [direct] Download button injected (player mini) @ chrome-extension://ihaelfjohnpciodjianpgchimpgifgjk/js/direct.js:306
[    3473ms] [LOG] [direct] deduped player to 1 @ chrome-extension://ihaelfjohnpciodjianpgchimpgifgjk/js/direct.js:324
[    3473ms] [LOG] [direct] Download button injected (player mini) @ chrome-extension://ihaelfjohnpciodjianpgchimpgifgjk/js/direct.js:306
[    3474ms] [LOG] [direct] deduped player to 1 @ chrome-extension://ihaelfjohnpciodjianpgchimpgifgjk/js/direct.js:324
[    3475ms] [LOG] [direct] Download button injected (player mini) @ chrome-extension://ihaelfjohnpciodjianpgchimpgifgjk/js/direct.js:306
[    3475ms] [LOG] [direct] deduped player to 1 @ chrome-extension://ihaelfjohnpciodjianpgchimpgifgjk/js/direct.js:324
[    3476ms] [LOG] [direct] Download button injected (player mini) @ chrome-extension://ihaelfjohnpciodjianpgchimpgifgjk/js/direct.js:306
[    3477ms] [LOG] [direct] deduped player to 1 @ chrome-extension://ihaelfjohnpciodjianpgchimpgifgjk/js/direct.js:324
[    3478ms] [LOG] [direct] Download button injected (player mini) @ chrome-extension://ihaelfjohnpciodjianpgchimpgifgjk/js/direct.js:306
[    3478ms] [LOG] [direct] deduped player to 1 @ chrome-extension://ihaelfjohnpciodjianpgchimpgifgjk/js/direct.js:324
[    3479ms] [LOG] [direct] Download button injected (player mini) @ chrome-extension://ihaelfjohnpciodjianpgchimpgifgjk/js/direct.js:306
[    3479ms] [LOG] [direct] deduped player to 1 @ chrome-extension://ihaelfjohnpciodjianpgchimpgifgjk/js/direct.js:324
[    3480ms] [LOG] [direct] Download button injected (player mini) @ chrome-extension://ihaelfjohnpciodjianpgchimpgifgjk/js/direct.js:306
[    3481ms] [LOG] [direct] deduped player to 1 @ chrome-extension://ihaelfjohnpciodjianpgchimpgifgjk/js/direct.js:324
[    3482ms] [LOG] [direct] Download button injected (player mini) @ chrome-extension://ihaelfjohnpciodjianpgchimpgifgjk/js/direct.js:306
[    3482ms] [LOG] [direct] deduped player to 1 @ chrome-extension://ihaelfjohnpciodjianpgchimpgifgjk/js/direct.js:324
[    3484ms] [LOG] [direct] Download button injected (player mini) @ chrome-extension://ihaelfjohnpciodjianpgchimpgifgjk/js/direct.js:306
[    3484ms] [LOG] [direct] deduped player to 1 @ chrome-extension://ihaelfjohnpciodjianpgchimpgifgjk/js/direct.js:324
[    3486ms] [LOG] [direct] Download button injected (player mini) @ chrome-extension://ihaelfjohnpciodjianpgchimpgifgjk/js/direct.js:306
[    3486ms] [LOG] [direct] deduped player to 1 @ chrome-extension://ihaelfjohnpciodjianpgchimpgifgjk/js/direct.js:324
[    3487ms] [LOG] [direct] Download button injected (player mini) @ chrome-extension://ihaelfjohnpciodjianpgchimpgifgjk/js/direct.js:306
[    3487ms] [LOG] [direct] deduped player to 1 @ chrome-extension://ihaelfjohnpciodjianpgchimpgifgjk/js/direct.js:324
[    3488ms] [LOG] [direct] Download button injected (player mini) @ chrome-extension://ihaelfjohnpciodjianpgchimpgifgjk/js/direct.js:306
[    3489ms] [LOG] [direct] deduped player to 1 @ chrome-extension://ihaelfjohnpciodjianpgchimpgifgjk/js/direct.js:324
[    3490ms] [LOG] [direct] Download button injected (player mini) @ chrome-extension://ihaelfjohnpciodjianpgchimpgifgjk/js/direct.js:306
[    3490ms] [LOG] [direct] deduped player to 1 @ chrome-extension://ihaelfjohnpciodjianpgchimpgifgjk/js/direct.js:324
[    3491ms] [LOG] [direct] Download button injected (player mini) @ chrome-extension://ihaelfjohnpciodjianpgchimpgifgjk/js/direct.js:306
[    3492ms] [LOG] [direct] deduped player to 1 @ chrome-extension://ihaelfjohnpciodjianpgchimpgifgjk/js/direct.js:324
[    3493ms] [LOG] [direct] Download button injected (player mini) @ chrome-extension://ihaelfjohnpciodjianpgchimpgifgjk/js/direct.js:306
[    3494ms] [LOG] [direct] deduped player to 1 @ chrome-extension://ihaelfjohnpciodjianpgchimpgifgjk/js/direct.js:324
[    3495ms] [LOG] [direct] Download button injected (player mini) @ chrome-extension://ihaelfjohnpciodjianpgchimpgifgjk/js/direct.js:306
[    3496ms] [LOG] [direct] deduped player to 1 @ chrome-extension://ihaelfjohnpciodjianpgchimpgifgjk/js/direct.js:324
[    3497ms] [LOG] [direct] Download button injected (player mini) @ chrome-extension://ihaelfjohnpciodjianpgchimpgifgjk/js/direct.js:306
[    3497ms] [LOG] [direct] deduped player to 1 @ chrome-extension://ihaelfjohnpciodjianpgchimpgifgjk/js/direct.js:324
[    3498ms] [LOG] [direct] Download button injected (player mini) @ chrome-extension://ihaelfjohnpciodjianpgchimpgifgjk/js/direct.js:306
[    3498ms] [LOG] [direct] deduped player to 1 @ chrome-extension://ihaelfjohnpciodjianpgchimpgifgjk/js/direct.js:324
[    3499ms] [LOG] [direct] Download button injected (player mini) @ chrome-extension://ihaelfjohnpciodjianpgchimpgifgjk/js/direct.js:306
[    3500ms] [LOG] [direct] deduped player to 1 @ chrome-extension://ihaelfjohnpciodjianpgchimpgifgjk/js/direct.js:324
[    3501ms] [LOG] [direct] Download button injected (player mini) @ chrome-extension://ihaelfjohnpciodjianpgchimpgifgjk/js/direct.js:306
[    3501ms] [LOG] [direct] deduped player to 1 @ chrome-extension://ihaelfjohnpciodjianpgchimpgifgjk/js/direct.js:324
[    3502ms] [LOG] [direct] Download button injected (player mini) @ chrome-extension://ihaelfjohnpciodjianpgchimpgifgjk/js/direct.js:306
[    3502ms] [LOG] [direct] deduped player to 1 @ chrome-extension://ihaelfjohnpciodjianpgchimpgifgjk/js/direct.js:324
[    3503ms] [LOG] [direct] Download button injected (player mini) @ chrome-extension://ihaelfjohnpciodjianpgchimpgifgjk/js/direct.js:306
[    3504ms] [LOG] [direct] deduped player to 1 @ chrome-extension://ihaelfjohnpciodjianpgchimpgifgjk/js/direct.js:324
[    3505ms] [LOG] [direct] Download button injected (player mini) @ chrome-extension://ihaelfjohnpciodjianpgchimpgifgjk/js/direct.js:306
[    3505ms] [LOG] [direct] deduped player to 1 @ chrome-extension://ihaelfjohnpciodjianpgchimpgifgjk/js/direct.js:324
[    3506ms] [LOG] [direct] Download button injected (player mini) @ chrome-extension://ihaelfjohnpciodjianpgchimpgifgjk/js/direct.js:306
[    3506ms] [LOG] [direct] deduped player to 1 @ chrome-extension://ihaelfjohnpciodjianpgchimpgifgjk/js/direct.js:324
[    3508ms] [LOG] [direct] Download button injected (player mini) @ chrome-extension://ihaelfjohnpciodjianpgchimpgifgjk/js/direct.js:306
[    3508ms] [LOG] [direct] deduped player to 1 @ chrome-extension://ihaelfjohnpciodjianpgchimpgifgjk/js/direct.js:324
[    3509ms] [LOG] [direct] Download button injected (player mini) @ chrome-extension://ihaelfjohnpciodjianpgchimpgifgjk/js/direct.js:306
[    3510ms] [LOG] [direct] deduped player to 1 @ chrome-extension://ihaelfjohnpciodjianpgchimpgifgjk/js/direct.js:324
[    3511ms] [LOG] [direct] Download button injected (player mini) @ chrome-extension://ihaelfjohnpciodjianpgchimpgifgjk/js/direct.js:306
[    3512ms] [LOG] [direct] deduped player to 1 @ chrome-extension://ihaelfjohnpciodjianpgchimpgifgjk/js/direct.js:324
[    3513ms] [LOG] [direct] Download button injected (player mini) @ chrome-extension://ihaelfjohnpciodjianpgchimpgifgjk/js/direct.js:306
[    3514ms] [LOG] [direct] deduped player to 1 @ chrome-extension://ihaelfjohnpciodjianpgchimpgifgjk/js/direct.js:324
[    3515ms] [LOG] [direct] Download button injected (player mini) @ chrome-extension://ihaelfjohnpciodjianpgchimpgifgjk/js/direct.js:306
[    3515ms] [LOG] [direct] deduped player to 1 @ chrome-extension://ihaelfjohnpciodjianpgchimpgifgjk/js/direct.js:324
[    3517ms] [LOG] [direct] Download button injected (player mini) @ chrome-extension://ihaelfjohnpciodjianpgchimpgifgjk/js/direct.js:306
[    3517ms] [LOG] [direct] deduped player to 1 @ chrome-extension://ihaelfjohnpciodjianpgchimpgifgjk/js/direct.js:324
[    3519ms] [LOG] [direct] Download button injected (player mini) @ chrome-extension://ihaelfjohnpciodjianpgchimpgifgjk/js/direct.js:306
[    3519ms] [LOG] [direct] deduped player to 1 @ chrome-extension://ihaelfjohnpciodjianpgchimpgifgjk/js/direct.js:324
[    3521ms] [LOG] [direct] Download button injected (player mini) @ chrome-extension://ihaelfjohnpciodjianpgchimpgifgjk/js/direct.js:306
[    3522ms] [LOG] [direct] deduped player to 1 @ chrome-extension://ihaelfjohnpciodjianpgchimpgifgjk/js/direct.js:324
[    3524ms] [LOG] [direct] Download button injected (player mini) @ chrome-extension://ihaelfjohnpciodjianpgchimpgifgjk/js/direct.js:306
[    3524ms] [LOG] [direct] deduped player to 1 @ chrome-extension://ihaelfjohnpciodjianpgchimpgifgjk/js/direct.js:324
[    3526ms] [LOG] [direct] Download button injected (player mini) @ chrome-extension://ihaelfjohnpciodjianpgchimpgifgjk/js/direct.js:306
[    3526ms] [LOG] [direct] deduped player to 1 @ chrome-extension://ihaelfjohnpciodjianpgchimpgifgjk/js/direct.js:324
[    3527ms] [LOG] [direct] Download button injected (player mini) @ chrome-extension://ihaelfjohnpciodjianpgchimpgifgjk/js/direct.js:306
[    3528ms] [LOG] [direct] deduped player to 1 @ chrome-extension://ihaelfjohnpciodjianpgchimpgifgjk/js/direct.js:324
[    3529ms] [LOG] [direct] Download button injected (player mini) @ chrome-extension://ihaelfjohnpciodjianpgchimpgifgjk/js/direct.js:306
[    3529ms] [LOG] [direct] deduped player to 1 @ chrome-extension://ihaelfjohnpciodjianpgchimpgifgjk/js/direct.js:324
[    3534ms] [LOG] [direct] Download button injected (player mini) @ chrome-extension://ihaelfjohnpciodjianpgchimpgifgjk/js/direct.js:306
[    3534ms] [LOG] [direct] deduped player to 1 @ chrome-extension://ihaelfjohnpciodjianpgchimpgifgjk/js/direct.js:324
[    3535ms] [LOG] [direct] Download button injected (player mini) @ chrome-extension://ihaelfjohnpciodjianpgchimpgifgjk/js/direct.js:306
[    3536ms] [LOG] [direct] deduped player to 1 @ chrome-extension://ihaelfjohnpciodjianpgchimpgifgjk/js/direct.js:324
[    3538ms] [LOG] [direct] Download button injected (player mini) @ chrome-extension://ihaelfjohnpciodjianpgchimpgifgjk/js/direct.js:306
[    3539ms] [LOG] [direct] deduped player to 1 @ chrome-extension://ihaelfjohnpciodjianpgchimpgifgjk/js/direct.js:324
[    3541ms] [LOG] [direct] Download button injected (player mini) @ chrome-extension://ihaelfjohnpciodjianpgchimpgifgjk/js/direct.js:306
[    3541ms] [LOG] [direct] deduped player to 1 @ chrome-extension://ihaelfjohnpciodjianpgchimpgifgjk/js/direct.js:324
[    3542ms] [LOG] [direct] Download button injected (player mini) @ chrome-extension://ihaelfjohnpciodjianpgchimpgifgjk/js/direct.js:306
[    3543ms] [LOG] [direct] deduped player to 1 @ chrome-extension://ihaelfjohnpciodjianpgchimpgifgjk/js/direct.js:324
[    3545ms] [LOG] [direct] Download button injected (player mini) @ chrome-extension://ihaelfjohnpciodjianpgchimpgifgjk/js/direct.js:306
[    3545ms] [LOG] [direct] deduped player to 1 @ chrome-extension://ihaelfjohnpciodjianpgchimpgifgjk/js/direct.js:324
[    3546ms] [LOG] [direct] Download button injected (player mini) @ chrome-extension://ihaelfjohnpciodjianpgchimpgifgjk/js/direct.js:306
[    3547ms] [LOG] [direct] deduped player to 1 @ chrome-extension://ihaelfjohnpciodjianpgchimpgifgjk/js/direct.js:324
[    3548ms] [LOG] [direct] Download button injected (player mini) @ chrome-extension://ihaelfjohnpciodjianpgchimpgifgjk/js/direct.js:306
[    3548ms] [LOG] [direct] deduped player to 1 @ chrome-extension://ihaelfjohnpciodjianpgchimpgifgjk/js/direct.js:324
[    3549ms] [LOG] [direct] Download button injected (player mini) @ chrome-extension://ihaelfjohnpciodjianpgchimpgifgjk/js/direct.js:306
[    3550ms] [LOG] [direct] deduped player to 1 @ chrome-extension://ihaelfjohnpciodjianpgchimpgifgjk/js/direct.js:324
[    3551ms] [LOG] [direct] Download button injected (player mini) @ chrome-extension://ihaelfjohnpciodjianpgchimpgifgjk/js/direct.js:306
[    3551ms] [LOG] [direct] deduped player to 1 @ chrome-extension://ihaelfjohnpciodjianpgchimpgifgjk/js/direct.js:324
[    3552ms] [LOG] [direct] Download button injected (player mini) @ chrome-extension://ihaelfjohnpciodjianpgchimpgifgjk/js/direct.js:306
[    3553ms] [LOG] [direct] deduped player to 1 @ chrome-extension://ihaelfjohnpciodjianpgchimpgifgjk/js/direct.js:324
[    3554ms] [LOG] [direct] Download button injected (player mini) @ chrome-extension://ihaelfjohnpciodjianpgchimpgifgjk/js/direct.js:306
[    3554ms] [LOG] [direct] deduped player to 1 @ chrome-extension://ihaelfjohnpciodjianpgchimpgifgjk/js/direct.js:324
[    3556ms] [LOG] [direct] Download button injected (player mini) @ chrome-extension://ihaelfjohnpciodjianpgchimpgifgjk/js/direct.js:306
[    3556ms] [LOG] [direct] deduped player to 1 @ chrome-extension://ihaelfjohnpciodjianpgchimpgifgjk/js/direct.js:324
[    3557ms] [LOG] [direct] Download button injected (player mini) @ chrome-extension://ihaelfjohnpciodjianpgchimpgifgjk/js/direct.js:306
[    3558ms] [LOG] [direct] deduped player to 1 @ chrome-extension://ihaelfjohnpciodjianpgchimpgifgjk/js/direct.js:324
[    3559ms] [LOG] [direct] Download button injected (player mini) @ chrome-extension://ihaelfjohnpciodjianpgchimpgifgjk/js/direct.js:306
[    3560ms] [LOG] [direct] deduped player to 1 @ chrome-extension://ihaelfjohnpciodjianpgchimpgifgjk/js/direct.js:324
[    3561ms] [LOG] [direct] Download button injected (player mini) @ chrome-extension://ihaelfjohnpciodjianpgchimpgifgjk/js/direct.js:306
[    3561ms] [LOG] [direct] deduped player to 1 @ chrome-extension://ihaelfjohnpciodjianpgchimpgifgjk/js/direct.js:324
[    3562ms] [LOG] [direct] Download button injected (player mini) @ chrome-extension://ihaelfjohnpciodjianpgchimpgifgjk/js/direct.js:306
[    3563ms] [LOG] [direct] deduped player to 1 @ chrome-extension://ihaelfjohnpciodjianpgchimpgifgjk/js/direct.js:324
[    3564ms] [LOG] [direct] Download button injected (player mini) @ chrome-extension://ihaelfjohnpciodjianpgchimpgifgjk/js/direct.js:306
[    3564ms] [LOG] [direct] deduped player to 1 @ chrome-extension://ihaelfjohnpciodjianpgchimpgifgjk/js/direct.js:324
[    3565ms] [LOG] [direct] Download button injected (player mini) @ chrome-extension://ihaelfjohnpciodjianpgchimpgifgjk/js/direct.js:306
[    3565ms] [LOG] [direct] deduped player to 1 @ chrome-extension://ihaelfjohnpciodjianpgchimpgifgjk/js/direct.js:324
[    3566ms] [LOG] [direct] Download button injected (player mini) @ chrome-extension://ihaelfjohnpciodjianpgchimpgifgjk/js/direct.js:306
[    3566ms] [LOG] [direct] deduped player to 1 @ chrome-extension://ihaelfjohnpciodjianpgchimpgifgjk/js/direct.js:324
[    3567ms] [LOG] [direct] Download button injected (player mini) @ chrome-extension://ihaelfjohnpciodjianpgchimpgifgjk/js/direct.js:306
[    3568ms] [LOG] [direct] deduped player to 1 @ chrome-extension://ihaelfjohnpciodjianpgchimpgifgjk/js/direct.js:324
[    3569ms] [LOG] [direct] Download button injected (player mini) @ chrome-extension://ihaelfjohnpciodjianpgchimpgifgjk/js/direct.js:306
[    3569ms] [LOG] [direct] deduped player to 1 @ chrome-extension://ihaelfjohnpciodjianpgchimpgifgjk/js/direct.js:324
[    3570ms] [LOG] [direct] Download button injected (player mini) @ chrome-extension://ihaelfjohnpciodjianpgchimpgifgjk/js/direct.js:306
[    3571ms] [LOG] [direct] deduped player to 1 @ chrome-extension://ihaelfjohnpciodjianpgchimpgifgjk/js/direct.js:324
[    3572ms] [LOG] [direct] Download button injected (player mini) @ chrome-extension://ihaelfjohnpciodjianpgchimpgifgjk/js/direct.js:306
[    3572ms] [LOG] [direct] deduped player to 1 @ chrome-extension://ihaelfjohnpciodjianpgchimpgifgjk/js/direct.js:324
[    3574ms] [LOG] [direct] Download button injected (player mini) @ chrome-extension://ihaelfjohnpciodjianpgchimpgifgjk/js/direct.js:306
[    3574ms] [LOG] [direct] deduped player to 1 @ chrome-extension://ihaelfjohnpciodjianpgchimpgifgjk/js/direct.js:324
[    3575ms] [LOG] [direct] Download button injected (player mini) @ chrome-extension://ihaelfjohnpciodjianpgchimpgifgjk/js/direct.js:306
[    3576ms] [LOG] [direct] deduped player to 1 @ chrome-extension://ihaelfjohnpciodjianpgchimpgifgjk/js/direct.js:324
[    3577ms] [LOG] [direct] Download button injected (player mini) @ chrome-extension://ihaelfjohnpciodjianpgchimpgifgjk/js/direct.js:306
[    3577ms] [LOG] [direct] deduped player to 1 @ chrome-extension://ihaelfjohnpciodjianpgchimpgifgjk/js/direct.js:324
[    3578ms] [LOG] [direct] Download button injected (player mini) @ chrome-extension://ihaelfjohnpciodjianpgchimpgifgjk/js/direct.js:306
[    3579ms] [LOG] [direct] deduped player to 1 @ chrome-extension://ihaelfjohnpciodjianpgchimpgifgjk/js/direct.js:324
[    3580ms] [LOG] [direct] Download button injected (player mini) @ chrome-extension://ihaelfjohnpciodjianpgchimpgifgjk/js/direct.js:306
[    3581ms] [LOG] [direct] deduped player to 1 @ chrome-extension://ihaelfjohnpciodjianpgchimpgifgjk/js/direct.js:324
[    3582ms] [LOG] [direct] Download button injected (player mini) @ chrome-extension://ihaelfjohnpciodjianpgchimpgifgjk/js/direct.js:306
[    3582ms] [LOG] [direct] deduped player to 1 @ chrome-extension://ihaelfjohnpciodjianpgchimpgifgjk/js/direct.js:324
[    3583ms] [LOG] [direct] Download button injected (player mini) @ chrome-extension://ihaelfjohnpciodjianpgchimpgifgjk/js/direct.js:306
[    3583ms] [LOG] [direct] deduped player to 1 @ chrome-extension://ihaelfjohnpciodjianpgchimpgifgjk/js/direct.js:324
[    3584ms] [LOG] [direct] Download button injected (player mini) @ chrome-extension://ihaelfjohnpciodjianpgchimpgifgjk/js/direct.js:306
[    3585ms] [LOG] [direct] deduped player to 1 @ chrome-extension://ihaelfjohnpciodjianpgchimpgifgjk/js/direct.js:324
[    3586ms] [LOG] [direct] Download button injected (player mini) @ chrome-extension://ihaelfjohnpciodjianpgchimpgifgjk/js/direct.js:306
[    3587ms] [LOG] [direct] deduped player to 1 @ chrome-extension://ihaelfjohnpciodjianpgchimpgifgjk/js/direct.js:324
[    3588ms] [LOG] [direct] Download button injected (player mini) @ chrome-extension://ihaelfjohnpciodjianpgchimpgifgjk/js/direct.js:306
[    3589ms] [LOG] [direct] deduped player to 1 @ chrome-extension://ihaelfjohnpciodjianpgchimpgifgjk/js/direct.js:324
[    3590ms] [LOG] [direct] Download button injected (player mini) @ chrome-extension://ihaelfjohnpciodjianpgchimpgifgjk/js/direct.js:306
[    3590ms] [LOG] [direct] deduped player to 1 @ chrome-extension://ihaelfjohnpciodjianpgchimpgifgjk/js/direct.js:324
[    3591ms] [LOG] [direct] Download button injected (player mini) @ chrome-extension://ihaelfjohnpciodjianpgchimpgifgjk/js/direct.js:306
[    3591ms] [LOG] [direct] deduped player to 1 @ chrome-extension://ihaelfjohnpciodjianpgchimpgifgjk/js/direct.js:324
[    3592ms] [LOG] [direct] Download button injected (player mini) @ chrome-extension://ihaelfjohnpciodjianpgchimpgifgjk/js/direct.js:306
[    3593ms] [LOG] [direct] deduped player to 1 @ chrome-extension://ihaelfjohnpciodjianpgchimpgifgjk/js/direct.js:324
[    3594ms] [LOG] [direct] Download button injected (player mini) @ chrome-extension://ihaelfjohnpciodjianpgchimpgifgjk/js/direct.js:306
[    3594ms] [LOG] [direct] deduped player to 1 @ chrome-extension://ihaelfjohnpciodjianpgchimpgifgjk/js/direct.js:324
[    3595ms] [LOG] [direct] Download button injected (player mini) @ chrome-extension://ihaelfjohnpciodjianpgchimpgifgjk/js/direct.js:306
[    3595ms] [LOG] [direct] deduped player to 1 @ chrome-extension://ihaelfjohnpciodjianpgchimpgifgjk/js/direct.js:324
[    3596ms] [LOG] [direct] Download button injected (player mini) @ chrome-extension://ihaelfjohnpciodjianpgchimpgifgjk/js/direct.js:306
[    3597ms] [LOG] [direct] deduped player to 1 @ chrome-extension://ihaelfjohnpciodjianpgchimpgifgjk/js/direct.js:324
[    3598ms] [LOG] [direct] Download button injected (player mini) @ chrome-extension://ihaelfjohnpciodjianpgchimpgifgjk/js/direct.js:306
[    3598ms] [LOG] [direct] deduped player to 1 @ chrome-extension://ihaelfjohnpciodjianpgchimpgifgjk/js/direct.js:324
[    3599ms] [LOG] [direct] Download button injected (player mini) @ chrome-extension://ihaelfjohnpciodjianpgchimpgifgjk/js/direct.js:306
[    3600ms] [LOG] [direct] deduped player to 1 @ chrome-extension://ihaelfjohnpciodjianpgchimpgifgjk/js/direct.js:324
[    3601ms] [LOG] [direct] Download button injected (player mini) @ chrome-extension://ihaelfjohnpciodjianpgchimpgifgjk/js/direct.js:306
[    3601ms] [LOG] [direct] deduped player to 1 @ chrome-extension://ihaelfjohnpciodjianpgchimpgifgjk/js/direct.js:324
[    3602ms] [LOG] [direct] Download button injected (player mini) @ chrome-extension://ihaelfjohnpciodjianpgchimpgifgjk/js/direct.js:306
[    3603ms] [LOG] [direct] deduped player to 1 @ chrome-extension://ihaelfjohnpciodjianpgchimpgifgjk/js/direct.js:324
[    3604ms] [LOG] [direct] Download button injected (player mini) @ chrome-extension://ihaelfjohnpciodjianpgchimpgifgjk/js/direct.js:306
[    3604ms] [LOG] [direct] deduped player to 1 @ chrome-extension://ihaelfjohnpciodjianpgchimpgifgjk/js/direct.js:324
[    3605ms] [LOG] [direct] Download button injected (player mini) @ chrome-extension://ihaelfjohnpciodjianpgchimpgifgjk/js/direct.js:306
[    3606ms] [LOG] [direct] deduped player to 1 @ chrome-extension://ihaelfjohnpciodjianpgchimpgifgjk/js/direct.js:324
[    3607ms] [LOG] [direct] Download button injected (player mini) @ chrome-extension://ihaelfjohnpciodjianpgchimpgifgjk/js/direct.js:306
[    3607ms] [LOG] [direct] deduped player to 1 @ chrome-extension://ihaelfjohnpciodjianpgchimpgifgjk/js/direct.js:324
[    3608ms] [LOG] [direct] Download button injected (player mini) @ chrome-extension://ihaelfjohnpciodjianpgchimpgifgjk/js/direct.js:306
[    3609ms] [LOG] [direct] deduped player to 1 @ chrome-extension://ihaelfjohnpciodjianpgchimpgifgjk/js/direct.js:324
[    3610ms] [LOG] [direct] Download button injected (player mini) @ chrome-extension://ihaelfjohnpciodjianpgchimpgifgjk/js/direct.js:306
[    3610ms] [LOG] [direct] deduped player to 1 @ chrome-extension://ihaelfjohnpciodjianpgchimpgifgjk/js/direct.js:324
[    3611ms] [LOG] [direct] Download button injected (player mini) @ chrome-extension://ihaelfjohnpciodjianpgchimpgifgjk/js/direct.js:306
[    3612ms] [LOG] [direct] deduped player to 1 @ chrome-extension://ihaelfjohnpciodjianpgchimpgifgjk/js/direct.js:324
[    3613ms] [LOG] [direct] Download button injected (player mini) @ chrome-extension://ihaelfjohnpciodjianpgchimpgifgjk/js/direct.js:306
[    3613ms] [LOG] [direct] deduped player to 1 @ chrome-extension://ihaelfjohnpciodjianpgchimpgifgjk/js/direct.js:324
[    3614ms] [LOG] [direct] Download button injected (player mini) @ chrome-extension://ihaelfjohnpciodjianpgchimpgifgjk/js/direct.js:306
[    3614ms] [LOG] [direct] deduped player to 1 @ chrome-extension://ihaelfjohnpciodjianpgchimpgifgjk/js/direct.js:324
[    3615ms] [LOG] [direct] Download button injected (player mini) @ chrome-extension://ihaelfjohnpciodjianpgchimpgifgjk/js/direct.js:306
[    3615ms] [LOG] [direct] deduped player to 1 @ chrome-extension://ihaelfjohnpciodjianpgchimpgifgjk/js/direct.js:324
[    3616ms] [LOG] [direct] Download button injected (player mini) @ chrome-extension://ihaelfjohnpciodjianpgchimpgifgjk/js/direct.js:306
[    3616ms] [LOG] [direct] deduped player to 1 @ chrome-extension://ihaelfjohnpciodjianpgchimpgifgjk/js/direct.js:324
[    3617ms] [LOG] [direct] Download button injected (player mini) @ chrome-extension://ihaelfjohnpciodjianpgchimpgifgjk/js/direct.js:306
[    3618ms] [LOG] [direct] deduped player to 1 @ chrome-extension://ihaelfjohnpciodjianpgchimpgifgjk/js/direct.js:324
[    3619ms] [LOG] [direct] Download button injected (player mini) @ chrome-extension://ihaelfjohnpciodjianpgchimpgifgjk/js/direct.js:306
[    3619ms] [LOG] [direct] deduped player to 1 @ chrome-extension://ihaelfjohnpciodjianpgchimpgifgjk/js/direct.js:324
[    3620ms] [LOG] [direct] Download button injected (player mini) @ chrome-extension://ihaelfjohnpciodjianpgchimpgifgjk/js/direct.js:306
[    3620ms] [LOG] [direct] deduped player to 1 @ chrome-extension://ihaelfjohnpciodjianpgchimpgifgjk/js/direct.js:324
[    3621ms] [LOG] [direct] Download button injected (player mini) @ chrome-extension://ihaelfjohnpciodjianpgchimpgifgjk/js/direct.js:306
[    3622ms] [LOG] [direct] deduped player to 1 @ chrome-extension://ihaelfjohnpciodjianpgchimpgifgjk/js/direct.js:324
[    3622ms] [LOG] [direct] Download button injected (player mini) @ chrome-extension://ihaelfjohnpciodjianpgchimpgifgjk/js/direct.js:306
[    3623ms] [LOG] [direct] deduped player to 1 @ chrome-extension://ihaelfjohnpciodjianpgchimpgifgjk/js/direct.js:324
[    3624ms] [LOG] [direct] Download button injected (player mini) @ chrome-extension://ihaelfjohnpciodjianpgchimpgifgjk/js/direct.js:306
[    3624ms] [LOG] [direct] deduped player to 1 @ chrome-extension://ihaelfjohnpciodjianpgchimpgifgjk/js/direct.js:324
[    3625ms] [LOG] [direct] Download button injected (player mini) @ chrome-extension://ihaelfjohnpciodjianpgchimpgifgjk/js/direct.js:306
[    3625ms] [LOG] [direct] deduped player to 1 @ chrome-extension://ihaelfjohnpciodjianpgchimpgifgjk/js/direct.js:324
[    3626ms] [LOG] [direct] Download button injected (player mini) @ chrome-extension://ihaelfjohnpciodjianpgchimpgifgjk/js/direct.js:306
[    3626ms] [LOG] [direct] deduped player to 1 @ chrome-extension://ihaelfjohnpciodjianpgchimpgifgjk/js/direct.js:324
[    3627ms] [LOG] [direct] Download button injected (player mini) @ chrome-extension://ihaelfjohnpciodjianpgchimpgifgjk/js/direct.js:306
[    3627ms] [LOG] [direct] deduped player to 1 @ chrome-extension://ihaelfjohnpciodjianpgchimpgifgjk/js/direct.js:324
[    3628ms] [LOG] [direct] Download button injected (player mini) @ chrome-extension://ihaelfjohnpciodjianpgchimpgifgjk/js/direct.js:306
[    3629ms] [LOG] [direct] deduped player to 1 @ chrome-extension://ihaelfjohnpciodjianpgchimpgifgjk/js/direct.js:324
[    3629ms] [LOG] [direct] Download button injected (player mini) @ chrome-extension://ihaelfjohnpciodjianpgchimpgifgjk/js/direct.js:306
[    3630ms] [LOG] [direct] deduped player to 1 @ chrome-extension://ihaelfjohnpciodjianpgchimpgifgjk/js/direct.js:324
[    3630ms] [LOG] [direct] Download button injected (player mini) @ chrome-extension://ihaelfjohnpciodjianpgchimpgifgjk/js/direct.js:306
[    3631ms] [LOG] [direct] deduped player to 1 @ chrome-extension://ihaelfjohnpciodjianpgchimpgifgjk/js/direct.js:324
[    3632ms] [LOG] [direct] Download button injected (player mini) @ chrome-extension://ihaelfjohnpciodjianpgchimpgifgjk/js/direct.js:306
[    3632ms] [LOG] [direct] deduped player to 1 @ chrome-extension://ihaelfjohnpciodjianpgchimpgifgjk/js/direct.js:324
[    3633ms] [LOG] [direct] Download button injected (player mini) @ chrome-extension://ihaelfjohnpciodjianpgchimpgifgjk/js/direct.js:306
[    3633ms] [LOG] [direct] deduped player to 1 @ chrome-extension://ihaelfjohnpciodjianpgchimpgifgjk/js/direct.js:324
[    3634ms] [LOG] [direct] Download button injected (player mini) @ chrome-extension://ihaelfjohnpciodjianpgchimpgifgjk/js/direct.js:306
[    3634ms] [LOG] [direct] deduped player to 1 @ chrome-extension://ihaelfjohnpciodjianpgchimpgifgjk/js/direct.js:324
[    3635ms] [LOG] [direct] Download button injected (player mini) @ chrome-extension://ihaelfjohnpciodjianpgchimpgifgjk/js/direct.js:306
[    3636ms] [LOG] [direct] deduped player to 1 @ chrome-extension://ihaelfjohnpciodjianpgchimpgifgjk/js/direct.js:324
[    3637ms] [LOG] [direct] Download button injected (player mini) @ chrome-extension://ihaelfjohnpciodjianpgchimpgifgjk/js/direct.js:306
[    3637ms] [LOG] [direct] deduped player to 1 @ chrome-extension://ihaelfjohnpciodjianpgchimpgifgjk/js/direct.js:324
[    3638ms] [LOG] [direct] Download button injected (player mini) @ chrome-extension://ihaelfjohnpciodjianpgchimpgifgjk/js/direct.js:306
[    3638ms] [LOG] [direct] deduped player to 1 @ chrome-extension://ihaelfjohnpciodjianpgchimpgifgjk/js/direct.js:324
[    3639ms] [LOG] [direct] Download button injected (player mini) @ chrome-extension://ihaelfjohnpciodjianpgchimpgifgjk/js/direct.js:306
[    3639ms] [LOG] [direct] deduped player to 1 @ chrome-extension://ihaelfjohnpciodjianpgchimpgifgjk/js/direct.js:324
[    3640ms] [LOG] [direct] Download button injected (player mini) @ chrome-extension://ihaelfjohnpciodjianpgchimpgifgjk/js/direct.js:306
[    3641ms] [LOG] [direct] deduped player to 1 @ chrome-extension://ihaelfjohnpciodjianpgchimpgifgjk/js/direct.js:324
[    3642ms] [LOG] [direct] Download button injected (player mini) @ chrome-extension://ihaelfjohnpciodjianpgchimpgifgjk/js/direct.js:306
[    3643ms] [LOG] [direct] deduped player to 1 @ chrome-extension://ihaelfjohnpciodjianpgchimpgifgjk/js/direct.js:324
[    3644ms] [LOG] [direct] Download button injected (player mini) @ chrome-extension://ihaelfjohnpciodjianpgchimpgifgjk/js/direct.js:306
[    3645ms] [LOG] [direct] deduped player to 1 @ chrome-extension://ihaelfjohnpciodjianpgchimpgifgjk/js/direct.js:324
[    3646ms] [LOG] [direct] Download button injected (player mini) @ chrome-extension://ihaelfjohnpciodjianpgchimpgifgjk/js/direct.js:306
[    3646ms] [LOG] [direct] deduped player to 1 @ chrome-extension://ihaelfjohnpciodjianpgchimpgifgjk/js/direct.js:324
[    3647ms] [LOG] [direct] Download button injected (player mini) @ chrome-extension://ihaelfjohnpciodjianpgchimpgifgjk/js/direct.js:306
[    3647ms] [LOG] [direct] deduped player to 1 @ chrome-extension://ihaelfjohnpciodjianpgchimpgifgjk/js/direct.js:324
[    3648ms] [LOG] [direct] Download button injected (player mini) @ chrome-extension://ihaelfjohnpciodjianpgchimpgifgjk/js/direct.js:306
[    3649ms] [LOG] [direct] deduped player to 1 @ chrome-extension://ihaelfjohnpciodjianpgchimpgifgjk/js/direct.js:324
[    3650ms] [LOG] [direct] Download button injected (player mini) @ chrome-extension://ihaelfjohnpciodjianpgchimpgifgjk/js/direct.js:306
[    3650ms] [LOG] [direct] deduped player to 1 @ chrome-extension://ihaelfjohnpciodjianpgchimpgifgjk/js/direct.js:324
[    3651ms] [LOG] [direct] Download button injected (player mini) @ chrome-extension://ihaelfjohnpciodjianpgchimpgifgjk/js/direct.js:306
[    3651ms] [LOG] [direct] deduped player to 1 @ chrome-extension://ihaelfjohnpciodjianpgchimpgifgjk/js/direct.js:324
[    3652ms] [LOG] [direct] Download button injected (player mini) @ chrome-extension://ihaelfjohnpciodjianpgchimpgifgjk/js/direct.js:306
[    3652ms] [LOG] [direct] deduped player to 1 @ chrome-extension://ihaelfjohnpciodjianpgchimpgifgjk/js/direct.js:324
[    3653ms] [LOG] [direct] Download button injected (player mini) @ chrome-extension://ihaelfjohnpciodjianpgchimpgifgjk/js/direct.js:306
[    3653ms] [LOG] [direct] deduped player to 1 @ chrome-extension://ihaelfjohnpciodjianpgchimpgifgjk/js/direct.js:324
[    3654ms] [LOG] [direct] Download button injected (player mini) @ chrome-extension://ihaelfjohnpciodjianpgchimpgifgjk/js/direct.js:306
[    3654ms] [LOG] [direct] deduped player to 1 @ chrome-extension://ihaelfjohnpciodjianpgchimpgifgjk/js/direct.js:324
[    3655ms] [LOG] [direct] Download button injected (player mini) @ chrome-extension://ihaelfjohnpciodjianpgchimpgifgjk/js/direct.js:306
[    3656ms] [LOG] [direct] deduped player to 1 @ chrome-extension://ihaelfjohnpciodjianpgchimpgifgjk/js/direct.js:324
[    3656ms] [LOG] [direct] Download button injected (player mini) @ chrome-extension://ihaelfjohnpciodjianpgchimpgifgjk/js/direct.js:306
[    3657ms] [LOG] [direct] deduped player to 1 @ chrome-extension://ihaelfjohnpciodjianpgchimpgifgjk/js/direct.js:324
[    3657ms] [LOG] [direct] Download button injected (player mini) @ chrome-extension://ihaelfjohnpciodjianpgchimpgifgjk/js/direct.js:306
[    3658ms] [LOG] [direct] deduped player to 1 @ chrome-extension://ihaelfjohnpciodjianpgchimpgifgjk/js/direct.js:324
[    3659ms] [LOG] [direct] Download button injected (player mini) @ chrome-extension://ihaelfjohnpciodjianpgchimpgifgjk/js/direct.js:306
[    3659ms] [LOG] [direct] deduped player to 1 @ chrome-extension://ihaelfjohnpciodjianpgchimpgifgjk/js/direct.js:324
[    3660ms] [LOG] [direct] Download button injected (player mini) @ chrome-extension://ihaelfjohnpciodjianpgchimpgifgjk/js/direct.js:306
[    3661ms] [LOG] [direct] deduped player to 1 @ chrome-extension://ihaelfjohnpciodjianpgchimpgifgjk/js/direct.js:324
[    3662ms] [LOG] [direct] Download button injected (player mini) @ chrome-extension://ihaelfjohnpciodjianpgchimpgifgjk/js/direct.js:306
[    3662ms] [LOG] [direct] deduped player to 1 @ chrome-extension://ihaelfjohnpciodjianpgchimpgifgjk/js/direct.js:324
[    3663ms] [LOG] [direct] Download button injected (player mini) @ chrome-extension://ihaelfjohnpciodjianpgchimpgifgjk/js/direct.js:306
[    3663ms] [LOG] [direct] deduped player to 1 @ chrome-extension://ihaelfjohnpciodjianpgchimpgifgjk/js/direct.js:324
[    3664ms] [LOG] [direct] Download button injected (player mini) @ chrome-extension://ihaelfjohnpciodjianpgchimpgifgjk/js/direct.js:306
[    3664ms] [LOG] [direct] deduped player to 1 @ chrome-extension://ihaelfjohnpciodjianpgchimpgifgjk/js/direct.js:324
[    3665ms] [LOG] [direct] Download button injected (player mini) @ chrome-extension://ihaelfjohnpciodjianpgchimpgifgjk/js/direct.js:306
[    3665ms] [LOG] [direct] deduped player to 1 @ chrome-extension://ihaelfjohnpciodjianpgchimpgifgjk/js/direct.js:324
[    3666ms] [LOG] [direct] Download button injected (player mini) @ chrome-extension://ihaelfjohnpciodjianpgchimpgifgjk/js/direct.js:306
[    3667ms] [LOG] [direct] deduped player to 1 @ chrome-extension://ihaelfjohnpciodjianpgchimpgifgjk/js/direct.js:324
[    3668ms] [LOG] [direct] Download button injected (player mini) @ chrome-extension://ihaelfjohnpciodjianpgchimpgifgjk/js/direct.js:306
[    3668ms] [LOG] [direct] deduped player to 1 @ chrome-extension://ihaelfjohnpciodjianpgchimpgifgjk/js/direct.js:324
[    3669ms] [LOG] [direct] Download button injected (player mini) @ chrome-extension://ihaelfjohnpciodjianpgchimpgifgjk/js/direct.js:306
[    3669ms] [LOG] [direct] deduped player to 1 @ chrome-extension://ihaelfjohnpciodjianpgchimpgifgjk/js/direct.js:324
[    3670ms] [LOG] [direct] Download button injected (player mini) @ chrome-extension://ihaelfjohnpciodjianpgchimpgifgjk/js/direct.js:306
[    3671ms] [LOG] [direct] deduped player to 1 @ chrome-extension://ihaelfjohnpciodjianpgchimpgifgjk/js/direct.js:324
[    3671ms] [LOG] [direct] Download button injected (player mini) @ chrome-extension://ihaelfjohnpciodjianpgchimpgifgjk/js/direct.js:306
[    3672ms] [LOG] [direct] deduped player to 1 @ chrome-extension://ihaelfjohnpciodjianpgchimpgifgjk/js/direct.js:324
[    3672ms] [LOG] [direct] Download button injected (player mini) @ chrome-extension://ihaelfjohnpciodjianpgchimpgifgjk/js/direct.js:306
[    3673ms] [LOG] [direct] deduped player to 1 @ chrome-extension://ihaelfjohnpciodjianpgchimpgifgjk/js/direct.js:324
[    3674ms] [LOG] [direct] Download button injected (player mini) @ chrome-extension://ihaelfjohnpciodjianpgchimpgifgjk/js/direct.js:306
[    3674ms] [LOG] [direct] deduped player to 1 @ chrome-extension://ihaelfjohnpciodjianpgchimpgifgjk/js/direct.js:324
[    3675ms] [LOG] [direct] Download button injected (player mini) @ chrome-extension://ihaelfjohnpciodjianpgchimpgifgjk/js/direct.js:306
[    3675ms] [LOG] [direct] deduped player to 1 @ chrome-extension://ihaelfjohnpciodjianpgchimpgifgjk/js/direct.js:324
[    3677ms] [LOG] [direct] Download button injected (player mini) @ chrome-extension://ihaelfjohnpciodjianpgchimpgifgjk/js/direct.js:306
[    3677ms] [LOG] [direct] deduped player to 1 @ chrome-extension://ihaelfjohnpciodjianpgchimpgifgjk/js/direct.js:324
[    3678ms] [LOG] [direct] Download button injected (player mini) @ chrome-extension://ihaelfjohnpciodjianpgchimpgifgjk/js/direct.js:306
[    3678ms] [LOG] [direct] deduped player to 1 @ chrome-extension://ihaelfjohnpciodjianpgchimpgifgjk/js/direct.js:324
[    3679ms] [LOG] [direct] Download button injected (player mini) @ chrome-extension://ihaelfjohnpciodjianpgchimpgifgjk/js/direct.js:306
[    3680ms] [LOG] [direct] deduped player to 1 @ chrome-extension://ihaelfjohnpciodjianpgchimpgifgjk/js/direct.js:324
[    3681ms] [LOG] [direct] Download button injected (player mini) @ chrome-extension://ihaelfjohnpciodjianpgchimpgifgjk/js/direct.js:306
[    3681ms] [LOG] [direct] deduped player to 1 @ chrome-extension://ihaelfjohnpciodjianpgchimpgifgjk/js/direct.js:324
[    3682ms] [LOG] [direct] Download button injected (player mini) @ chrome-extension://ihaelfjohnpciodjianpgchimpgifgjk/js/direct.js:306
[    3682ms] [LOG] [direct] deduped player to 1 @ chrome-extension://ihaelfjohnpciodjianpgchimpgifgjk/js/direct.js:324
[    3683ms] [LOG] [direct] Download button injected (player mini) @ chrome-extension://ihaelfjohnpciodjianpgchimpgifgjk/js/direct.js:306
[    3683ms] [LOG] [direct] deduped player to 1 @ chrome-extension://ihaelfjohnpciodjianpgchimpgifgjk/js/direct.js:324
[    3684ms] [LOG] [direct] Download button injected (player mini) @ chrome-extension://ihaelfjohnpciodjianpgchimpgifgjk/js/direct.js:306
[    3684ms] [LOG] [direct] deduped player to 1 @ chrome-extension://ihaelfjohnpciodjianpgchimpgifgjk/js/direct.js:324
[    3685ms] [LOG] [direct] Download button injected (player mini) @ chrome-extension://ihaelfjohnpciodjianpgchimpgifgjk/js/direct.js:306
[    3686ms] [LOG] [direct] deduped player to 1 @ chrome-extension://ihaelfjohnpciodjianpgchimpgifgjk/js/direct.js:324
[    3686ms] [LOG] [direct] Download button injected (player mini) @ chrome-extension://ihaelfjohnpciodjianpgchimpgifgjk/js/direct.js:306
[    3687ms] [LOG] [direct] deduped player to 1 @ chrome-extension://ihaelfjohnpciodjianpgchimpgifgjk/js/direct.js:324
[    3687ms] [LOG] [direct] Download button injected (player mini) @ chrome-extension://ihaelfjohnpciodjianpgchimpgifgjk/js/direct.js:306
[    3687ms] [LOG] [direct] deduped player to 1 @ chrome-extension://ihaelfjohnpciodjianpgchimpgifgjk/js/direct.js:324
[    3688ms] [LOG] [direct] Download button injected (player mini) @ chrome-extension://ihaelfjohnpciodjianpgchimpgifgjk/js/direct.js:306
[    3689ms] [LOG] [direct] deduped player to 1 @ chrome-extension://ihaelfjohnpciodjianpgchimpgifgjk/js/direct.js:324
[    3689ms] [LOG] [direct] Download button injected (player mini) @ chrome-extension://ihaelfjohnpciodjianpgchimpgifgjk/js/direct.js:306
[    3690ms] [LOG] [direct] deduped player to 1 @ chrome-extension://ihaelfjohnpciodjianpgchimpgifgjk/js/direct.js:324
[    3691ms] [LOG] [direct] Download button injected (player mini) @ chrome-extension://ihaelfjohnpciodjianpgchimpgifgjk/js/direct.js:306
[    3691ms] [LOG] [direct] deduped player to 1 @ chrome-extension://ihaelfjohnpciodjianpgchimpgifgjk/js/direct.js:324
[    3693ms] [LOG] [direct] Download button injected (player mini) @ chrome-extension://ihaelfjohnpciodjianpgchimpgifgjk/js/direct.js:306
[    3693ms] [LOG] [direct] deduped player to 1 @ chrome-extension://ihaelfjohnpciodjianpgchimpgifgjk/js/direct.js:324
[    3694ms] [LOG] [direct] Download button injected (player mini) @ chrome-extension://ihaelfjohnpciodjianpgchimpgifgjk/js/direct.js:306
[    3694ms] [LOG] [direct] deduped player to 1 @ chrome-extension://ihaelfjohnpciodjianpgchimpgifgjk/js/direct.js:324
[    3695ms] [LOG] [direct] Download button injected (player mini) @ chrome-extension://ihaelfjohnpciodjianpgchimpgifgjk/js/direct.js:306
[    3695ms] [LOG] [direct] deduped player to 1 @ chrome-extension://ihaelfjohnpciodjianpgchimpgifgjk/js/direct.js:324
[    3696ms] [LOG] [direct] Download button injected (player mini) @ chrome-extension://ihaelfjohnpciodjianpgchimpgifgjk/js/direct.js:306
[    3696ms] [LOG] [direct] deduped player to 1 @ chrome-extension://ihaelfjohnpciodjianpgchimpgifgjk/js/direct.js:324
[    3697ms] [LOG] [direct] Download button injected (player mini) @ chrome-extension://ihaelfjohnpciodjianpgchimpgifgjk/js/direct.js:306
[    3698ms] [LOG] [direct] deduped player to 1 @ chrome-extension://ihaelfjohnpciodjianpgchimpgifgjk/js/direct.js:324
[    3699ms] [LOG] [direct] Download button injected (player mini) @ chrome-extension://ihaelfjohnpciodjianpgchimpgifgjk/js/direct.js:306
[    3699ms] [LOG] [direct] deduped player to 1 @ chrome-extension://ihaelfjohnpciodjianpgchimpgifgjk/js/direct.js:324
[    3699ms] [LOG] [direct] Download button injected (player mini) @ chrome-extension://ihaelfjohnpciodjianpgchimpgifgjk/js/direct.js:306
[    3700ms] [LOG] [direct] deduped player to 1 @ chrome-extension://ihaelfjohnpciodjianpgchimpgifgjk/js/direct.js:324
[    3700ms] [LOG] [direct] Download button injected (player mini) @ chrome-extension://ihaelfjohnpciodjianpgchimpgifgjk/js/direct.js:306
[    3701ms] [LOG] [direct] deduped player to 1 @ chrome-extension://ihaelfjohnpciodjianpgchimpgifgjk/js/direct.js:324
[    3701ms] [LOG] [direct] Download button injected (player mini) @ chrome-extension://ihaelfjohnpciodjianpgchimpgifgjk/js/direct.js:306
[    3702ms] [LOG] [direct] deduped player to 1 @ chrome-extension://ihaelfjohnpciodjianpgchimpgifgjk/js/direct.js:324
[    3703ms] [LOG] [direct] Download button injected (player mini) @ chrome-extension://ihaelfjohnpciodjianpgchimpgifgjk/js/direct.js:306
[    3703ms] [LOG] [direct] deduped player to 1 @ chrome-extension://ihaelfjohnpciodjianpgchimpgifgjk/js/direct.js:324
[    3704ms] [LOG] [direct] Download button injected (player mini) @ chrome-extension://ihaelfjohnpciodjianpgchimpgifgjk/js/direct.js:306
[    3704ms] [LOG] [direct] deduped player to 1 @ chrome-extension://ihaelfjohnpciodjianpgchimpgifgjk/js/direct.js:324
[    3705ms] [LOG] [direct] Download button injected (player mini) @ chrome-extension://ihaelfjohnpciodjianpgchimpgifgjk/js/direct.js:306
[    3705ms] [LOG] [direct] deduped player to 1 @ chrome-extension://ihaelfjohnpciodjianpgchimpgifgjk/js/direct.js:324
[    3706ms] [LOG] [direct] Download button injected (player mini) @ chrome-extension://ihaelfjohnpciodjianpgchimpgifgjk/js/direct.js:306
[    3707ms] [LOG] [direct] deduped player to 1 @ chrome-extension://ihaelfjohnpciodjianpgchimpgifgjk/js/direct.js:324
[    3708ms] [LOG] [direct] Download button injected (player mini) @ chrome-extension://ihaelfjohnpciodjianpgchimpgifgjk/js/direct.js:306
[    3708ms] [LOG] [direct] deduped player to 1 @ chrome-extension://ihaelfjohnpciodjianpgchimpgifgjk/js/direct.js:324
[    3709ms] [LOG] [direct] Download button injected (player mini) @ chrome-extension://ihaelfjohnpciodjianpgchimpgifgjk/js/direct.js:306
[    3709ms] [LOG] [direct] deduped player to 1 @ chrome-extension://ihaelfjohnpciodjianpgchimpgifgjk/js/direct.js:324
[    3710ms] [LOG] [direct] Download button injected (player mini) @ chrome-extension://ihaelfjohnpciodjianpgchimpgifgjk/js/direct.js:306
[    3711ms] [LOG] [direct] deduped player to 1 @ chrome-extension://ihaelfjohnpciodjianpgchimpgifgjk/js/direct.js:324
[    3712ms] [LOG] [direct] Download button injected (player mini) @ chrome-extension://ihaelfjohnpciodjianpgchimpgifgjk/js/direct.js:306
[    3712ms] [LOG] [direct] deduped player to 1 @ chrome-extension://ihaelfjohnpciodjianpgchimpgifgjk/js/direct.js:324
[    3713ms] [LOG] [direct] Download button injected (player mini) @ chrome-extension://ihaelfjohnpciodjianpgchimpgifgjk/js/direct.js:306
[    3713ms] [LOG] [direct] deduped player to 1 @ chrome-extension://ihaelfjohnpciodjianpgchimpgifgjk/js/direct.js:324
[    3714ms] [LOG] [direct] Download button injected (player mini) @ chrome-extension://ihaelfjohnpciodjianpgchimpgifgjk/js/direct.js:306
[    3714ms] [LOG] [direct] deduped player to 1 @ chrome-extension://ihaelfjohnpciodjianpgchimpgifgjk/js/direct.js:324
[    3715ms] [LOG] [direct] Download button injected (player mini) @ chrome-extension://ihaelfjohnpciodjianpgchimpgifgjk/js/direct.js:306
[    3716ms] [LOG] [direct] deduped player to 1 @ chrome-extension://ihaelfjohnpciodjianpgchimpgifgjk/js/direct.js:324
[    3716ms] [LOG] [direct] Download button injected (player mini) @ chrome-extension://ihaelfjohnpciodjianpgchimpgifgjk/js/direct.js:306
[    3717ms] [LOG] [direct] deduped player to 1 @ chrome-extension://ihaelfjohnpciodjianpgchimpgifgjk/js/direct.js:324
[    3717ms] [LOG] [direct] Download button injected (player mini) @ chrome-extension://ihaelfjohnpciodjianpgchimpgifgjk/js/direct.js:306
[    3717ms] [LOG] [direct] deduped player to 1 @ chrome-extension://ihaelfjohnpciodjianpgchimpgifgjk/js/direct.js:324
[    3718ms] [LOG] [direct] Download button injected (player mini) @ chrome-extension://ihaelfjohnpciodjianpgchimpgifgjk/js/direct.js:306
[    3718ms] [LOG] [direct] deduped player to 1 @ chrome-extension://ihaelfjohnpciodjianpgchimpgifgjk/js/direct.js:324
[    3719ms] [LOG] [direct] Download button injected (player mini) @ chrome-extension://ihaelfjohnpciodjianpgchimpgifgjk/js/direct.js:306
[    3719ms] [LOG] [direct] deduped player to 1 @ chrome-extension://ihaelfjohnpciodjianpgchimpgifgjk/js/direct.js:324
[    3720ms] [LOG] [direct] Download button injected (player mini) @ chrome-extension://ihaelfjohnpciodjianpgchimpgifgjk/js/direct.js:306
[    3720ms] [LOG] [direct] deduped player to 1 @ chrome-extension://ihaelfjohnpciodjianpgchimpgifgjk/js/direct.js:324
[    3721ms] [LOG] [direct] Download button injected (player mini) @ chrome-extension://ihaelfjohnpciodjianpgchimpgifgjk/js/direct.js:306
[    3722ms] [LOG] [direct] deduped player to 1 @ chrome-extension://ihaelfjohnpciodjianpgchimpgifgjk/js/direct.js:324
[    3723ms] [LOG] [direct] Download button injected (player mini) @ chrome-extension://ihaelfjohnpciodjianpgchimpgifgjk/js/direct.js:306
[    3723ms] [LOG] [direct] deduped player to 1 @ chrome-extension://ihaelfjohnpciodjianpgchimpgifgjk/js/direct.js:324
[    3724ms] [LOG] [direct] Download button injected (player mini) @ chrome-extension://ihaelfjohnpciodjianpgchimpgifgjk/js/direct.js:306
[    3725ms] [LOG] [direct] deduped player to 1 @ chrome-extension://ihaelfjohnpciodjianpgchimpgifgjk/js/direct.js:324
[    3726ms] [LOG] [direct] Download button injected (player mini) @ chrome-extension://ihaelfjohnpciodjianpgchimpgifgjk/js/direct.js:306
[    3726ms] [LOG] [direct] deduped player to 1 @ chrome-extension://ihaelfjohnpciodjianpgchimpgifgjk/js/direct.js:324
[    3727ms] [LOG] [direct] Download button injected (player mini) @ chrome-extension://ihaelfjohnpciodjianpgchimpgifgjk/js/direct.js:306
[    3727ms] [LOG] [direct] deduped player to 1 @ chrome-extension://ihaelfjohnpciodjianpgchimpgifgjk/js/direct.js:324
[    3728ms] [LOG] [direct] Download button injected (player mini) @ chrome-extension://ihaelfjohnpciodjianpgchimpgifgjk/js/direct.js:306
[    3728ms] [LOG] [direct] deduped player to 1 @ chrome-extension://ihaelfjohnpciodjianpgchimpgifgjk/js/direct.js:324
[    3729ms] [LOG] [direct] Download button injected (player mini) @ chrome-extension://ihaelfjohnpciodjianpgchimpgifgjk/js/direct.js:306
[    3729ms] [LOG] [direct] deduped player to 1 @ chrome-extension://ihaelfjohnpciodjianpgchimpgifgjk/js/direct.js:324
[    3730ms] [LOG] [direct] Download button injected (player mini) @ chrome-extension://ihaelfjohnpciodjianpgchimpgifgjk/js/direct.js:306
[    3730ms] [LOG] [direct] deduped player to 1 @ chrome-extension://ihaelfjohnpciodjianpgchimpgifgjk/js/direct.js:324
[    3731ms] [LOG] [direct] Download button injected (player mini) @ chrome-extension://ihaelfjohnpciodjianpgchimpgifgjk/js/direct.js:306
[    3732ms] [LOG] [direct] deduped player to 1 @ chrome-extension://ihaelfjohnpciodjianpgchimpgifgjk/js/direct.js:324
[    3732ms] [LOG] [direct] Download button injected (player mini) @ chrome-extension://ihaelfjohnpciodjianpgchimpgifgjk/js/direct.js:306
[    3733ms] [LOG] [direct] deduped player to 1 @ chrome-extension://ihaelfjohnpciodjianpgchimpgifgjk/js/direct.js:324
[    3734ms] [LOG] [direct] Download button injected (player mini) @ chrome-extension://ihaelfjohnpciodjianpgchimpgifgjk/js/direct.js:306
[    3734ms] [LOG] [direct] deduped player to 1 @ chrome-extension://ihaelfjohnpciodjianpgchimpgifgjk/js/direct.js:324
[    3735ms] [LOG] [direct] Download button injected (player mini) @ chrome-extension://ihaelfjohnpciodjianpgchimpgifgjk/js/direct.js:306
[    3735ms] [LOG] [direct] deduped player to 1 @ chrome-extension://ihaelfjohnpciodjianpgchimpgifgjk/js/direct.js:324
[    3736ms] [LOG] [direct] Download button injected (player mini) @ chrome-extension://ihaelfjohnpciodjianpgchimpgifgjk/js/direct.js:306
[    3736ms] [LOG] [direct] deduped player to 1 @ chrome-extension://ihaelfjohnpciodjianpgchimpgifgjk/js/direct.js:324
[    3737ms] [LOG] [direct] Download button injected (player mini) @ chrome-extension://ihaelfjohnpciodjianpgchimpgifgjk/js/direct.js:306
[    3737ms] [LOG] [direct] deduped player to 1 @ chrome-extension://ihaelfjohnpciodjianpgchimpgifgjk/js/direct.js:324
[    3738ms] [LOG] [direct] Download button injected (player mini) @ chrome-extension://ihaelfjohnpciodjianpgchimpgifgjk/js/direct.js:306
[    3739ms] [LOG] [direct] deduped player to 1 @ chrome-extension://ihaelfjohnpciodjianpgchimpgifgjk/js/direct.js:324
[    3740ms] [LOG] [direct] Download button injected (player mini) @ chrome-extension://ihaelfjohnpciodjianpgchimpgifgjk/js/direct.js:306
[    3740ms] [LOG] [direct] deduped player to 1 @ chrome-extension://ihaelfjohnpciodjianpgchimpgifgjk/js/direct.js:324
[    3741ms] [LOG] [direct] Download button injected (player mini) @ chrome-extension://ihaelfjohnpciodjianpgchimpgifgjk/js/direct.js:306
[    3741ms] [LOG] [direct] deduped player to 1 @ chrome-extension://ihaelfjohnpciodjianpgchimpgifgjk/js/direct.js:324
[    3743ms] [LOG] [direct] Download button injected (player mini) @ chrome-extension://ihaelfjohnpciodjianpgchimpgifgjk/js/direct.js:306
[    3744ms] [LOG] [direct] deduped player to 1 @ chrome-extension://ihaelfjohnpciodjianpgchimpgifgjk/js/direct.js:324
[    3745ms] [LOG] [direct] Download button injected (player mini) @ chrome-extension://ihaelfjohnpciodjianpgchimpgifgjk/js/direct.js:306
[    3745ms] [LOG] [direct] deduped player to 1 @ chrome-extension://ihaelfjohnpciodjianpgchimpgifgjk/js/direct.js:324
[    3746ms] [LOG] [direct] Download button injected (player mini) @ chrome-extension://ihaelfjohnpciodjianpgchimpgifgjk/js/direct.js:306
[    3746ms] [LOG] [direct] deduped player to 1 @ chrome-extension://ihaelfjohnpciodjianpgchimpgifgjk/js/direct.js:324
[    3747ms] [LOG] [direct] Download button injected (player mini) @ chrome-extension://ihaelfjohnpciodjianpgchimpgifgjk/js/direct.js:306
[    3748ms] [LOG] [direct] deduped player to 1 @ chrome-extension://ihaelfjohnpciodjianpgchimpgifgjk/js/direct.js:324
[    3749ms] [LOG] [direct] Download button injected (player mini) @ chrome-extension://ihaelfjohnpciodjianpgchimpgifgjk/js/direct.js:306
[    3749ms] [LOG] [direct] deduped player to 1 @ chrome-extension://ihaelfjohnpciodjianpgchimpgifgjk/js/direct.js:324
[    3750ms] [LOG] [direct] Download button injected (player mini) @ chrome-extension://ihaelfjohnpciodjianpgchimpgifgjk/js/direct.js:306
[    3751ms] [LOG] [direct] deduped player to 1 @ chrome-extension://ihaelfjohnpciodjianpgchimpgifgjk/js/direct.js:324
[    3751ms] [LOG] [direct] Download button injected (player mini) @ chrome-extension://ihaelfjohnpciodjianpgchimpgifgjk/js/direct.js:306
[    3752ms] [LOG] [direct] deduped player to 1 @ chrome-extension://ihaelfjohnpciodjianpgchimpgifgjk/js/direct.js:324
[    3753ms] [LOG] [direct] Download button injected (player mini) @ chrome-extension://ihaelfjohnpciodjianpgchimpgifgjk/js/direct.js:306
[    3753ms] [LOG] [direct] deduped player to 1 @ chrome-extension://ihaelfjohnpciodjianpgchimpgifgjk/js/direct.js:324
[    3754ms] [LOG] [direct] Download button injected (player mini) @ chrome-extension://ihaelfjohnpciodjianpgchimpgifgjk/js/direct.js:306
[    3754ms] [LOG] [direct] deduped player to 1 @ chrome-extension://ihaelfjohnpciodjianpgchimpgifgjk/js/direct.js:324
[    3755ms] [LOG] [direct] Download button injected (player mini) @ chrome-extension://ihaelfjohnpciodjianpgchimpgifgjk/js/direct.js:306
[    3756ms] [LOG] [direct] deduped player to 1 @ chrome-extension://ihaelfjohnpciodjianpgchimpgifgjk/js/direct.js:324
[    3757ms] [LOG] [direct] Download button injected (player mini) @ chrome-extension://ihaelfjohnpciodjianpgchimpgifgjk/js/direct.js:306
[    3757ms] [LOG] [direct] deduped player to 1 @ chrome-extension://ihaelfjohnpciodjianpgchimpgifgjk/js/direct.js:324
[    3758ms] [LOG] [direct] Download button injected (player mini) @ chrome-extension://ihaelfjohnpciodjianpgchimpgifgjk/js/direct.js:306
[    3759ms] [LOG] [direct] deduped player to 1 @ chrome-extension://ihaelfjohnpciodjianpgchimpgifgjk/js/direct.js:324
[    3760ms] [LOG] [direct] Download button injected (player mini) @ chrome-extension://ihaelfjohnpciodjianpgchimpgifgjk/js/direct.js:306
[    3760ms] [LOG] [direct] deduped player to 1 @ chrome-extension://ihaelfjohnpciodjianpgchimpgifgjk/js/direct.js:324
[    3761ms] [LOG] [direct] Download button injected (player mini) @ chrome-extension://ihaelfjohnpciodjianpgchimpgifgjk/js/direct.js:306
[    3761ms] [LOG] [direct] deduped player to 1 @ chrome-extension://ihaelfjohnpciodjianpgchimpgifgjk/js/direct.js:324
[    3762ms] [LOG] [direct] Download button injected (player mini) @ chrome-extension://ihaelfjohnpciodjianpgchimpgifgjk/js/direct.js:306
[    3762ms] [LOG] [direct] deduped player to 1 @ chrome-extension://ihaelfjohnpciodjianpgchimpgifgjk/js/direct.js:324
[    3763ms] [LOG] [direct] Download button injected (player mini) @ chrome-extension://ihaelfjohnpciodjianpgchimpgifgjk/js/direct.js:306
[    3763ms] [LOG] [direct] deduped player to 1 @ chrome-extension://ihaelfjohnpciodjianpgchimpgifgjk/js/direct.js:324
[    3764ms] [LOG] [direct] Download button injected (player mini) @ chrome-extension://ihaelfjohnpciodjianpgchimpgifgjk/js/direct.js:306
[    3764ms] [LOG] [direct] deduped player to 1 @ chrome-extension://ihaelfjohnpciodjianpgchimpgifgjk/js/direct.js:324
[    3765ms] [LOG] [direct] Download button injected (player mini) @ chrome-extension://ihaelfjohnpciodjianpgchimpgifgjk/js/direct.js:306
[    3765ms] [LOG] [direct] deduped player to 1 @ chrome-extension://ihaelfjohnpciodjianpgchimpgifgjk/js/direct.js:324
[    3766ms] [LOG] [direct] Download button injected (player mini) @ chrome-extension://ihaelfjohnpciodjianpgchimpgifgjk/js/direct.js:306
[    3766ms] [LOG] [direct] deduped player to 1 @ chrome-extension://ihaelfjohnpciodjianpgchimpgifgjk/js/direct.js:324
[    3767ms] [LOG] [direct] Download button injected (player mini) @ chrome-extension://ihaelfjohnpciodjianpgchimpgifgjk/js/direct.js:306
[    3767ms] [LOG] [direct] deduped player to 1 @ chrome-extension://ihaelfjohnpciodjianpgchimpgifgjk/js/direct.js:324
[    3768ms] [LOG] [direct] Download button injected (player mini) @ chrome-extension://ihaelfjohnpciodjianpgchimpgifgjk/js/direct.js:306
[    3768ms] [LOG] [direct] deduped player to 1 @ chrome-extension://ihaelfjohnpciodjianpgchimpgifgjk/js/direct.js:324
[    3769ms] [LOG] [direct] Download button injected (player mini) @ chrome-extension://ihaelfjohnpciodjianpgchimpgifgjk/js/direct.js:306
[    3769ms] [LOG] [direct] deduped player to 1 @ chrome-extension://ihaelfjohnpciodjianpgchimpgifgjk/js/direct.js:324
[    3770ms] [LOG] [direct] Download button injected (player mini) @ chrome-extension://ihaelfjohnpciodjianpgchimpgifgjk/js/direct.js:306
[    3770ms] [LOG] [direct] deduped player to 1 @ chrome-extension://ihaelfjohnpciodjianpgchimpgifgjk/js/direct.js:324
[    3771ms] [LOG] [direct] Download button injected (player mini) @ chrome-extension://ihaelfjohnpciodjianpgchimpgifgjk/js/direct.js:306
[    3771ms] [LOG] [direct] deduped player to 1 @ chrome-extension://ihaelfjohnpciodjianpgchimpgifgjk/js/direct.js:324
[    3772ms] [LOG] [direct] Download button injected (player mini) @ chrome-extension://ihaelfjohnpciodjianpgchimpgifgjk/js/direct.js:306
[    3773ms] [LOG] [direct] deduped player to 1 @ chrome-extension://ihaelfjohnpciodjianpgchimpgifgjk/js/direct.js:324
[    3774ms] [LOG] [direct] Download button injected (player mini) @ chrome-extension://ihaelfjohnpciodjianpgchimpgifgjk/js/direct.js:306
[    3774ms] [LOG] [direct] deduped player to 1 @ chrome-extension://ihaelfjohnpciodjianpgchimpgifgjk/js/direct.js:324
[    3775ms] [LOG] [direct] Download button injected (player mini) @ chrome-extension://ihaelfjohnpciodjianpgchimpgifgjk/js/direct.js:306
[    3775ms] [LOG] [direct] deduped player to 1 @ chrome-extension://ihaelfjohnpciodjianpgchimpgifgjk/js/direct.js:324
[    3777ms] [LOG] [direct] Download button injected (player mini) @ chrome-extension://ihaelfjohnpciodjianpgchimpgifgjk/js/direct.js:306
[    3777ms] [LOG] [direct] deduped player to 1 @ chrome-extension://ihaelfjohnpciodjianpgchimpgifgjk/js/direct.js:324
[    3778ms] [LOG] [direct] Download button injected (player mini) @ chrome-extension://ihaelfjohnpciodjianpgchimpgifgjk/js/direct.js:306
[    3778ms] [LOG] [direct] deduped player to 1 @ chrome-extension://ihaelfjohnpciodjianpgchimpgifgjk/js/direct.js:324
[    3779ms] [LOG] [direct] Download button injected (player mini) @ chrome-extension://ihaelfjohnpciodjianpgchimpgifgjk/js/direct.js:306
[    3779ms] [LOG] [direct] deduped player to 1 @ chrome-extension://ihaelfjohnpciodjianpgchimpgifgjk/js/direct.js:324
[    3780ms] [LOG] [direct] Download button injected (player mini) @ chrome-extension://ihaelfjohnpciodjianpgchimpgifgjk/js/direct.js:306
[    3780ms] [LOG] [direct] deduped player to 1 @ chrome-extension://ihaelfjohnpciodjianpgchimpgifgjk/js/direct.js:324
[    3781ms] [LOG] [direct] Download button injected (player mini) @ chrome-extension://ihaelfjohnpciodjianpgchimpgifgjk/js/direct.js:306
[    3781ms] [LOG] [direct] deduped player to 1 @ chrome-extension://ihaelfjohnpciodjianpgchimpgifgjk/js/direct.js:324
[    3782ms] [LOG] [direct] Download button injected (player mini) @ chrome-extension://ihaelfjohnpciodjianpgchimpgifgjk/js/direct.js:306
[    3782ms] [LOG] [direct] deduped player to 1 @ chrome-extension://ihaelfjohnpciodjianpgchimpgifgjk/js/direct.js:324
[    3783ms] [LOG] [direct] Download button injected (player mini) @ chrome-extension://ihaelfjohnpciodjianpgchimpgifgjk/js/direct.js:306
[    3784ms] [LOG] [direct] deduped player to 1 @ chrome-extension://ihaelfjohnpciodjianpgchimpgifgjk/js/direct.js:324
[    3785ms] [LOG] [direct] Download button injected (player mini) @ chrome-extension://ihaelfjohnpciodjianpgchimpgifgjk/js/direct.js:306
[    3785ms] [LOG] [direct] deduped player to 1 @ chrome-extension://ihaelfjohnpciodjianpgchimpgifgjk/js/direct.js:324
[    3786ms] [LOG] [direct] Download button injected (player mini) @ chrome-extension://ihaelfjohnpciodjianpgchimpgifgjk/js/direct.js:306
[    3786ms] [LOG] [direct] deduped player to 1 @ chrome-extension://ihaelfjohnpciodjianpgchimpgifgjk/js/direct.js:324
[    3787ms] [LOG] [direct] Download button injected (player mini) @ chrome-extension://ihaelfjohnpciodjianpgchimpgifgjk/js/direct.js:306
[    3787ms] [LOG] [direct] deduped player to 1 @ chrome-extension://ihaelfjohnpciodjianpgchimpgifgjk/js/direct.js:324
[    3788ms] [LOG] [direct] Download button injected (player mini) @ chrome-extension://ihaelfjohnpciodjianpgchimpgifgjk/js/direct.js:306
[    3789ms] [LOG] [direct] deduped player to 1 @ chrome-extension://ihaelfjohnpciodjianpgchimpgifgjk/js/direct.js:324
[    3790ms] [LOG] [direct] Download button injected (player mini) @ chrome-extension://ihaelfjohnpciodjianpgchimpgifgjk/js/direct.js:306
[    3790ms] [LOG] [direct] deduped player to 1 @ chrome-extension://ihaelfjohnpciodjianpgchimpgifgjk/js/direct.js:324
[    3791ms] [LOG] [direct] Download button injected (player mini) @ chrome-extension://ihaelfjohnpciodjianpgchimpgifgjk/js/direct.js:306
[    3791ms] [LOG] [direct] deduped player to 1 @ chrome-extension://ihaelfjohnpciodjianpgchimpgifgjk/js/direct.js:324
[    3792ms] [LOG] [direct] Download button injected (player mini) @ chrome-extension://ihaelfjohnpciodjianpgchimpgifgjk/js/direct.js:306
[    3793ms] [LOG] [direct] deduped player to 1 @ chrome-extension://ihaelfjohnpciodjianpgchimpgifgjk/js/direct.js:324
[    3794ms] [LOG] [direct] Download button injected (player mini) @ chrome-extension://ihaelfjohnpciodjianpgchimpgifgjk/js/direct.js:306
[    3794ms] [LOG] [direct] deduped player to 1 @ chrome-extension://ihaelfjohnpciodjianpgchimpgifgjk/js/direct.js:324
[    3794ms] [LOG] [direct] Download button injected (player mini) @ chrome-extension://ihaelfjohnpciodjianpgchimpgifgjk/js/direct.js:306
[    3795ms] [LOG] [direct] deduped player to 1 @ chrome-extension://ihaelfjohnpciodjianpgchimpgifgjk/js/direct.js:324
[    3796ms] [LOG] [direct] Download button injected (player mini) @ chrome-extension://ihaelfjohnpciodjianpgchimpgifgjk/js/direct.js:306
[    3796ms] [LOG] [direct] deduped player to 1 @ chrome-extension://ihaelfjohnpciodjianpgchimpgifgjk/js/direct.js:324
[    3797ms] [LOG] [direct] Download button injected (player mini) @ chrome-extension://ihaelfjohnpciodjianpgchimpgifgjk/js/direct.js:306
[    3797ms] [LOG] [direct] deduped player to 1 @ chrome-extension://ihaelfjohnpciodjianpgchimpgifgjk/js/direct.js:324
[    3798ms] [LOG] [direct] Download button injected (player mini) @ chrome-extension://ihaelfjohnpciodjianpgchimpgifgjk/js/direct.js:306
[    3799ms] [LOG] [direct] deduped player to 1 @ chrome-extension://ihaelfjohnpciodjianpgchimpgifgjk/js/direct.js:324
[    3800ms] [LOG] [direct] Download button injected (player mini) @ chrome-extension://ihaelfjohnpciodjianpgchimpgifgjk/js/direct.js:306
[    3800ms] [LOG] [direct] deduped player to 1 @ chrome-extension://ihaelfjohnpciodjianpgchimpgifgjk/js/direct.js:324
[    3801ms] [LOG] [direct] Download button injected (player mini) @ chrome-extension://ihaelfjohnpciodjianpgchimpgifgjk/js/direct.js:306
[    3801ms] [LOG] [direct] deduped player to 1 @ chrome-extension://ihaelfjohnpciodjianpgchimpgifgjk/js/direct.js:324
[    3802ms] [LOG] [direct] Download button injected (player mini) @ chrome-extension://ihaelfjohnpciodjianpgchimpgifgjk/js/direct.js:306
[    3803ms] [LOG] [direct] deduped player to 1 @ chrome-extension://ihaelfjohnpciodjianpgchimpgifgjk/js/direct.js:324
[    3804ms] [LOG] [direct] Download button injected (player mini) @ chrome-extension://ihaelfjohnpciodjianpgchimpgifgjk/js/direct.js:306
[    3804ms] [LOG] [direct] deduped player to 1 @ chrome-extension://ihaelfjohnpciodjianpgchimpgifgjk/js/direct.js:324
[    3805ms] [LOG] [direct] Download button injected (player mini) @ chrome-extension://ihaelfjohnpciodjianpgchimpgifgjk/js/direct.js:306
[    3805ms] [LOG] [direct] deduped player to 1 @ chrome-extension://ihaelfjohnpciodjianpgchimpgifgjk/js/direct.js:324
[    3806ms] [LOG] [direct] Download button injected (player mini) @ chrome-extension://ihaelfjohnpciodjianpgchimpgifgjk/js/direct.js:306
[    3806ms] [LOG] [direct] deduped player to 1 @ chrome-extension://ihaelfjohnpciodjianpgchimpgifgjk/js/direct.js:324
[    3807ms] [LOG] [direct] Download button injected (player mini) @ chrome-extension://ihaelfjohnpciodjianpgchimpgifgjk/js/direct.js:306
[    3807ms] [LOG] [direct] deduped player to 1 @ chrome-extension://ihaelfjohnpciodjianpgchimpgifgjk/js/direct.js:324
[    3808ms] [LOG] [direct] Download button injected (player mini) @ chrome-extension://ihaelfjohnpciodjianpgchimpgifgjk/js/direct.js:306
[    3808ms] [LOG] [direct] deduped player to 1 @ chrome-extension://ihaelfjohnpciodjianpgchimpgifgjk/js/direct.js:324
[    3809ms] [LOG] [direct] Download button injected (player mini) @ chrome-extension://ihaelfjohnpciodjianpgchimpgifgjk/js/direct.js:306
[    3809ms] [LOG] [direct] deduped player to 1 @ chrome-extension://ihaelfjohnpciodjianpgchimpgifgjk/js/direct.js:324
[    3810ms] [LOG] [direct] Download button injected (player mini) @ chrome-extension://ihaelfjohnpciodjianpgchimpgifgjk/js/direct.js:306
[    3810ms] [LOG] [direct] deduped player to 1 @ chrome-extension://ihaelfjohnpciodjianpgchimpgifgjk/js/direct.js:324
[    3811ms] [LOG] [direct] Download button injected (player mini) @ chrome-extension://ihaelfjohnpciodjianpgchimpgifgjk/js/direct.js:306
[    3812ms] [LOG] [direct] deduped player to 1 @ chrome-extension://ihaelfjohnpciodjianpgchimpgifgjk/js/direct.js:324
[    3812ms] [LOG] [direct] Download button injected (player mini) @ chrome-extension://ihaelfjohnpciodjianpgchimpgifgjk/js/direct.js:306
[    3813ms] [LOG] [direct] deduped player to 1 @ chrome-extension://ihaelfjohnpciodjianpgchimpgifgjk/js/direct.js:324
[    3813ms] [LOG] [direct] Download button injected (player mini) @ chrome-extension://ihaelfjohnpciodjianpgchimpgifgjk/js/direct.js:306
[    3814ms] [LOG] [direct] deduped player to 1 @ chrome-extension://ihaelfjohnpciodjianpgchimpgifgjk/js/direct.js:324
[    3814ms] [LOG] [direct] Download button injected (player mini) @ chrome-extension://ihaelfjohnpciodjianpgchimpgifgjk/js/direct.js:306
[    3815ms] [LOG] [direct] deduped player to 1 @ chrome-extension://ihaelfjohnpciodjianpgchimpgifgjk/js/direct.js:324
[    3815ms] [LOG] [direct] Download button injected (player mini) @ chrome-extension://ihaelfjohnpciodjianpgchimpgifgjk/js/direct.js:306
[    3816ms] [LOG] [direct] deduped player to 1 @ chrome-extension://ihaelfjohnpciodjianpgchimpgifgjk/js/direct.js:324
[    3816ms] [LOG] [direct] Download button injected (player mini) @ chrome-extension://ihaelfjohnpciodjianpgchimpgifgjk/js/direct.js:306
[    3816ms] [LOG] [direct] deduped player to 1 @ chrome-extension://ihaelfjohnpciodjianpgchimpgifgjk/js/direct.js:324
[    3817ms] [LOG] [direct] Download button injected (player mini) @ chrome-extension://ihaelfjohnpciodjianpgchimpgifgjk/js/direct.js:306
[    3818ms] [LOG] [direct] deduped player to 1 @ chrome-extension://ihaelfjohnpciodjianpgchimpgifgjk/js/direct.js:324
[    3818ms] [LOG] [direct] Download button injected (player mini) @ chrome-extension://ihaelfjohnpciodjianpgchimpgifgjk/js/direct.js:306
[    3819ms] [LOG] [direct] deduped player to 1 @ chrome-extension://ihaelfjohnpciodjianpgchimpgifgjk/js/direct.js:324
[    3819ms] [LOG] [direct] Download button injected (player mini) @ chrome-extension://ihaelfjohnpciodjianpgchimpgifgjk/js/direct.js:306
[    3820ms] [LOG] [direct] deduped player to 1 @ chrome-extension://ihaelfjohnpciodjianpgchimpgifgjk/js/direct.js:324
[    3820ms] [LOG] [direct] Download button injected (player mini) @ chrome-extension://ihaelfjohnpciodjianpgchimpgifgjk/js/direct.js:306
[    3821ms] [LOG] [direct] deduped player to 1 @ chrome-extension://ihaelfjohnpciodjianpgchimpgifgjk/js/direct.js:324
[    3822ms] [LOG] [direct] Download button injected (player mini) @ chrome-extension://ihaelfjohnpciodjianpgchimpgifgjk/js/direct.js:306
[    3822ms] [LOG] [direct] deduped player to 1 @ chrome-extension://ihaelfjohnpciodjianpgchimpgifgjk/js/direct.js:324
[    3823ms] [LOG] [direct] Download button injected (player mini) @ chrome-extension://ihaelfjohnpciodjianpgchimpgifgjk/js/direct.js:306
[    3823ms] [LOG] [direct] deduped player to 1 @ chrome-extension://ihaelfjohnpciodjianpgchimpgifgjk/js/direct.js:324
[    3823ms] [LOG] [direct] Download button injected (player mini) @ chrome-extension://ihaelfjohnpciodjianpgchimpgifgjk/js/direct.js:306
[    3824ms] [LOG] [direct] deduped player to 1 @ chrome-extension://ihaelfjohnpciodjianpgchimpgifgjk/js/direct.js:324
[    3824ms] [LOG] [direct] Download button injected (player mini) @ chrome-extension://ihaelfjohnpciodjianpgchimpgifgjk/js/direct.js:306
[    3825ms] [LOG] [direct] deduped player to 1 @ chrome-extension://ihaelfjohnpciodjianpgchimpgifgjk/js/direct.js:324
[    3826ms] [LOG] [direct] Download button injected (player mini) @ chrome-extension://ihaelfjohnpciodjianpgchimpgifgjk/js/direct.js:306
[    3826ms] [LOG] [direct] deduped player to 1 @ chrome-extension://ihaelfjohnpciodjianpgchimpgifgjk/js/direct.js:324
[    3827ms] [LOG] [direct] Download button injected (player mini) @ chrome-extension://ihaelfjohnpciodjianpgchimpgifgjk/js/direct.js:306
[    3827ms] [LOG] [direct] deduped player to 1 @ chrome-extension://ihaelfjohnpciodjianpgchimpgifgjk/js/direct.js:324
[    3828ms] [LOG] [direct] Download button injected (player mini) @ chrome-extension://ihaelfjohnpciodjianpgchimpgifgjk/js/direct.js:306
[    3829ms] [LOG] [direct] deduped player to 1 @ chrome-extension://ihaelfjohnpciodjianpgchimpgifgjk/js/direct.js:324
[    3830ms] [LOG] [direct] Download button injected (player mini) @ chrome-extension://ihaelfjohnpciodjianpgchimpgifgjk/js/direct.js:306
[    3830ms] [LOG] [direct] deduped player to 1 @ chrome-extension://ihaelfjohnpciodjianpgchimpgifgjk/js/direct.js:324
[    3830ms] [LOG] [direct] Download button injected (player mini) @ chrome-extension://ihaelfjohnpciodjianpgchimpgifgjk/js/direct.js:306
[    3831ms] [LOG] [direct] deduped player to 1 @ chrome-extension://ihaelfjohnpciodjianpgchimpgifgjk/js/direct.js:324
[    3832ms] [LOG] [direct] Download button injected (player mini) @ chrome-extension://ihaelfjohnpciodjianpgchimpgifgjk/js/direct.js:306
[    3832ms] [LOG] [direct] deduped player to 1 @ chrome-extension://ihaelfjohnpciodjianpgchimpgifgjk/js/direct.js:324
[    3833ms] [LOG] [direct] Download button injected (player mini) @ chrome-extension://ihaelfjohnpciodjianpgchimpgifgjk/js/direct.js:306
[    3833ms] [LOG] [direct] deduped player to 1 @ chrome-extension://ihaelfjohnpciodjianpgchimpgifgjk/js/direct.js:324
[    3834ms] [LOG] [direct] Download button injected (player mini) @ chrome-extension://ihaelfjohnpciodjianpgchimpgifgjk/js/direct.js:306
[    3834ms] [LOG] [direct] deduped player to 1 @ chrome-extension://ihaelfjohnpciodjianpgchimpgifgjk/js/direct.js:324
[    3835ms] [LOG] [direct] Download button injected (player mini) @ chrome-extension://ihaelfjohnpciodjianpgchimpgifgjk/js/direct.js:306
[    3835ms] [LOG] [direct] deduped player to 1 @ chrome-extension://ihaelfjohnpciodjianpgchimpgifgjk/js/direct.js:324
[    3836ms] [LOG] [direct] Download button injected (player mini) @ chrome-extension://ihaelfjohnpciodjianpgchimpgifgjk/js/direct.js:306
[    3836ms] [LOG] [direct] deduped player to 1 @ chrome-extension://ihaelfjohnpciodjianpgchimpgifgjk/js/direct.js:324
[    3837ms] [LOG] [direct] Download button injected (player mini) @ chrome-extension://ihaelfjohnpciodjianpgchimpgifgjk/js/direct.js:306
[    3838ms] [LOG] [direct] deduped player to 1 @ chrome-extension://ihaelfjohnpciodjianpgchimpgifgjk/js/direct.js:324
[    3839ms] [LOG] [direct] Download button injected (player mini) @ chrome-extension://ihaelfjohnpciodjianpgchimpgifgjk/js/direct.js:306
[    3839ms] [LOG] [direct] deduped player to 1 @ chrome-extension://ihaelfjohnpciodjianpgchimpgifgjk/js/direct.js:324
[    3840ms] [LOG] [direct] Download button injected (player mini) @ chrome-extension://ihaelfjohnpciodjianpgchimpgifgjk/js/direct.js:306
[    3840ms] [LOG] [direct] deduped player to 1 @ chrome-extension://ihaelfjohnpciodjianpgchimpgifgjk/js/direct.js:324
[    3841ms] [LOG] [direct] Download button injected (player mini) @ chrome-extension://ihaelfjohnpciodjianpgchimpgifgjk/js/direct.js:306
[    3841ms] [LOG] [direct] deduped player to 1 @ chrome-extension://ihaelfjohnpciodjianpgchimpgifgjk/js/direct.js:324
[    3842ms] [LOG] [direct] Download button injected (player mini) @ chrome-extension://ihaelfjohnpciodjianpgchimpgifgjk/js/direct.js:306
[    3842ms] [LOG] [direct] deduped player to 1 @ chrome-extension://ihaelfjohnpciodjianpgchimpgifgjk/js/direct.js:324
[    3844ms] [LOG] [direct] Download button injected (player mini) @ chrome-extension://ihaelfjohnpciodjianpgchimpgifgjk/js/direct.js:306
[    3844ms] [LOG] [direct] deduped player to 1 @ chrome-extension://ihaelfjohnpciodjianpgchimpgifgjk/js/direct.js:324
[    3845ms] [LOG] [direct] Download button injected (player mini) @ chrome-extension://ihaelfjohnpciodjianpgchimpgifgjk/js/direct.js:306
[    3845ms] [LOG] [direct] deduped player to 1 @ chrome-extension://ihaelfjohnpciodjianpgchimpgifgjk/js/direct.js:324
[    3846ms] [LOG] [direct] Download button injected (player mini) @ chrome-extension://ihaelfjohnpciodjianpgchimpgifgjk/js/direct.js:306
[    3846ms] [LOG] [direct] deduped player to 1 @ chrome-extension://ihaelfjohnpciodjianpgchimpgifgjk/js/direct.js:324
[    3847ms] [LOG] [direct] Download button injected (player mini) @ chrome-extension://ihaelfjohnpciodjianpgchimpgifgjk/js/direct.js:306
[    3847ms] [LOG] [direct] deduped player to 1 @ chrome-extension://ihaelfjohnpciodjianpgchimpgifgjk/js/direct.js:324
[    3848ms] [LOG] [direct] Download button injected (player mini) @ chrome-extension://ihaelfjohnpciodjianpgchimpgifgjk/js/direct.js:306
[    3849ms] [LOG] [direct] deduped player to 1 @ chrome-extension://ihaelfjohnpciodjianpgchimpgifgjk/js/direct.js:324
[    3849ms] [LOG] [direct] Download button injected (player mini) @ chrome-extension://ihaelfjohnpciodjianpgchimpgifgjk/js/direct.js:306
[    3849ms] [LOG] [direct] deduped player to 1 @ chrome-extension://ihaelfjohnpciodjianpgchimpgifgjk/js/direct.js:324
[    3850ms] [LOG] [direct] Download button injected (player mini) @ chrome-extension://ihaelfjohnpciodjianpgchimpgifgjk/js/direct.js:306
[    3850ms] [LOG] [direct] deduped player to 1 @ chrome-extension://ihaelfjohnpciodjianpgchimpgifgjk/js/direct.js:324
[    3851ms] [LOG] [direct] Download button injected (player mini) @ chrome-extension://ihaelfjohnpciodjianpgchimpgifgjk/js/direct.js:306
[    3851ms] [LOG] [direct] deduped player to 1 @ chrome-extension://ihaelfjohnpciodjianpgchimpgifgjk/js/direct.js:324
[    3852ms] [LOG] [direct] Download button injected (player mini) @ chrome-extension://ihaelfjohnpciodjianpgchimpgifgjk/js/direct.js:306
[    3852ms] [LOG] [direct] deduped player to 1 @ chrome-extension://ihaelfjohnpciodjianpgchimpgifgjk/js/direct.js:324
[    3853ms] [LOG] [direct] Download button injected (player mini) @ chrome-extension://ihaelfjohnpciodjianpgchimpgifgjk/js/direct.js:306
[    3853ms] [LOG] [direct] deduped player to 1 @ chrome-extension://ihaelfjohnpciodjianpgchimpgifgjk/js/direct.js:324
[    3853ms] [LOG] [direct] Download button injected (player mini) @ chrome-extension://ihaelfjohnpciodjianpgchimpgifgjk/js/direct.js:306
[    3854ms] [LOG] [direct] deduped player to 1 @ chrome-extension://ihaelfjohnpciodjianpgchimpgifgjk/js/direct.js:324
[    3855ms] [LOG] [direct] Download button injected (player mini) @ chrome-extension://ihaelfjohnpciodjianpgchimpgifgjk/js/direct.js:306
[    3855ms] [LOG] [direct] deduped player to 1 @ chrome-extension://ihaelfjohnpciodjianpgchimpgifgjk/js/direct.js:324
[    3856ms] [LOG] [direct] Download button injected (player mini) @ chrome-extension://ihaelfjohnpciodjianpgchimpgifgjk/js/direct.js:306
[    3856ms] [LOG] [direct] deduped player to 1 @ chrome-extension://ihaelfjohnpciodjianpgchimpgifgjk/js/direct.js:324
[    3857ms] [LOG] [direct] Download button injected (player mini) @ chrome-extension://ihaelfjohnpciodjianpgchimpgifgjk/js/direct.js:306
[    3857ms] [LOG] [direct] deduped player to 1 @ chrome-extension://ihaelfjohnpciodjianpgchimpgifgjk/js/direct.js:324
[    3858ms] [LOG] [direct] Download button injected (player mini) @ chrome-extension://ihaelfjohnpciodjianpgchimpgifgjk/js/direct.js:306
[    3858ms] [LOG] [direct] deduped player to 1 @ chrome-extension://ihaelfjohnpciodjianpgchimpgifgjk/js/direct.js:324
[    3859ms] [LOG] [direct] Download button injected (player mini) @ chrome-extension://ihaelfjohnpciodjianpgchimpgifgjk/js/direct.js:306
[    3860ms] [LOG] [direct] deduped player to 1 @ chrome-extension://ihaelfjohnpciodjianpgchimpgifgjk/js/direct.js:324
[    3860ms] [LOG] [direct] Download button injected (player mini) @ chrome-extension://ihaelfjohnpciodjianpgchimpgifgjk/js/direct.js:306
[    3861ms] [LOG] [direct] deduped player to 1 @ chrome-extension://ihaelfjohnpciodjianpgchimpgifgjk/js/direct.js:324
[    3861ms] [LOG] [direct] Download button injected (player mini) @ chrome-extension://ihaelfjohnpciodjianpgchimpgifgjk/js/direct.js:306
[    3862ms] [LOG] [direct] deduped player to 1 @ chrome-extension://ihaelfjohnpciodjianpgchimpgifgjk/js/direct.js:324
[    3862ms] [LOG] [direct] Download button injected (player mini) @ chrome-extension://ihaelfjohnpciodjianpgchimpgifgjk/js/direct.js:306
[    3862ms] [LOG] [direct] deduped player to 1 @ chrome-extension://ihaelfjohnpciodjianpgchimpgifgjk/js/direct.js:324
[    3863ms] [LOG] [direct] Download button injected (player mini) @ chrome-extension://ihaelfjohnpciodjianpgchimpgifgjk/js/direct.js:306
[    3863ms] [LOG] [direct] deduped player to 1 @ chrome-extension://ihaelfjohnpciodjianpgchimpgifgjk/js/direct.js:324
[    3864ms] [LOG] [direct] Download button injected (player mini) @ chrome-extension://ihaelfjohnpciodjianpgchimpgifgjk/js/direct.js:306
[    3864ms] [LOG] [direct] deduped player to 1 @ chrome-extension://ihaelfjohnpciodjianpgchimpgifgjk/js/direct.js:324
[    3865ms] [LOG] [direct] Download button injected (player mini) @ chrome-extension://ihaelfjohnpciodjianpgchimpgifgjk/js/direct.js:306
[    3865ms] [LOG] [direct] deduped player to 1 @ chrome-extension://ihaelfjohnpciodjianpgchimpgifgjk/js/direct.js:324
[    3865ms] [LOG] [direct] Download button injected (player mini) @ chrome-extension://ihaelfjohnpciodjianpgchimpgifgjk/js/direct.js:306
[    3866ms] [LOG] [direct] deduped player to 1 @ chrome-extension://ihaelfjohnpciodjianpgchimpgifgjk/js/direct.js:324
[    3866ms] [LOG] [direct] Download button injected (player mini) @ chrome-extension://ihaelfjohnpciodjianpgchimpgifgjk/js/direct.js:306
[    3866ms] [LOG] [direct] deduped player to 1 @ chrome-extension://ihaelfjohnpciodjianpgchimpgifgjk/js/direct.js:324
[    3867ms] [LOG] [direct] Download button injected (player mini) @ chrome-extension://ihaelfjohnpciodjianpgchimpgifgjk/js/direct.js:306
[    3867ms] [LOG] [direct] deduped player to 1 @ chrome-extension://ihaelfjohnpciodjianpgchimpgifgjk/js/direct.js:324
[    3868ms] [LOG] [direct] Download button injected (player mini) @ chrome-extension://ihaelfjohnpciodjianpgchimpgifgjk/js/direct.js:306
[    3868ms] [LOG] [direct] deduped player to 1 @ chrome-extension://ihaelfjohnpciodjianpgchimpgifgjk/js/direct.js:324
[    3869ms] [LOG] [direct] Download button injected (player mini) @ chrome-extension://ihaelfjohnpciodjianpgchimpgifgjk/js/direct.js:306
[    3869ms] [LOG] [direct] deduped player to 1 @ chrome-extension://ihaelfjohnpciodjianpgchimpgifgjk/js/direct.js:324
[    3870ms] [LOG] [direct] Download button injected (player mini) @ chrome-extension://ihaelfjohnpciodjianpgchimpgifgjk/js/direct.js:306
[    3870ms] [LOG] [direct] deduped player to 1 @ chrome-extension://ihaelfjohnpciodjianpgchimpgifgjk/js/direct.js:324
[    3871ms] [LOG] [direct] Download button injected (player mini) @ chrome-extension://ihaelfjohnpciodjianpgchimpgifgjk/js/direct.js:306
[    3871ms] [LOG] [direct] deduped player to 1 @ chrome-extension://ihaelfjohnpciodjianpgchimpgifgjk/js/direct.js:324
[    3874ms] [LOG] [direct] Download button injected (player mini) @ chrome-extension://ihaelfjohnpciodjianpgchimpgifgjk/js/direct.js:306
[    3874ms] [LOG] [direct] deduped player to 1 @ chrome-extension://ihaelfjohnpciodjianpgchimpgifgjk/js/direct.js:324
[    3875ms] [LOG] [direct] Download button injected (player mini) @ chrome-extension://ihaelfjohnpciodjianpgchimpgifgjk/js/direct.js:306
[    3876ms] [LOG] [direct] deduped player to 1 @ chrome-extension://ihaelfjohnpciodjianpgchimpgifgjk/js/direct.js:324
[    3877ms] [LOG] [direct] Download button injected (player mini) @ chrome-extension://ihaelfjohnpciodjianpgchimpgifgjk/js/direct.js:306
[    3877ms] [LOG] [direct] deduped player to 1 @ chrome-extension://ihaelfjohnpciodjianpgchimpgifgjk/js/direct.js:324
[    3878ms] [LOG] [direct] Download button injected (player mini) @ chrome-extension://ihaelfjohnpciodjianpgchimpgifgjk/js/direct.js:306
[    3878ms] [LOG] [direct] deduped player to 1 @ chrome-extension://ihaelfjohnpciodjianpgchimpgifgjk/js/direct.js:324
[    3879ms] [LOG] [direct] Download button injected (player mini) @ chrome-extension://ihaelfjohnpciodjianpgchimpgifgjk/js/direct.js:306
[    3879ms] [LOG] [direct] deduped player to 1 @ chrome-extension://ihaelfjohnpciodjianpgchimpgifgjk/js/direct.js:324
[    3880ms] [LOG] [direct] Download button injected (player mini) @ chrome-extension://ihaelfjohnpciodjianpgchimpgifgjk/js/direct.js:306
[    3880ms] [LOG] [direct] deduped player to 1 @ chrome-extension://ihaelfjohnpciodjianpgchimpgifgjk/js/direct.js:324
[    3881ms] [LOG] [direct] Download button injected (player mini) @ chrome-extension://ihaelfjohnpciodjianpgchimpgifgjk/js/direct.js:306
[    3881ms] [LOG] [direct] deduped player to 1 @ chrome-extension://ihaelfjohnpciodjianpgchimpgifgjk/js/direct.js:324
[    3882ms] [LOG] [direct] Download button injected (player mini) @ chrome-extension://ihaelfjohnpciodjianpgchimpgifgjk/js/direct.js:306
[    3882ms] [LOG] [direct] deduped player to 1 @ chrome-extension://ihaelfjohnpciodjianpgchimpgifgjk/js/direct.js:324
[    3883ms] [LOG] [direct] Download button injected (player mini) @ chrome-extension://ihaelfjohnpciodjianpgchimpgifgjk/js/direct.js:306
[    3883ms] [LOG] [direct] deduped player to 1 @ chrome-extension://ihaelfjohnpciodjianpgchimpgifgjk/js/direct.js:324
[    3884ms] [LOG] [direct] Download button injected (player mini) @ chrome-extension://ihaelfjohnpciodjianpgchimpgifgjk/js/direct.js:306
[    3885ms] [LOG] [direct] deduped player to 1 @ chrome-extension://ihaelfjohnpciodjianpgchimpgifgjk/js/direct.js:324
[    3885ms] [LOG] [direct] Download button injected (player mini) @ chrome-extension://ihaelfjohnpciodjianpgchimpgifgjk/js/direct.js:306
[    3886ms] [LOG] [direct] deduped player to 1 @ chrome-extension://ihaelfjohnpciodjianpgchimpgifgjk/js/direct.js:324
[    3887ms] [LOG] [direct] Download button injected (player mini) @ chrome-extension://ihaelfjohnpciodjianpgchimpgifgjk/js/direct.js:306
[    3887ms] [LOG] [direct] deduped player to 1 @ chrome-extension://ihaelfjohnpciodjianpgchimpgifgjk/js/direct.js:324
[    3888ms] [LOG] [direct] Download button injected (player mini) @ chrome-extension://ihaelfjohnpciodjianpgchimpgifgjk/js/direct.js:306
[    3888ms] [LOG] [direct] deduped player to 1 @ chrome-extension://ihaelfjohnpciodjianpgchimpgifgjk/js/direct.js:324
[    3889ms] [LOG] [direct] Download button injected (player mini) @ chrome-extension://ihaelfjohnpciodjianpgchimpgifgjk/js/direct.js:306
[    3890ms] [LOG] [direct] deduped player to 1 @ chrome-extension://ihaelfjohnpciodjianpgchimpgifgjk/js/direct.js:324
[    3891ms] [LOG] [direct] Download button injected (player mini) @ chrome-extension://ihaelfjohnpciodjianpgchimpgifgjk/js/direct.js:306
[    3891ms] [LOG] [direct] deduped player to 1 @ chrome-extension://ihaelfjohnpciodjianpgchimpgifgjk/js/direct.js:324
[    3892ms] [LOG] [direct] Download button injected (player mini) @ chrome-extension://ihaelfjohnpciodjianpgchimpgifgjk/js/direct.js:306
[    3892ms] [LOG] [direct] deduped player to 1 @ chrome-extension://ihaelfjohnpciodjianpgchimpgifgjk/js/direct.js:324
[    3893ms] [LOG] [direct] Download button injected (player mini) @ chrome-extension://ihaelfjohnpciodjianpgchimpgifgjk/js/direct.js:306
[    3893ms] [LOG] [direct] deduped player to 1 @ chrome-extension://ihaelfjohnpciodjianpgchimpgifgjk/js/direct.js:324
[    3894ms] [LOG] [direct] Download button injected (player mini) @ chrome-extension://ihaelfjohnpciodjianpgchimpgifgjk/js/direct.js:306
[    3894ms] [LOG] [direct] deduped player to 1 @ chrome-extension://ihaelfjohnpciodjianpgchimpgifgjk/js/direct.js:324
[    3895ms] [LOG] [direct] Download button injected (player mini) @ chrome-extension://ihaelfjohnpciodjianpgchimpgifgjk/js/direct.js:306
[    3895ms] [LOG] [direct] deduped player to 1 @ chrome-extension://ihaelfjohnpciodjianpgchimpgifgjk/js/direct.js:324
[    3896ms] [LOG] [direct] Download button injected (player mini) @ chrome-extension://ihaelfjohnpciodjianpgchimpgifgjk/js/direct.js:306
[    3896ms] [LOG] [direct] deduped player to 1 @ chrome-extension://ihaelfjohnpciodjianpgchimpgifgjk/js/direct.js:324
[    3897ms] [LOG] [direct] Download button injected (player mini) @ chrome-extension://ihaelfjohnpciodjianpgchimpgifgjk/js/direct.js:306
[    3898ms] [LOG] [direct] deduped player to 1 @ chrome-extension://ihaelfjohnpciodjianpgchimpgifgjk/js/direct.js:324
[    3899ms] [LOG] [direct] Download button injected (player mini) @ chrome-extension://ihaelfjohnpciodjianpgchimpgifgjk/js/direct.js:306
[    3899ms] [LOG] [direct] deduped player to 1 @ chrome-extension://ihaelfjohnpciodjianpgchimpgifgjk/js/direct.js:324
[    3900ms] [LOG] [direct] Download button injected (player mini) @ chrome-extension://ihaelfjohnpciodjianpgchimpgifgjk/js/direct.js:306
[    3900ms] [LOG] [direct] deduped player to 1 @ chrome-extension://ihaelfjohnpciodjianpgchimpgifgjk/js/direct.js:324
[    3901ms] [LOG] [direct] Download button injected (player mini) @ chrome-extension://ihaelfjohnpciodjianpgchimpgifgjk/js/direct.js:306
[    3901ms] [LOG] [direct] deduped player to 1 @ chrome-extension://ihaelfjohnpciodjianpgchimpgifgjk/js/direct.js:324
[    3902ms] [LOG] [direct] Download button injected (player mini) @ chrome-extension://ihaelfjohnpciodjianpgchimpgifgjk/js/direct.js:306
[    3902ms] [LOG] [direct] deduped player to 1 @ chrome-extension://ihaelfjohnpciodjianpgchimpgifgjk/js/direct.js:324
[    3903ms] [LOG] [direct] Download button injected (player mini) @ chrome-extension://ihaelfjohnpciodjianpgchimpgifgjk/js/direct.js:306
[    3903ms] [LOG] [direct] deduped player to 1 @ chrome-extension://ihaelfjohnpciodjianpgchimpgifgjk/js/direct.js:324
[    3905ms] [LOG] [direct] Download button injected (player mini) @ chrome-extension://ihaelfjohnpciodjianpgchimpgifgjk/js/direct.js:306
[    3905ms] [LOG] [direct] deduped player to 1 @ chrome-extension://ihaelfjohnpciodjianpgchimpgifgjk/js/direct.js:324
[    3906ms] [LOG] [direct] Download button injected (player mini) @ chrome-extension://ihaelfjohnpciodjianpgchimpgifgjk/js/direct.js:306
[    3907ms] [LOG] [direct] deduped player to 1 @ chrome-extension://ihaelfjohnpciodjianpgchimpgifgjk/js/direct.js:324
[    3908ms] [LOG] [direct] Download button injected (player mini) @ chrome-extension://ihaelfjohnpciodjianpgchimpgifgjk/js/direct.js:306
[    3908ms] [LOG] [direct] deduped player to 1 @ chrome-extension://ihaelfjohnpciodjianpgchimpgifgjk/js/direct.js:324
[    3909ms] [LOG] [direct] Download button injected (player mini) @ chrome-extension://ihaelfjohnpciodjianpgchimpgifgjk/js/direct.js:306
[    3910ms] [LOG] [direct] deduped player to 1 @ chrome-extension://ihaelfjohnpciodjianpgchimpgifgjk/js/direct.js:324
[    3910ms] [LOG] [direct] Download button injected (player mini) @ chrome-extension://ihaelfjohnpciodjianpgchimpgifgjk/js/direct.js:306
[    3911ms] [LOG] [direct] deduped player to 1 @ chrome-extension://ihaelfjohnpciodjianpgchimpgifgjk/js/direct.js:324
[    3911ms] [LOG] [direct] Download button injected (player mini) @ chrome-extension://ihaelfjohnpciodjianpgchimpgifgjk/js/direct.js:306
[    3912ms] [LOG] [direct] deduped player to 1 @ chrome-extension://ihaelfjohnpciodjianpgchimpgifgjk/js/direct.js:324
[    3913ms] [LOG] [direct] Download button injected (player mini) @ chrome-extension://ihaelfjohnpciodjianpgchimpgifgjk/js/direct.js:306
[    3913ms] [LOG] [direct] deduped player to 1 @ chrome-extension://ihaelfjohnpciodjianpgchimpgifgjk/js/direct.js:324
[    3914ms] [LOG] [direct] Download button injected (player mini) @ chrome-extension://ihaelfjohnpciodjianpgchimpgifgjk/js/direct.js:306
[    3914ms] [LOG] [direct] deduped player to 1 @ chrome-extension://ihaelfjohnpciodjianpgchimpgifgjk/js/direct.js:324
[    3915ms] [LOG] [direct] Download button injected (player mini) @ chrome-extension://ihaelfjohnpciodjianpgchimpgifgjk/js/direct.js:306
[    3915ms] [LOG] [direct] deduped player to 1 @ chrome-extension://ihaelfjohnpciodjianpgchimpgifgjk/js/direct.js:324
[    3916ms] [LOG] [direct] Download button injected (player mini) @ chrome-extension://ihaelfjohnpciodjianpgchimpgifgjk/js/direct.js:306
[    3916ms] [LOG] [direct] deduped player to 1 @ chrome-extension://ihaelfjohnpciodjianpgchimpgifgjk/js/direct.js:324
[    3917ms] [LOG] [direct] Download button injected (player mini) @ chrome-extension://ihaelfjohnpciodjianpgchimpgifgjk/js/direct.js:306
[    3917ms] [LOG] [direct] deduped player to 1 @ chrome-extension://ihaelfjohnpciodjianpgchimpgifgjk/js/direct.js:324
[    3918ms] [LOG] [direct] Download button injected (player mini) @ chrome-extension://ihaelfjohnpciodjianpgchimpgifgjk/js/direct.js:306
[    3918ms] [LOG] [direct] deduped player to 1 @ chrome-extension://ihaelfjohnpciodjianpgchimpgifgjk/js/direct.js:324
[    3919ms] [LOG] [direct] Download button injected (player mini) @ chrome-extension://ihaelfjohnpciodjianpgchimpgifgjk/js/direct.js:306
[    3919ms] [LOG] [direct] deduped player to 1 @ chrome-extension://ihaelfjohnpciodjianpgchimpgifgjk/js/direct.js:324
[    3920ms] [LOG] [direct] Download button injected (player mini) @ chrome-extension://ihaelfjohnpciodjianpgchimpgifgjk/js/direct.js:306
[    3920ms] [LOG] [direct] deduped player to 1 @ chrome-extension://ihaelfjohnpciodjianpgchimpgifgjk/js/direct.js:324
[    3921ms] [LOG] [direct] Download button injected (player mini) @ chrome-extension://ihaelfjohnpciodjianpgchimpgifgjk/js/direct.js:306
[    3922ms] [LOG] [direct] deduped player to 1 @ chrome-extension://ihaelfjohnpciodjianpgchimpgifgjk/js/direct.js:324
[    3922ms] [LOG] [direct] Download button injected (player mini) @ chrome-extension://ihaelfjohnpciodjianpgchimpgifgjk/js/direct.js:306
[    3923ms] [LOG] [direct] deduped player to 1 @ chrome-extension://ihaelfjohnpciodjianpgchimpgifgjk/js/direct.js:324
[    3923ms] [LOG] [direct] Download button injected (player mini) @ chrome-extension://ihaelfjohnpciodjianpgchimpgifgjk/js/direct.js:306
[    3923ms] [LOG] [direct] deduped player to 1 @ chrome-extension://ihaelfjohnpciodjianpgchimpgifgjk/js/direct.js:324
[    3924ms] [LOG] [direct] Download button injected (player mini) @ chrome-extension://ihaelfjohnpciodjianpgchimpgifgjk/js/direct.js:306
[    3924ms] [LOG] [direct] deduped player to 1 @ chrome-extension://ihaelfjohnpciodjianpgchimpgifgjk/js/direct.js:324
[    3925ms] [LOG] [direct] Download button injected (player mini) @ chrome-extension://ihaelfjohnpciodjianpgchimpgifgjk/js/direct.js:306
[    3926ms] [LOG] [direct] deduped player to 1 @ chrome-extension://ihaelfjohnpciodjianpgchimpgifgjk/js/direct.js:324
[    3926ms] [LOG] [direct] Download button injected (player mini) @ chrome-extension://ihaelfjohnpciodjianpgchimpgifgjk/js/direct.js:306
[    3927ms] [LOG] [direct] deduped player to 1 @ chrome-extension://ihaelfjohnpciodjianpgchimpgifgjk/js/direct.js:324
[    3927ms] [LOG] [direct] Download button injected (player mini) @ chrome-extension://ihaelfjohnpciodjianpgchimpgifgjk/js/direct.js:306
[    3927ms] [LOG] [direct] deduped player to 1 @ chrome-extension://ihaelfjohnpciodjianpgchimpgifgjk/js/direct.js:324
[    3928ms] [LOG] [direct] Download button injected (player mini) @ chrome-extension://ihaelfjohnpciodjianpgchimpgifgjk/js/direct.js:306
[    3928ms] [LOG] [direct] deduped player to 1 @ chrome-extension://ihaelfjohnpciodjianpgchimpgifgjk/js/direct.js:324
[    3929ms] [LOG] [direct] Download button injected (player mini) @ chrome-extension://ihaelfjohnpciodjianpgchimpgifgjk/js/direct.js:306
[    3929ms] [LOG] [direct] deduped player to 1 @ chrome-extension://ihaelfjohnpciodjianpgchimpgifgjk/js/direct.js:324
[    3930ms] [LOG] [direct] Download button injected (player mini) @ chrome-extension://ihaelfjohnpciodjianpgchimpgifgjk/js/direct.js:306
[    3930ms] [LOG] [direct] deduped player to 1 @ chrome-extension://ihaelfjohnpciodjianpgchimpgifgjk/js/direct.js:324
[    3931ms] [LOG] [direct] Download button injected (player mini) @ chrome-extension://ihaelfjohnpciodjianpgchimpgifgjk/js/direct.js:306
[    3931ms] [LOG] [direct] deduped player to 1 @ chrome-extension://ihaelfjohnpciodjianpgchimpgifgjk/js/direct.js:324
[    3932ms] [LOG] [direct] Download button injected (player mini) @ chrome-extension://ihaelfjohnpciodjianpgchimpgifgjk/js/direct.js:306
[    3932ms] [LOG] [direct] deduped player to 1 @ chrome-extension://ihaelfjohnpciodjianpgchimpgifgjk/js/direct.js:324
[    3933ms] [LOG] [direct] Download button injected (player mini) @ chrome-extension://ihaelfjohnpciodjianpgchimpgifgjk/js/direct.js:306
[    3933ms] [LOG] [direct] deduped player to 1 @ chrome-extension://ihaelfjohnpciodjianpgchimpgifgjk/js/direct.js:324
[    3933ms] [LOG] [direct] Download button injected (player mini) @ chrome-extension://ihaelfjohnpciodjianpgchimpgifgjk/js/direct.js:306
[    3934ms] [LOG] [direct] deduped player to 1 @ chrome-extension://ihaelfjohnpciodjianpgchimpgifgjk/js/direct.js:324
[    3934ms] [LOG] [direct] Download button injected (player mini) @ chrome-extension://ihaelfjohnpciodjianpgchimpgifgjk/js/direct.js:306
[    3934ms] [LOG] [direct] deduped player to 1 @ chrome-extension://ihaelfjohnpciodjianpgchimpgifgjk/js/direct.js:324
[    3935ms] [LOG] [direct] Download button injected (player mini) @ chrome-extension://ihaelfjohnpciodjianpgchimpgifgjk/js/direct.js:306
[    3935ms] [LOG] [direct] deduped player to 1 @ chrome-extension://ihaelfjohnpciodjianpgchimpgifgjk/js/direct.js:324
[    3936ms] [LOG] [direct] Download button injected (player mini) @ chrome-extension://ihaelfjohnpciodjianpgchimpgifgjk/js/direct.js:306
[    3936ms] [LOG] [direct] deduped player to 1 @ chrome-extension://ihaelfjohnpciodjianpgchimpgifgjk/js/direct.js:324
[    3937ms] [LOG] [direct] Download button injected (player mini) @ chrome-extension://ihaelfjohnpciodjianpgchimpgifgjk/js/direct.js:306
[    3937ms] [LOG] [direct] deduped player to 1 @ chrome-extension://ihaelfjohnpciodjianpgchimpgifgjk/js/direct.js:324
[    3938ms] [LOG] [direct] Download button injected (player mini) @ chrome-extension://ihaelfjohnpciodjianpgchimpgifgjk/js/direct.js:306
[    3938ms] [LOG] [direct] deduped player to 1 @ chrome-extension://ihaelfjohnpciodjianpgchimpgifgjk/js/direct.js:324
[    3938ms] [LOG] [direct] Download button injected (player mini) @ chrome-extension://ihaelfjohnpciodjianpgchimpgifgjk/js/direct.js:306
[    3939ms] [LOG] [direct] deduped player to 1 @ chrome-extension://ihaelfjohnpciodjianpgchimpgifgjk/js/direct.js:324
[    3939ms] [LOG] [direct] Download button injected (player mini) @ chrome-extension://ihaelfjohnpciodjianpgchimpgifgjk/js/direct.js:306
[    3940ms] [LOG] [direct] deduped player to 1 @ chrome-extension://ihaelfjohnpciodjianpgchimpgifgjk/js/direct.js:324
[    3940ms] [LOG] [direct] Download button injected (player mini) @ chrome-extension://ihaelfjohnpciodjianpgchimpgifgjk/js/direct.js:306
[    3941ms] [LOG] [direct] deduped player to 1 @ chrome-extension://ihaelfjohnpciodjianpgchimpgifgjk/js/direct.js:324
[    3941ms] [LOG] [direct] Download button injected (player mini) @ chrome-extension://ihaelfjohnpciodjianpgchimpgifgjk/js/direct.js:306
[    3942ms] [LOG] [direct] deduped player to 1 @ chrome-extension://ihaelfjohnpciodjianpgchimpgifgjk/js/direct.js:324
[    3943ms] [LOG] [direct] Download button injected (player mini) @ chrome-extension://ihaelfjohnpciodjianpgchimpgifgjk/js/direct.js:306
[    3943ms] [LOG] [direct] deduped player to 1 @ chrome-extension://ihaelfjohnpciodjianpgchimpgifgjk/js/direct.js:324
[    3944ms] [LOG] [direct] Download button injected (player mini) @ chrome-extension://ihaelfjohnpciodjianpgchimpgifgjk/js/direct.js:306
[    3944ms] [LOG] [direct] deduped player to 1 @ chrome-extension://ihaelfjohnpciodjianpgchimpgifgjk/js/direct.js:324
[    3945ms] [LOG] [direct] Download button injected (player mini) @ chrome-extension://ihaelfjohnpciodjianpgchimpgifgjk/js/direct.js:306
[    3945ms] [LOG] [direct] deduped player to 1 @ chrome-extension://ihaelfjohnpciodjianpgchimpgifgjk/js/direct.js:324
[    3946ms] [LOG] [direct] Download button injected (player mini) @ chrome-extension://ihaelfjohnpciodjianpgchimpgifgjk/js/direct.js:306
[    3946ms] [LOG] [direct] deduped player to 1 @ chrome-extension://ihaelfjohnpciodjianpgchimpgifgjk/js/direct.js:324
[    3947ms] [LOG] [direct] Download button injected (player mini) @ chrome-extension://ihaelfjohnpciodjianpgchimpgifgjk/js/direct.js:306
[    3947ms] [LOG] [direct] deduped player to 1 @ chrome-extension://ihaelfjohnpciodjianpgchimpgifgjk/js/direct.js:324
[    3948ms] [LOG] [direct] Download button injected (player mini) @ chrome-extension://ihaelfjohnpciodjianpgchimpgifgjk/js/direct.js:306
[    3948ms] [LOG] [direct] deduped player to 1 @ chrome-extension://ihaelfjohnpciodjianpgchimpgifgjk/js/direct.js:324
[    3949ms] [LOG] [direct] Download button injected (player mini) @ chrome-extension://ihaelfjohnpciodjianpgchimpgifgjk/js/direct.js:306
[    3949ms] [LOG] [direct] deduped player to 1 @ chrome-extension://ihaelfjohnpciodjianpgchimpgifgjk/js/direct.js:324
[    3950ms] [LOG] [direct] Download button injected (player mini) @ chrome-extension://ihaelfjohnpciodjianpgchimpgifgjk/js/direct.js:306
[    3950ms] [LOG] [direct] deduped player to 1 @ chrome-extension://ihaelfjohnpciodjianpgchimpgifgjk/js/direct.js:324
[    3951ms] [LOG] [direct] Download button injected (player mini) @ chrome-extension://ihaelfjohnpciodjianpgchimpgifgjk/js/direct.js:306
[    3951ms] [LOG] [direct] deduped player to 1 @ chrome-extension://ihaelfjohnpciodjianpgchimpgifgjk/js/direct.js:324
[    3952ms] [LOG] [direct] Download button injected (player mini) @ chrome-extension://ihaelfjohnpciodjianpgchimpgifgjk/js/direct.js:306
[    3952ms] [LOG] [direct] deduped player to 1 @ chrome-extension://ihaelfjohnpciodjianpgchimpgifgjk/js/direct.js:324
[    3952ms] [LOG] [direct] Download button injected (player mini) @ chrome-extension://ihaelfjohnpciodjianpgchimpgifgjk/js/direct.js:306
[    3953ms] [LOG] [direct] deduped player to 1 @ chrome-extension://ihaelfjohnpciodjianpgchimpgifgjk/js/direct.js:324
[    3953ms] [LOG] [direct] Download button injected (player mini) @ chrome-extension://ihaelfjohnpciodjianpgchimpgifgjk/js/direct.js:306
[    3954ms] [LOG] [direct] deduped player to 1 @ chrome-extension://ihaelfjohnpciodjianpgchimpgifgjk/js/direct.js:324
[    3954ms] [LOG] [direct] Download button injected (player mini) @ chrome-extension://ihaelfjohnpciodjianpgchimpgifgjk/js/direct.js:306
[    3954ms] [LOG] [direct] deduped player to 1 @ chrome-extension://ihaelfjohnpciodjianpgchimpgifgjk/js/direct.js:324
[    3955ms] [LOG] [direct] Download button injected (player mini) @ chrome-extension://ihaelfjohnpciodjianpgchimpgifgjk/js/direct.js:306
[    3955ms] [LOG] [direct] deduped player to 1 @ chrome-extension://ihaelfjohnpciodjianpgchimpgifgjk/js/direct.js:324
[    3956ms] [LOG] [direct] Download button injected (player mini) @ chrome-extension://ihaelfjohnpciodjianpgchimpgifgjk/js/direct.js:306
[    3956ms] [LOG] [direct] deduped player to 1 @ chrome-extension://ihaelfjohnpciodjianpgchimpgifgjk/js/direct.js:324
[    3957ms] [LOG] [direct] Download button injected (player mini) @ chrome-extension://ihaelfjohnpciodjianpgchimpgifgjk/js/direct.js:306
[    3957ms] [LOG] [direct] deduped player to 1 @ chrome-extension://ihaelfjohnpciodjianpgchimpgifgjk/js/direct.js:324
[    3958ms] [LOG] [direct] Download button injected (player mini) @ chrome-extension://ihaelfjohnpciodjianpgchimpgifgjk/js/direct.js:306
[    3958ms] [LOG] [direct] deduped player to 1 @ chrome-extension://ihaelfjohnpciodjianpgchimpgifgjk/js/direct.js:324
[    3960ms] [LOG] [direct] Download button injected (player mini) @ chrome-extension://ihaelfjohnpciodjianpgchimpgifgjk/js/direct.js:306
[    3960ms] [LOG] [direct] deduped player to 1 @ chrome-extension://ihaelfjohnpciodjianpgchimpgifgjk/js/direct.js:324
[    3961ms] [LOG] [direct] Download button injected (player mini) @ chrome-extension://ihaelfjohnpciodjianpgchimpgifgjk/js/direct.js:306
[    3961ms] [LOG] [direct] deduped player to 1 @ chrome-extension://ihaelfjohnpciodjianpgchimpgifgjk/js/direct.js:324
[    3962ms] [LOG] [direct] Download button injected (player mini) @ chrome-extension://ihaelfjohnpciodjianpgchimpgifgjk/js/direct.js:306
[    3962ms] [LOG] [direct] deduped player to 1 @ chrome-extension://ihaelfjohnpciodjianpgchimpgifgjk/js/direct.js:324
[    3963ms] [LOG] [direct] Download button injected (player mini) @ chrome-extension://ihaelfjohnpciodjianpgchimpgifgjk/js/direct.js:306
[    3963ms] [LOG] [direct] deduped player to 1 @ chrome-extension://ihaelfjohnpciodjianpgchimpgifgjk/js/direct.js:324
[    3964ms] [LOG] [direct] Download button injected (player mini) @ chrome-extension://ihaelfjohnpciodjianpgchimpgifgjk/js/direct.js:306
[    3964ms] [LOG] [direct] deduped player to 1 @ chrome-extension://ihaelfjohnpciodjianpgchimpgifgjk/js/direct.js:324
[    3965ms] [LOG] [direct] Download button injected (player mini) @ chrome-extension://ihaelfjohnpciodjianpgchimpgifgjk/js/direct.js:306
[    3965ms] [LOG] [direct] deduped player to 1 @ chrome-extension://ihaelfjohnpciodjianpgchimpgifgjk/js/direct.js:324
[    3966ms] [LOG] [direct] Download button injected (player mini) @ chrome-extension://ihaelfjohnpciodjianpgchimpgifgjk/js/direct.js:306
[    3966ms] [LOG] [direct] deduped player to 1 @ chrome-extension://ihaelfjohnpciodjianpgchimpgifgjk/js/direct.js:324
[    3966ms] [LOG] [direct] Download button injected (player mini) @ chrome-extension://ihaelfjohnpciodjianpgchimpgifgjk/js/direct.js:306
[    3967ms] [LOG] [direct] deduped player to 1 @ chrome-extension://ihaelfjohnpciodjianpgchimpgifgjk/js/direct.js:324
[    3967ms] [LOG] [direct] Download button injected (player mini) @ chrome-extension://ihaelfjohnpciodjianpgchimpgifgjk/js/direct.js:306
[    3967ms] [LOG] [direct] deduped player to 1 @ chrome-extension://ihaelfjohnpciodjianpgchimpgifgjk/js/direct.js:324
[    3968ms] [LOG] [direct] Download button injected (player mini) @ chrome-extension://ihaelfjohnpciodjianpgchimpgifgjk/js/direct.js:306
[    3969ms] [LOG] [direct] deduped player to 1 @ chrome-extension://ihaelfjohnpciodjianpgchimpgifgjk/js/direct.js:324
[    3969ms] [LOG] [direct] Download button injected (player mini) @ chrome-extension://ihaelfjohnpciodjianpgchimpgifgjk/js/direct.js:306
[    3969ms] [LOG] [direct] deduped player to 1 @ chrome-extension://ihaelfjohnpciodjianpgchimpgifgjk/js/direct.js:324
[    3970ms] [LOG] [direct] Download button injected (player mini) @ chrome-extension://ihaelfjohnpciodjianpgchimpgifgjk/js/direct.js:306
[    3970ms] [LOG] [direct] deduped player to 1 @ chrome-extension://ihaelfjohnpciodjianpgchimpgifgjk/js/direct.js:324
[    3971ms] [LOG] [direct] Download button injected (player mini) @ chrome-extension://ihaelfjohnpciodjianpgchimpgifgjk/js/direct.js:306
[    3971ms] [LOG] [direct] deduped player to 1 @ chrome-extension://ihaelfjohnpciodjianpgchimpgifgjk/js/direct.js:324
[    3972ms] [LOG] [direct] Download button injected (player mini) @ chrome-extension://ihaelfjohnpciodjianpgchimpgifgjk/js/direct.js:306
[    3972ms] [LOG] [direct] deduped player to 1 @ chrome-extension://ihaelfjohnpciodjianpgchimpgifgjk/js/direct.js:324
[    3973ms] [LOG] [direct] Download button injected (player mini) @ chrome-extension://ihaelfjohnpciodjianpgchimpgifgjk/js/direct.js:306
[    3973ms] [LOG] [direct] deduped player to 1 @ chrome-extension://ihaelfjohnpciodjianpgchimpgifgjk/js/direct.js:324
[    3974ms] [LOG] [direct] Download button injected (player mini) @ chrome-extension://ihaelfjohnpciodjianpgchimpgifgjk/js/direct.js:306
[    3974ms] [LOG] [direct] deduped player to 1 @ chrome-extension://ihaelfjohnpciodjianpgchimpgifgjk/js/direct.js:324
[    3975ms] [LOG] [direct] Download button injected (player mini) @ chrome-extension://ihaelfjohnpciodjianpgchimpgifgjk/js/direct.js:306
[    3975ms] [LOG] [direct] deduped player to 1 @ chrome-extension://ihaelfjohnpciodjianpgchimpgifgjk/js/direct.js:324
[    3976ms] [LOG] [direct] Download button injected (player mini) @ chrome-extension://ihaelfjohnpciodjianpgchimpgifgjk/js/direct.js:306
[    3976ms] [LOG] [direct] deduped player to 1 @ chrome-extension://ihaelfjohnpciodjianpgchimpgifgjk/js/direct.js:324
[    3977ms] [LOG] [direct] Download button injected (player mini) @ chrome-extension://ihaelfjohnpciodjianpgchimpgifgjk/js/direct.js:306
[    3978ms] [LOG] [direct] deduped player to 1 @ chrome-extension://ihaelfjohnpciodjianpgchimpgifgjk/js/direct.js:324
[    3978ms] [LOG] [direct] Download button injected (player mini) @ chrome-extension://ihaelfjohnpciodjianpgchimpgifgjk/js/direct.js:306
[    3978ms] [LOG] [direct] deduped player to 1 @ chrome-extension://ihaelfjohnpciodjianpgchimpgifgjk/js/direct.js:324
[    3979ms] [LOG] [direct] Download button injected (player mini) @ chrome-extension://ihaelfjohnpciodjianpgchimpgifgjk/js/direct.js:306
[    3979ms] [LOG] [direct] deduped player to 1 @ chrome-extension://ihaelfjohnpciodjianpgchimpgifgjk/js/direct.js:324
[    3980ms] [LOG] [direct] Download button injected (player mini) @ chrome-extension://ihaelfjohnpciodjianpgchimpgifgjk/js/direct.js:306
[    3980ms] [LOG] [direct] deduped player to 1 @ chrome-extension://ihaelfjohnpciodjianpgchimpgifgjk/js/direct.js:324
[    3981ms] [LOG] [direct] Download button injected (player mini) @ chrome-extension://ihaelfjohnpciodjianpgchimpgifgjk/js/direct.js:306
[    3982ms] [LOG] [direct] deduped player to 1 @ chrome-extension://ihaelfjohnpciodjianpgchimpgifgjk/js/direct.js:324
[    3982ms] [LOG] [direct] Download button injected (player mini) @ chrome-extension://ihaelfjohnpciodjianpgchimpgifgjk/js/direct.js:306
[    3983ms] [LOG] [direct] deduped player to 1 @ chrome-extension://ihaelfjohnpciodjianpgchimpgifgjk/js/direct.js:324
[    3983ms] [LOG] [direct] Download button injected (player mini) @ chrome-extension://ihaelfjohnpciodjianpgchimpgifgjk/js/direct.js:306
[    3983ms] [LOG] [direct] deduped player to 1 @ chrome-extension://ihaelfjohnpciodjianpgchimpgifgjk/js/direct.js:324
[    3984ms] [LOG] [direct] Download button injected (player mini) @ chrome-extension://ihaelfjohnpciodjianpgchimpgifgjk/js/direct.js:306
[    3984ms] [LOG] [direct] deduped player to 1 @ chrome-extension://ihaelfjohnpciodjianpgchimpgifgjk/js/direct.js:324
[    3985ms] [LOG] [direct] Download button injected (player mini) @ chrome-extension://ihaelfjohnpciodjianpgchimpgifgjk/js/direct.js:306
[    3985ms] [LOG] [direct] deduped player to 1 @ chrome-extension://ihaelfjohnpciodjianpgchimpgifgjk/js/direct.js:324
[    3986ms] [LOG] [direct] Download button injected (player mini) @ chrome-extension://ihaelfjohnpciodjianpgchimpgifgjk/js/direct.js:306
[    3986ms] [LOG] [direct] deduped player to 1 @ chrome-extension://ihaelfjohnpciodjianpgchimpgifgjk/js/direct.js:324
[    3986ms] [LOG] [direct] Download button injected (player mini) @ chrome-extension://ihaelfjohnpciodjianpgchimpgifgjk/js/direct.js:306
[    3987ms] [LOG] [direct] deduped player to 1 @ chrome-extension://ihaelfjohnpciodjianpgchimpgifgjk/js/direct.js:324
[    3988ms] [LOG] [direct] Download button injected (player mini) @ chrome-extension://ihaelfjohnpciodjianpgchimpgifgjk/js/direct.js:306
[    3988ms] [LOG] [direct] deduped player to 1 @ chrome-extension://ihaelfjohnpciodjianpgchimpgifgjk/js/direct.js:324
[    3989ms] [LOG] [direct] Download button injected (player mini) @ chrome-extension://ihaelfjohnpciodjianpgchimpgifgjk/js/direct.js:306
[    3989ms] [LOG] [direct] deduped player to 1 @ chrome-extension://ihaelfjohnpciodjianpgchimpgifgjk/js/direct.js:324
[    3990ms] [LOG] [direct] Download button injected (player mini) @ chrome-extension://ihaelfjohnpciodjianpgchimpgifgjk/js/direct.js:306
[    3990ms] [LOG] [direct] deduped player to 1 @ chrome-extension://ihaelfjohnpciodjianpgchimpgifgjk/js/direct.js:324
[    3991ms] [LOG] [direct] Download button injected (player mini) @ chrome-extension://ihaelfjohnpciodjianpgchimpgifgjk/js/direct.js:306
[    3992ms] [LOG] [direct] deduped player to 1 @ chrome-extension://ihaelfjohnpciodjianpgchimpgifgjk/js/direct.js:324
[    3993ms] [LOG] [direct] Download button injected (player mini) @ chrome-extension://ihaelfjohnpciodjianpgchimpgifgjk/js/direct.js:306
[    3994ms] [LOG] [direct] deduped player to 1 @ chrome-extension://ihaelfjohnpciodjianpgchimpgifgjk/js/direct.js:324
[    3995ms] [LOG] [direct] Download button injected (player mini) @ chrome-extension://ihaelfjohnpciodjianpgchimpgifgjk/js/direct.js:306
[    3995ms] [LOG] [direct] deduped player to 1 @ chrome-extension://ihaelfjohnpciodjianpgchimpgifgjk/js/direct.js:324
[    3996ms] [LOG] [direct] Download button injected (player mini) @ chrome-extension://ihaelfjohnpciodjianpgchimpgifgjk/js/direct.js:306
[    3997ms] [LOG] [direct] deduped player to 1 @ chrome-extension://ihaelfjohnpciodjianpgchimpgifgjk/js/direct.js:324
[    3998ms] [LOG] [direct] Download button injected (player mini) @ chrome-extension://ihaelfjohnpciodjianpgchimpgifgjk/js/direct.js:306
[    3998ms] [LOG] [direct] deduped player to 1 @ chrome-extension://ihaelfjohnpciodjianpgchimpgifgjk/js/direct.js:324
[    4000ms] [LOG] [direct] Download button injected (player mini) @ chrome-extension://ihaelfjohnpciodjianpgchimpgifgjk/js/direct.js:306
[    4000ms] [LOG] [direct] deduped player to 1 @ chrome-extension://ihaelfjohnpciodjianpgchimpgifgjk/js/direct.js:324
[    4001ms] [LOG] [direct] Download button injected (player mini) @ chrome-extension://ihaelfjohnpciodjianpgchimpgifgjk/js/direct.js:306
[    4002ms] [LOG] [direct] deduped player to 1 @ chrome-extension://ihaelfjohnpciodjianpgchimpgifgjk/js/direct.js:324
[    4003ms] [LOG] [direct] Download button injected (player mini) @ chrome-extension://ihaelfjohnpciodjianpgchimpgifgjk/js/direct.js:306
[    4003ms] [LOG] [direct] deduped player to 1 @ chrome-extension://ihaelfjohnpciodjianpgchimpgifgjk/js/direct.js:324
[    4004ms] [LOG] [direct] Download button injected (player mini) @ chrome-extension://ihaelfjohnpciodjianpgchimpgifgjk/js/direct.js:306
[    4005ms] [LOG] [direct] deduped player to 1 @ chrome-extension://ihaelfjohnpciodjianpgchimpgifgjk/js/direct.js:324
[    4006ms] [LOG] [direct] Download button injected (player mini) @ chrome-extension://ihaelfjohnpciodjianpgchimpgifgjk/js/direct.js:306
[    4007ms] [LOG] [direct] deduped player to 1 @ chrome-extension://ihaelfjohnpciodjianpgchimpgifgjk/js/direct.js:324
[    4008ms] [LOG] [direct] Download button injected (player mini) @ chrome-extension://ihaelfjohnpciodjianpgchimpgifgjk/js/direct.js:306
[    4008ms] [LOG] [direct] deduped player to 1 @ chrome-extension://ihaelfjohnpciodjianpgchimpgifgjk/js/direct.js:324
[    4009ms] [LOG] [direct] Download button injected (player mini) @ chrome-extension://ihaelfjohnpciodjianpgchimpgifgjk/js/direct.js:306
[    4010ms] [LOG] [direct] deduped player to 1 @ chrome-extension://ihaelfjohnpciodjianpgchimpgifgjk/js/direct.js:324
[    4011ms] [LOG] [direct] Download button injected (player mini) @ chrome-extension://ihaelfjohnpciodjianpgchimpgifgjk/js/direct.js:306
[    4011ms] [LOG] [direct] deduped player to 1 @ chrome-extension://ihaelfjohnpciodjianpgchimpgifgjk/js/direct.js:324
[    4013ms] [LOG] [direct] Download button injected (player mini) @ chrome-extension://ihaelfjohnpciodjianpgchimpgifgjk/js/direct.js:306
[    4013ms] [LOG] [direct] deduped player to 1 @ chrome-extension://ihaelfjohnpciodjianpgchimpgifgjk/js/direct.js:324
[    4014ms] [LOG] [direct] Download button injected (player mini) @ chrome-extension://ihaelfjohnpciodjianpgchimpgifgjk/js/direct.js:306
[    4015ms] [LOG] [direct] deduped player to 1 @ chrome-extension://ihaelfjohnpciodjianpgchimpgifgjk/js/direct.js:324
[    4016ms] [LOG] [direct] Download button injected (player mini) @ chrome-extension://ihaelfjohnpciodjianpgchimpgifgjk/js/direct.js:306
[    4017ms] [LOG] [direct] deduped player to 1 @ chrome-extension://ihaelfjohnpciodjianpgchimpgifgjk/js/direct.js:324
[    4018ms] [LOG] [direct] Download button injected (player mini) @ chrome-extension://ihaelfjohnpciodjianpgchimpgifgjk/js/direct.js:306
[    4018ms] [LOG] [direct] deduped player to 1 @ chrome-extension://ihaelfjohnpciodjianpgchimpgifgjk/js/direct.js:324
[    4019ms] [LOG] [direct] Download button injected (player mini) @ chrome-extension://ihaelfjohnpciodjianpgchimpgifgjk/js/direct.js:306
[    4020ms] [LOG] [direct] deduped player to 1 @ chrome-extension://ihaelfjohnpciodjianpgchimpgifgjk/js/direct.js:324
[    4020ms] [LOG] [direct] Download button injected (player mini) @ chrome-extension://ihaelfjohnpciodjianpgchimpgifgjk/js/direct.js:306
[    4020ms] [LOG] [direct] deduped player to 1 @ chrome-extension://ihaelfjohnpciodjianpgchimpgifgjk/js/direct.js:324
[    4021ms] [LOG] [direct] Download button injected (player mini) @ chrome-extension://ihaelfjohnpciodjianpgchimpgifgjk/js/direct.js:306
[    4021ms] [LOG] [direct] deduped player to 1 @ chrome-extension://ihaelfjohnpciodjianpgchimpgifgjk/js/direct.js:324
[    4022ms] [LOG] [direct] Download button injected (player mini) @ chrome-extension://ihaelfjohnpciodjianpgchimpgifgjk/js/direct.js:306
[    4022ms] [LOG] [direct] deduped player to 1 @ chrome-extension://ihaelfjohnpciodjianpgchimpgifgjk/js/direct.js:324
[    4023ms] [LOG] [direct] Download button injected (player mini) @ chrome-extension://ihaelfjohnpciodjianpgchimpgifgjk/js/direct.js:306
[    4023ms] [LOG] [direct] deduped player to 1 @ chrome-extension://ihaelfjohnpciodjianpgchimpgifgjk/js/direct.js:324
[    4024ms] [LOG] [direct] Download button injected (player mini) @ chrome-extension://ihaelfjohnpciodjianpgchimpgifgjk/js/direct.js:306
[    4024ms] [LOG] [direct] deduped player to 1 @ chrome-extension://ihaelfjohnpciodjianpgchimpgifgjk/js/direct.js:324
[    4024ms] [LOG] [direct] Download button injected (player mini) @ chrome-extension://ihaelfjohnpciodjianpgchimpgifgjk/js/direct.js:306
[    4025ms] [LOG] [direct] deduped player to 1 @ chrome-extension://ihaelfjohnpciodjianpgchimpgifgjk/js/direct.js:324
[    4025ms] [LOG] [direct] Download button injected (player mini) @ chrome-extension://ihaelfjohnpciodjianpgchimpgifgjk/js/direct.js:306
[    4026ms] [LOG] [direct] deduped player to 1 @ chrome-extension://ihaelfjohnpciodjianpgchimpgifgjk/js/direct.js:324
[    4026ms] [LOG] [direct] Download button injected (player mini) @ chrome-extension://ihaelfjohnpciodjianpgchimpgifgjk/js/direct.js:306
[    4026ms] [LOG] [direct] deduped player to 1 @ chrome-extension://ihaelfjohnpciodjianpgchimpgifgjk/js/direct.js:324
[    4027ms] [LOG] [direct] Download button injected (player mini) @ chrome-extension://ihaelfjohnpciodjianpgchimpgifgjk/js/direct.js:306
[    4027ms] [LOG] [direct] deduped player to 1 @ chrome-extension://ihaelfjohnpciodjianpgchimpgifgjk/js/direct.js:324
[    4028ms] [LOG] [direct] Download button injected (player mini) @ chrome-extension://ihaelfjohnpciodjianpgchimpgifgjk/js/direct.js:306
[    4028ms] [LOG] [direct] deduped player to 1 @ chrome-extension://ihaelfjohnpciodjianpgchimpgifgjk/js/direct.js:324
[    4029ms] [LOG] [direct] Download button injected (player mini) @ chrome-extension://ihaelfjohnpciodjianpgchimpgifgjk/js/direct.js:306
[    4029ms] [LOG] [direct] deduped player to 1 @ chrome-extension://ihaelfjohnpciodjianpgchimpgifgjk/js/direct.js:324
[    4030ms] [LOG] [direct] Download button injected (player mini) @ chrome-extension://ihaelfjohnpciodjianpgchimpgifgjk/js/direct.js:306
[    4030ms] [LOG] [direct] deduped player to 1 @ chrome-extension://ihaelfjohnpciodjianpgchimpgifgjk/js/direct.js:324
[    4032ms] [LOG] [direct] Download button injected (player mini) @ chrome-extension://ihaelfjohnpciodjianpgchimpgifgjk/js/direct.js:306
[    4032ms] [LOG] [direct] deduped player to 1 @ chrome-extension://ihaelfjohnpciodjianpgchimpgifgjk/js/direct.js:324
[    4034ms] [LOG] [direct] Download button injected (player mini) @ chrome-extension://ihaelfjohnpciodjianpgchimpgifgjk/js/direct.js:306
[    4034ms] [LOG] [direct] deduped player to 1 @ chrome-extension://ihaelfjohnpciodjianpgchimpgifgjk/js/direct.js:324
[    4036ms] [LOG] [direct] Download button injected (player mini) @ chrome-extension://ihaelfjohnpciodjianpgchimpgifgjk/js/direct.js:306
[    4036ms] [LOG] [direct] deduped player to 1 @ chrome-extension://ihaelfjohnpciodjianpgchimpgifgjk/js/direct.js:324
[    4037ms] [LOG] [direct] Download button injected (player mini) @ chrome-extension://ihaelfjohnpciodjianpgchimpgifgjk/js/direct.js:306
[    4038ms] [LOG] [direct] deduped player to 1 @ chrome-extension://ihaelfjohnpciodjianpgchimpgifgjk/js/direct.js:324
[    4039ms] [LOG] [direct] Download button injected (player mini) @ chrome-extension://ihaelfjohnpciodjianpgchimpgifgjk/js/direct.js:306
[    4039ms] [LOG] [direct] deduped player to 1 @ chrome-extension://ihaelfjohnpciodjianpgchimpgifgjk/js/direct.js:324
[    4040ms] [LOG] [direct] Download button injected (player mini) @ chrome-extension://ihaelfjohnpciodjianpgchimpgifgjk/js/direct.js:306
[    4041ms] [LOG] [direct] deduped player to 1 @ chrome-extension://ihaelfjohnpciodjianpgchimpgifgjk/js/direct.js:324
[    4042ms] [LOG] [direct] Download button injected (player mini) @ chrome-extension://ihaelfjohnpciodjianpgchimpgifgjk/js/direct.js:306
[    4042ms] [LOG] [direct] deduped player to 1 @ chrome-extension://ihaelfjohnpciodjianpgchimpgifgjk/js/direct.js:324
[    4043ms] [LOG] [direct] Download button injected (player mini) @ chrome-extension://ihaelfjohnpciodjianpgchimpgifgjk/js/direct.js:306
[    4044ms] [LOG] [direct] deduped player to 1 @ chrome-extension://ihaelfjohnpciodjianpgchimpgifgjk/js/direct.js:324
[    4045ms] [LOG] [direct] Download button injected (player mini) @ chrome-extension://ihaelfjohnpciodjianpgchimpgifgjk/js/direct.js:306
[    4045ms] [LOG] [direct] deduped player to 1 @ chrome-extension://ihaelfjohnpciodjianpgchimpgifgjk/js/direct.js:324
[    4047ms] [LOG] [direct] Download button injected (player mini) @ chrome-extension://ihaelfjohnpciodjianpgchimpgifgjk/js/direct.js:306
[    4047ms] [LOG] [direct] deduped player to 1 @ chrome-extension://ihaelfjohnpciodjianpgchimpgifgjk/js/direct.js:324
[    4048ms] [LOG] [direct] Download button injected (player mini) @ chrome-extension://ihaelfjohnpciodjianpgchimpgifgjk/js/direct.js:306
[    4049ms] [LOG] [direct] deduped player to 1 @ chrome-extension://ihaelfjohnpciodjianpgchimpgifgjk/js/direct.js:324
[    4050ms] [LOG] [direct] Download button injected (player mini) @ chrome-extension://ihaelfjohnpciodjianpgchimpgifgjk/js/direct.js:306
[    4051ms] [LOG] [direct] deduped player to 1 @ chrome-extension://ihaelfjohnpciodjianpgchimpgifgjk/js/direct.js:324
[    4053ms] [LOG] [direct] Download button injected (player mini) @ chrome-extension://ihaelfjohnpciodjianpgchimpgifgjk/js/direct.js:306
[    4054ms] [LOG] [direct] deduped player to 1 @ chrome-extension://ihaelfjohnpciodjianpgchimpgifgjk/js/direct.js:324
[    4055ms] [LOG] [direct] Download button injected (player mini) @ chrome-extension://ihaelfjohnpciodjianpgchimpgifgjk/js/direct.js:306
[    4055ms] [LOG] [direct] deduped player to 1 @ chrome-extension://ihaelfjohnpciodjianpgchimpgifgjk/js/direct.js:324
[    4057ms] [LOG] [direct] Download button injected (player mini) @ chrome-extension://ihaelfjohnpciodjianpgchimpgifgjk/js/direct.js:306
[    4057ms] [LOG] [direct] deduped player to 1 @ chrome-extension://ihaelfjohnpciodjianpgchimpgifgjk/js/direct.js:324
[    4058ms] [LOG] [direct] Download button injected (player mini) @ chrome-extension://ihaelfjohnpciodjianpgchimpgifgjk/js/direct.js:306
[    4058ms] [LOG] [direct] deduped player to 1 @ chrome-extension://ihaelfjohnpciodjianpgchimpgifgjk/js/direct.js:324
[    4060ms] [LOG] [direct] Download button injected (player mini) @ chrome-extension://ihaelfjohnpciodjianpgchimpgifgjk/js/direct.js:306
[    4060ms] [LOG] [direct] deduped player to 1 @ chrome-extension://ihaelfjohnpciodjianpgchimpgifgjk/js/direct.js:324
[    4061ms] [LOG] [direct] Download button injected (player mini) @ chrome-extension://ihaelfjohnpciodjianpgchimpgifgjk/js/direct.js:306
[    4062ms] [LOG] [direct] deduped player to 1 @ chrome-extension://ihaelfjohnpciodjianpgchimpgifgjk/js/direct.js:324
[    4063ms] [LOG] [direct] Download button injected (player mini) @ chrome-extension://ihaelfjohnpciodjianpgchimpgifgjk/js/direct.js:306
[    4063ms] [LOG] [direct] deduped player to 1 @ chrome-extension://ihaelfjohnpciodjianpgchimpgifgjk/js/direct.js:324
[    4064ms] [LOG] [direct] Download button injected (player mini) @ chrome-extension://ihaelfjohnpciodjianpgchimpgifgjk/js/direct.js:306
[    4065ms] [LOG] [direct] deduped player to 1 @ chrome-extension://ihaelfjohnpciodjianpgchimpgifgjk/js/direct.js:324
[    4066ms] [LOG] [direct] Download button injected (player mini) @ chrome-extension://ihaelfjohnpciodjianpgchimpgifgjk/js/direct.js:306
[    4066ms] [LOG] [direct] deduped player to 1 @ chrome-extension://ihaelfjohnpciodjianpgchimpgifgjk/js/direct.js:324
[    4067ms] [LOG] [direct] Download button injected (player mini) @ chrome-extension://ihaelfjohnpciodjianpgchimpgifgjk/js/direct.js:306
[    4068ms] [LOG] [direct] deduped player to 1 @ chrome-extension://ihaelfjohnpciodjianpgchimpgifgjk/js/direct.js:324
[    4069ms] [LOG] [direct] Download button injected (player mini) @ chrome-extension://ihaelfjohnpciodjianpgchimpgifgjk/js/direct.js:306
[    4069ms] [LOG] [direct] deduped player to 1 @ chrome-extension://ihaelfjohnpciodjianpgchimpgifgjk/js/direct.js:324
[    4070ms] [LOG] [direct] Download button injected (player mini) @ chrome-extension://ihaelfjohnpciodjianpgchimpgifgjk/js/direct.js:306
[    4071ms] [LOG] [direct] deduped player to 1 @ chrome-extension://ihaelfjohnpciodjianpgchimpgifgjk/js/direct.js:324
[    4072ms] [LOG] [direct] Download button injected (player mini) @ chrome-extension://ihaelfjohnpciodjianpgchimpgifgjk/js/direct.js:306
[    4072ms] [LOG] [direct] deduped player to 1 @ chrome-extension://ihaelfjohnpciodjianpgchimpgifgjk/js/direct.js:324
[    4073ms] [LOG] [direct] Download button injected (player mini) @ chrome-extension://ihaelfjohnpciodjianpgchimpgifgjk/js/direct.js:306
[    4073ms] [LOG] [direct] deduped player to 1 @ chrome-extension://ihaelfjohnpciodjianpgchimpgifgjk/js/direct.js:324
[    4074ms] [LOG] [direct] Download button injected (player mini) @ chrome-extension://ihaelfjohnpciodjianpgchimpgifgjk/js/direct.js:306
[    4075ms] [LOG] [direct] deduped player to 1 @ chrome-extension://ihaelfjohnpciodjianpgchimpgifgjk/js/direct.js:324
[    4076ms] [LOG] [direct] Download button injected (player mini) @ chrome-extension://ihaelfjohnpciodjianpgchimpgifgjk/js/direct.js:306
[    4077ms] [LOG] [direct] deduped player to 1 @ chrome-extension://ihaelfjohnpciodjianpgchimpgifgjk/js/direct.js:324
[    4078ms] [LOG] [direct] Download button injected (player mini) @ chrome-extension://ihaelfjohnpciodjianpgchimpgifgjk/js/direct.js:306
[    4078ms] [LOG] [direct] deduped player to 1 @ chrome-extension://ihaelfjohnpciodjianpgchimpgifgjk/js/direct.js:324
[    4080ms] [LOG] [direct] Download button injected (player mini) @ chrome-extension://ihaelfjohnpciodjianpgchimpgifgjk/js/direct.js:306
[    4080ms] [LOG] [direct] deduped player to 1 @ chrome-extension://ihaelfjohnpciodjianpgchimpgifgjk/js/direct.js:324
[    4081ms] [LOG] [direct] Download button injected (player mini) @ chrome-extension://ihaelfjohnpciodjianpgchimpgifgjk/js/direct.js:306
[    4082ms] [LOG] [direct] deduped player to 1 @ chrome-extension://ihaelfjohnpciodjianpgchimpgifgjk/js/direct.js:324
[    4083ms] [LOG] [direct] Download button injected (player mini) @ chrome-extension://ihaelfjohnpciodjianpgchimpgifgjk/js/direct.js:306
[    4084ms] [LOG] [direct] deduped player to 1 @ chrome-extension://ihaelfjohnpciodjianpgchimpgifgjk/js/direct.js:324
[    4085ms] [LOG] [direct] Download button injected (player mini) @ chrome-extension://ihaelfjohnpciodjianpgchimpgifgjk/js/direct.js:306
[    4086ms] [LOG] [direct] deduped player to 1 @ chrome-extension://ihaelfjohnpciodjianpgchimpgifgjk/js/direct.js:324
[    4087ms] [LOG] [direct] Download button injected (player mini) @ chrome-extension://ihaelfjohnpciodjianpgchimpgifgjk/js/direct.js:306
[    4087ms] [LOG] [direct] deduped player to 1 @ chrome-extension://ihaelfjohnpciodjianpgchimpgifgjk/js/direct.js:324
[    4088ms] [LOG] [direct] Download button injected (player mini) @ chrome-extension://ihaelfjohnpciodjianpgchimpgifgjk/js/direct.js:306
[    4089ms] [LOG] [direct] deduped player to 1 @ chrome-extension://ihaelfjohnpciodjianpgchimpgifgjk/js/direct.js:324
[    4090ms] [LOG] [direct] Download button injected (player mini) @ chrome-extension://ihaelfjohnpciodjianpgchimpgifgjk/js/direct.js:306
[    4090ms] [LOG] [direct] deduped player to 1 @ chrome-extension://ihaelfjohnpciodjianpgchimpgifgjk/js/direct.js:324
[    4091ms] [LOG] [direct] Download button injected (player mini) @ chrome-extension://ihaelfjohnpciodjianpgchimpgifgjk/js/direct.js:306
[    4092ms] [LOG] [direct] deduped player to 1 @ chrome-extension://ihaelfjohnpciodjianpgchimpgifgjk/js/direct.js:324
[    4093ms] [LOG] [direct] Download button injected (player mini) @ chrome-extension://ihaelfjohnpciodjianpgchimpgifgjk/js/direct.js:306
[    4094ms] [LOG] [direct] deduped player to 1 @ chrome-extension://ihaelfjohnpciodjianpgchimpgifgjk/js/direct.js:324
[    4095ms] [LOG] [direct] Download button injected (player mini) @ chrome-extension://ihaelfjohnpciodjianpgchimpgifgjk/js/direct.js:306
[    4096ms] [LOG] [direct] deduped player to 1 @ chrome-extension://ihaelfjohnpciodjianpgchimpgifgjk/js/direct.js:324
[    4097ms] [LOG] [direct] Download button injected (player mini) @ chrome-extension://ihaelfjohnpciodjianpgchimpgifgjk/js/direct.js:306
[    4097ms] [LOG] [direct] deduped player to 1 @ chrome-extension://ihaelfjohnpciodjianpgchimpgifgjk/js/direct.js:324
[    4098ms] [LOG] [direct] Download button injected (player mini) @ chrome-extension://ihaelfjohnpciodjianpgchimpgifgjk/js/direct.js:306
[    4099ms] [LOG] [direct] deduped player to 1 @ chrome-extension://ihaelfjohnpciodjianpgchimpgifgjk/js/direct.js:324
[    4100ms] [LOG] [direct] Download button injected (player mini) @ chrome-extension://ihaelfjohnpciodjianpgchimpgifgjk/js/direct.js:306
[    4100ms] [LOG] [direct] deduped player to 1 @ chrome-extension://ihaelfjohnpciodjianpgchimpgifgjk/js/direct.js:324
[    4101ms] [LOG] [direct] Download button injected (player mini) @ chrome-extension://ihaelfjohnpciodjianpgchimpgifgjk/js/direct.js:306
[    4101ms] [LOG] [direct] deduped player to 1 @ chrome-extension://ihaelfjohnpciodjianpgchimpgifgjk/js/direct.js:324
[    4102ms] [LOG] [direct] Download button injected (player mini) @ chrome-extension://ihaelfjohnpciodjianpgchimpgifgjk/js/direct.js:306
[    4102ms] [LOG] [direct] deduped player to 1 @ chrome-extension://ihaelfjohnpciodjianpgchimpgifgjk/js/direct.js:324
[    4104ms] [LOG] [direct] Download button injected (player mini) @ chrome-extension://ihaelfjohnpciodjianpgchimpgifgjk/js/direct.js:306
[    4104ms] [LOG] [direct] deduped player to 1 @ chrome-extension://ihaelfjohnpciodjianpgchimpgifgjk/js/direct.js:324
[    4105ms] [LOG] [direct] Download button injected (player mini) @ chrome-extension://ihaelfjohnpciodjianpgchimpgifgjk/js/direct.js:306
[    4105ms] [LOG] [direct] deduped player to 1 @ chrome-extension://ihaelfjohnpciodjianpgchimpgifgjk/js/direct.js:324
[    4106ms] [LOG] [direct] Download button injected (player mini) @ chrome-extension://ihaelfjohnpciodjianpgchimpgifgjk/js/direct.js:306
[    4107ms] [LOG] [direct] deduped player to 1 @ chrome-extension://ihaelfjohnpciodjianpgchimpgifgjk/js/direct.js:324
[    4108ms] [LOG] [direct] Download button injected (player mini) @ chrome-extension://ihaelfjohnpciodjianpgchimpgifgjk/js/direct.js:306
[    4108ms] [LOG] [direct] deduped player to 1 @ chrome-extension://ihaelfjohnpciodjianpgchimpgifgjk/js/direct.js:324
[    4109ms] [LOG] [direct] Download button injected (player mini) @ chrome-extension://ihaelfjohnpciodjianpgchimpgifgjk/js/direct.js:306
[    4110ms] [LOG] [direct] deduped player to 1 @ chrome-extension://ihaelfjohnpciodjianpgchimpgifgjk/js/direct.js:324
[    4111ms] [LOG] [direct] Download button injected (player mini) @ chrome-extension://ihaelfjohnpciodjianpgchimpgifgjk/js/direct.js:306
[    4111ms] [LOG] [direct] deduped player to 1 @ chrome-extension://ihaelfjohnpciodjianpgchimpgifgjk/js/direct.js:324
[    4112ms] [LOG] [direct] Download button injected (player mini) @ chrome-extension://ihaelfjohnpciodjianpgchimpgifgjk/js/direct.js:306
[    4113ms] [LOG] [direct] deduped player to 1 @ chrome-extension://ihaelfjohnpciodjianpgchimpgifgjk/js/direct.js:324
[    4114ms] [LOG] [direct] Download button injected (player mini) @ chrome-extension://ihaelfjohnpciodjianpgchimpgifgjk/js/direct.js:306
[    4114ms] [LOG] [direct] deduped player to 1 @ chrome-extension://ihaelfjohnpciodjianpgchimpgifgjk/js/direct.js:324
[    4115ms] [LOG] [direct] Download button injected (player mini) @ chrome-extension://ihaelfjohnpciodjianpgchimpgifgjk/js/direct.js:306
[    4116ms] [LOG] [direct] deduped player to 1 @ chrome-extension://ihaelfjohnpciodjianpgchimpgifgjk/js/direct.js:324
[    4117ms] [LOG] [direct] Download button injected (player mini) @ chrome-extension://ihaelfjohnpciodjianpgchimpgifgjk/js/direct.js:306
[    4117ms] [LOG] [direct] deduped player to 1 @ chrome-extension://ihaelfjohnpciodjianpgchimpgifgjk/js/direct.js:324
[    4118ms] [LOG] [direct] Download button injected (player mini) @ chrome-extension://ihaelfjohnpciodjianpgchimpgifgjk/js/direct.js:306
[    4119ms] [LOG] [direct] deduped player to 1 @ chrome-extension://ihaelfjohnpciodjianpgchimpgifgjk/js/direct.js:324
[    4120ms] [LOG] [direct] Download button injected (player mini) @ chrome-extension://ihaelfjohnpciodjianpgchimpgifgjk/js/direct.js:306
[    4120ms] [LOG] [direct] deduped player to 1 @ chrome-extension://ihaelfjohnpciodjianpgchimpgifgjk/js/direct.js:324
[    4121ms] [LOG] [direct] Download button injected (player mini) @ chrome-extension://ihaelfjohnpciodjianpgchimpgifgjk/js/direct.js:306
[    4121ms] [LOG] [direct] deduped player to 1 @ chrome-extension://ihaelfjohnpciodjianpgchimpgifgjk/js/direct.js:324
[    4122ms] [LOG] [direct] Download button injected (player mini) @ chrome-extension://ihaelfjohnpciodjianpgchimpgifgjk/js/direct.js:306
[    4122ms] [LOG] [direct] deduped player to 1 @ chrome-extension://ihaelfjohnpciodjianpgchimpgifgjk/js/direct.js:324
[    4123ms] [LOG] [direct] Download button injected (player mini) @ chrome-extension://ihaelfjohnpciodjianpgchimpgifgjk/js/direct.js:306
[    4123ms] [LOG] [direct] deduped player to 1 @ chrome-extension://ihaelfjohnpciodjianpgchimpgifgjk/js/direct.js:324
[    4124ms] [LOG] [direct] Download button injected (player mini) @ chrome-extension://ihaelfjohnpciodjianpgchimpgifgjk/js/direct.js:306
[    4125ms] [LOG] [direct] deduped player to 1 @ chrome-extension://ihaelfjohnpciodjianpgchimpgifgjk/js/direct.js:324
[    4126ms] [LOG] [direct] Download button injected (player mini) @ chrome-extension://ihaelfjohnpciodjianpgchimpgifgjk/js/direct.js:306
[    4127ms] [LOG] [direct] deduped player to 1 @ chrome-extension://ihaelfjohnpciodjianpgchimpgifgjk/js/direct.js:324
[    4128ms] [LOG] [direct] Download button injected (player mini) @ chrome-extension://ihaelfjohnpciodjianpgchimpgifgjk/js/direct.js:306
[    4128ms] [LOG] [direct] deduped player to 1 @ chrome-extension://ihaelfjohnpciodjianpgchimpgifgjk/js/direct.js:324
[    4129ms] [LOG] [direct] Download button injected (player mini) @ chrome-extension://ihaelfjohnpciodjianpgchimpgifgjk/js/direct.js:306
[    4129ms] [LOG] [direct] deduped player to 1 @ chrome-extension://ihaelfjohnpciodjianpgchimpgifgjk/js/direct.js:324
[    4130ms] [LOG] [direct] Download button injected (player mini) @ chrome-extension://ihaelfjohnpciodjianpgchimpgifgjk/js/direct.js:306
[    4130ms] [LOG] [direct] deduped player to 1 @ chrome-extension://ihaelfjohnpciodjianpgchimpgifgjk/js/direct.js:324
[    4131ms] [LOG] [direct] Download button injected (player mini) @ chrome-extension://ihaelfjohnpciodjianpgchimpgifgjk/js/direct.js:306
[    4132ms] [LOG] [direct] deduped player to 1 @ chrome-extension://ihaelfjohnpciodjianpgchimpgifgjk/js/direct.js:324
[    4132ms] [LOG] [direct] Download button injected (player mini) @ chrome-extension://ihaelfjohnpciodjianpgchimpgifgjk/js/direct.js:306
[    4133ms] [LOG] [direct] deduped player to 1 @ chrome-extension://ihaelfjohnpciodjianpgchimpgifgjk/js/direct.js:324
[    4133ms] [LOG] [direct] Download button injected (player mini) @ chrome-extension://ihaelfjohnpciodjianpgchimpgifgjk/js/direct.js:306
[    4134ms] [LOG] [direct] deduped player to 1 @ chrome-extension://ihaelfjohnpciodjianpgchimpgifgjk/js/direct.js:324
[    4135ms] [LOG] [direct] Download button injected (player mini) @ chrome-extension://ihaelfjohnpciodjianpgchimpgifgjk/js/direct.js:306
[    4135ms] [LOG] [direct] deduped player to 1 @ chrome-extension://ihaelfjohnpciodjianpgchimpgifgjk/js/direct.js:324
[    4136ms] [LOG] [direct] Download button injected (player mini) @ chrome-extension://ihaelfjohnpciodjianpgchimpgifgjk/js/direct.js:306
[    4136ms] [LOG] [direct] deduped player to 1 @ chrome-extension://ihaelfjohnpciodjianpgchimpgifgjk/js/direct.js:324
[    4137ms] [LOG] [direct] Download button injected (player mini) @ chrome-extension://ihaelfjohnpciodjianpgchimpgifgjk/js/direct.js:306
[    4138ms] [LOG] [direct] deduped player to 1 @ chrome-extension://ihaelfjohnpciodjianpgchimpgifgjk/js/direct.js:324
[    4139ms] [LOG] [direct] Download button injected (player mini) @ chrome-extension://ihaelfjohnpciodjianpgchimpgifgjk/js/direct.js:306
[    4139ms] [LOG] [direct] deduped player to 1 @ chrome-extension://ihaelfjohnpciodjianpgchimpgifgjk/js/direct.js:324
[    4140ms] [LOG] [direct] Download button injected (player mini) @ chrome-extension://ihaelfjohnpciodjianpgchimpgifgjk/js/direct.js:306
[    4140ms] [LOG] [direct] deduped player to 1 @ chrome-extension://ihaelfjohnpciodjianpgchimpgifgjk/js/direct.js:324
[    4141ms] [LOG] [direct] Download button injected (player mini) @ chrome-extension://ihaelfjohnpciodjianpgchimpgifgjk/js/direct.js:306
[    4141ms] [LOG] [direct] deduped player to 1 @ chrome-extension://ihaelfjohnpciodjianpgchimpgifgjk/js/direct.js:324
[    4142ms] [LOG] [direct] Download button injected (player mini) @ chrome-extension://ihaelfjohnpciodjianpgchimpgifgjk/js/direct.js:306
[    4142ms] [LOG] [direct] deduped player to 1 @ chrome-extension://ihaelfjohnpciodjianpgchimpgifgjk/js/direct.js:324
[    4143ms] [LOG] [direct] Download button injected (player mini) @ chrome-extension://ihaelfjohnpciodjianpgchimpgifgjk/js/direct.js:306
[    4144ms] [LOG] [direct] deduped player to 1 @ chrome-extension://ihaelfjohnpciodjianpgchimpgifgjk/js/direct.js:324
[    4144ms] [LOG] [direct] Download button injected (player mini) @ chrome-extension://ihaelfjohnpciodjianpgchimpgifgjk/js/direct.js:306
[    4145ms] [LOG] [direct] deduped player to 1 @ chrome-extension://ihaelfjohnpciodjianpgchimpgifgjk/js/direct.js:324
[    4146ms] [LOG] [direct] Download button injected (player mini) @ chrome-extension://ihaelfjohnpciodjianpgchimpgifgjk/js/direct.js:306
[    4146ms] [LOG] [direct] deduped player to 1 @ chrome-extension://ihaelfjohnpciodjianpgchimpgifgjk/js/direct.js:324
[    4147ms] [LOG] [direct] Download button injected (player mini) @ chrome-extension://ihaelfjohnpciodjianpgchimpgifgjk/js/direct.js:306
[    4147ms] [LOG] [direct] deduped player to 1 @ chrome-extension://ihaelfjohnpciodjianpgchimpgifgjk/js/direct.js:324
[    4148ms] [LOG] [direct] Download button injected (player mini) @ chrome-extension://ihaelfjohnpciodjianpgchimpgifgjk/js/direct.js:306
[    4149ms] [LOG] [direct] deduped player to 1 @ chrome-extension://ihaelfjohnpciodjianpgchimpgifgjk/js/direct.js:324
[    4149ms] [LOG] [direct] Download button injected (player mini) @ chrome-extension://ihaelfjohnpciodjianpgchimpgifgjk/js/direct.js:306
[    4150ms] [LOG] [direct] deduped player to 1 @ chrome-extension://ihaelfjohnpciodjianpgchimpgifgjk/js/direct.js:324
[    4150ms] [LOG] [direct] Download button injected (player mini) @ chrome-extension://ihaelfjohnpciodjianpgchimpgifgjk/js/direct.js:306
[    4151ms] [LOG] [direct] deduped player to 1 @ chrome-extension://ihaelfjohnpciodjianpgchimpgifgjk/js/direct.js:324
[    4151ms] [LOG] [direct] Download button injected (player mini) @ chrome-extension://ihaelfjohnpciodjianpgchimpgifgjk/js/direct.js:306
[    4152ms] [LOG] [direct] deduped player to 1 @ chrome-extension://ihaelfjohnpciodjianpgchimpgifgjk/js/direct.js:324
[    4152ms] [LOG] [direct] Download button injected (player mini) @ chrome-extension://ihaelfjohnpciodjianpgchimpgifgjk/js/direct.js:306
[    4153ms] [LOG] [direct] deduped player to 1 @ chrome-extension://ihaelfjohnpciodjianpgchimpgifgjk/js/direct.js:324
[    4153ms] [LOG] [direct] Download button injected (player mini) @ chrome-extension://ihaelfjohnpciodjianpgchimpgifgjk/js/direct.js:306
[    4154ms] [LOG] [direct] deduped player to 1 @ chrome-extension://ihaelfjohnpciodjianpgchimpgifgjk/js/direct.js:324
[    4155ms] [LOG] [direct] Download button injected (player mini) @ chrome-extension://ihaelfjohnpciodjianpgchimpgifgjk/js/direct.js:306
[    4155ms] [LOG] [direct] deduped player to 1 @ chrome-extension://ihaelfjohnpciodjianpgchimpgifgjk/js/direct.js:324
[    4156ms] [LOG] [direct] Download button injected (player mini) @ chrome-extension://ihaelfjohnpciodjianpgchimpgifgjk/js/direct.js:306
[    4156ms] [LOG] [direct] deduped player to 1 @ chrome-extension://ihaelfjohnpciodjianpgchimpgifgjk/js/direct.js:324
[    4157ms] [LOG] [direct] Download button injected (player mini) @ chrome-extension://ihaelfjohnpciodjianpgchimpgifgjk/js/direct.js:306
[    4157ms] [LOG] [direct] deduped player to 1 @ chrome-extension://ihaelfjohnpciodjianpgchimpgifgjk/js/direct.js:324
[    4159ms] [LOG] [direct] Download button injected (player mini) @ chrome-extension://ihaelfjohnpciodjianpgchimpgifgjk/js/direct.js:306
[    4159ms] [LOG] [direct] deduped player to 1 @ chrome-extension://ihaelfjohnpciodjianpgchimpgifgjk/js/direct.js:324
[    4160ms] [LOG] [direct] Download button injected (player mini) @ chrome-extension://ihaelfjohnpciodjianpgchimpgifgjk/js/direct.js:306
[    4161ms] [LOG] [direct] deduped player to 1 @ chrome-extension://ihaelfjohnpciodjianpgchimpgifgjk/js/direct.js:324
[    4162ms] [LOG] [direct] Download button injected (player mini) @ chrome-extension://ihaelfjohnpciodjianpgchimpgifgjk/js/direct.js:306
[    4162ms] [LOG] [direct] deduped player to 1 @ chrome-extension://ihaelfjohnpciodjianpgchimpgifgjk/js/direct.js:324
[    4162ms] [LOG] [direct] Download button injected (player mini) @ chrome-extension://ihaelfjohnpciodjianpgchimpgifgjk/js/direct.js:306
[    4163ms] [LOG] [direct] deduped player to 1 @ chrome-extension://ihaelfjohnpciodjianpgchimpgifgjk/js/direct.js:324
[    4163ms] [LOG] [direct] Download button injected (player mini) @ chrome-extension://ihaelfjohnpciodjianpgchimpgifgjk/js/direct.js:306
[    4164ms] [LOG] [direct] deduped player to 1 @ chrome-extension://ihaelfjohnpciodjianpgchimpgifgjk/js/direct.js:324
[    4164ms] [LOG] [direct] Download button injected (player mini) @ chrome-extension://ihaelfjohnpciodjianpgchimpgifgjk/js/direct.js:306
[    4165ms] [LOG] [direct] deduped player to 1 @ chrome-extension://ihaelfjohnpciodjianpgchimpgifgjk/js/direct.js:324
[    4165ms] [LOG] [direct] Download button injected (player mini) @ chrome-extension://ihaelfjohnpciodjianpgchimpgifgjk/js/direct.js:306
[    4166ms] [LOG] [direct] deduped player to 1 @ chrome-extension://ihaelfjohnpciodjianpgchimpgifgjk/js/direct.js:324
[    4166ms] [LOG] [direct] Download button injected (player mini) @ chrome-extension://ihaelfjohnpciodjianpgchimpgifgjk/js/direct.js:306
[    4167ms] [LOG] [direct] deduped player to 1 @ chrome-extension://ihaelfjohnpciodjianpgchimpgifgjk/js/direct.js:324
[    4167ms] [LOG] [direct] Download button injected (player mini) @ chrome-extension://ihaelfjohnpciodjianpgchimpgifgjk/js/direct.js:306
[    4168ms] [LOG] [direct] deduped player to 1 @ chrome-extension://ihaelfjohnpciodjianpgchimpgifgjk/js/direct.js:324
[    4168ms] [LOG] [direct] Download button injected (player mini) @ chrome-extension://ihaelfjohnpciodjianpgchimpgifgjk/js/direct.js:306
[    4169ms] [LOG] [direct] deduped player to 1 @ chrome-extension://ihaelfjohnpciodjianpgchimpgifgjk/js/direct.js:324
[    4169ms] [LOG] [direct] Download button injected (player mini) @ chrome-extension://ihaelfjohnpciodjianpgchimpgifgjk/js/direct.js:306
[    4169ms] [LOG] [direct] deduped player to 1 @ chrome-extension://ihaelfjohnpciodjianpgchimpgifgjk/js/direct.js:324
[    4170ms] [LOG] [direct] Download button injected (player mini) @ chrome-extension://ihaelfjohnpciodjianpgchimpgifgjk/js/direct.js:306
[    4171ms] [LOG] [direct] deduped player to 1 @ chrome-extension://ihaelfjohnpciodjianpgchimpgifgjk/js/direct.js:324
[    4172ms] [LOG] [direct] Download button injected (player mini) @ chrome-extension://ihaelfjohnpciodjianpgchimpgifgjk/js/direct.js:306
[    4172ms] [LOG] [direct] deduped player to 1 @ chrome-extension://ihaelfjohnpciodjianpgchimpgifgjk/js/direct.js:324
[    4173ms] [LOG] [direct] Download button injected (player mini) @ chrome-extension://ihaelfjohnpciodjianpgchimpgifgjk/js/direct.js:306
[    4173ms] [LOG] [direct] deduped player to 1 @ chrome-extension://ihaelfjohnpciodjianpgchimpgifgjk/js/direct.js:324
[    4174ms] [LOG] [direct] Download button injected (player mini) @ chrome-extension://ihaelfjohnpciodjianpgchimpgifgjk/js/direct.js:306
[    4175ms] [LOG] [direct] deduped player to 1 @ chrome-extension://ihaelfjohnpciodjianpgchimpgifgjk/js/direct.js:324
[    4176ms] [LOG] [direct] Download button injected (player mini) @ chrome-extension://ihaelfjohnpciodjianpgchimpgifgjk/js/direct.js:306
[    4177ms] [LOG] [direct] deduped player to 1 @ chrome-extension://ihaelfjohnpciodjianpgchimpgifgjk/js/direct.js:324
[    4178ms] [LOG] [direct] Download button injected (player mini) @ chrome-extension://ihaelfjohnpciodjianpgchimpgifgjk/js/direct.js:306
[    4178ms] [LOG] [direct] deduped player to 1 @ chrome-extension://ihaelfjohnpciodjianpgchimpgifgjk/js/direct.js:324
[    4179ms] [LOG] [direct] Download button injected (player mini) @ chrome-extension://ihaelfjohnpciodjianpgchimpgifgjk/js/direct.js:306
[    4179ms] [LOG] [direct] deduped player to 1 @ chrome-extension://ihaelfjohnpciodjianpgchimpgifgjk/js/direct.js:324
[    4180ms] [LOG] [direct] Download button injected (player mini) @ chrome-extension://ihaelfjohnpciodjianpgchimpgifgjk/js/direct.js:306
[    4180ms] [LOG] [direct] deduped player to 1 @ chrome-extension://ihaelfjohnpciodjianpgchimpgifgjk/js/direct.js:324
[    4181ms] [LOG] [direct] Download button injected (player mini) @ chrome-extension://ihaelfjohnpciodjianpgchimpgifgjk/js/direct.js:306
[    4181ms] [LOG] [direct] deduped player to 1 @ chrome-extension://ihaelfjohnpciodjianpgchimpgifgjk/js/direct.js:324
[    4182ms] [LOG] [direct] Download button injected (player mini) @ chrome-extension://ihaelfjohnpciodjianpgchimpgifgjk/js/direct.js:306
[    4182ms] [LOG] [direct] deduped player to 1 @ chrome-extension://ihaelfjohnpciodjianpgchimpgifgjk/js/direct.js:324
[    4183ms] [LOG] [direct] Download button injected (player mini) @ chrome-extension://ihaelfjohnpciodjianpgchimpgifgjk/js/direct.js:306
[    4183ms] [LOG] [direct] deduped player to 1 @ chrome-extension://ihaelfjohnpciodjianpgchimpgifgjk/js/direct.js:324
[    4184ms] [LOG] [direct] Download button injected (player mini) @ chrome-extension://ihaelfjohnpciodjianpgchimpgifgjk/js/direct.js:306
[    4184ms] [LOG] [direct] deduped player to 1 @ chrome-extension://ihaelfjohnpciodjianpgchimpgifgjk/js/direct.js:324
[    4185ms] [LOG] [direct] Download button injected (player mini) @ chrome-extension://ihaelfjohnpciodjianpgchimpgifgjk/js/direct.js:306
[    4185ms] [LOG] [direct] deduped player to 1 @ chrome-extension://ihaelfjohnpciodjianpgchimpgifgjk/js/direct.js:324
[    4186ms] [LOG] [direct] Download button injected (player mini) @ chrome-extension://ihaelfjohnpciodjianpgchimpgifgjk/js/direct.js:306
[    4186ms] [LOG] [direct] deduped player to 1 @ chrome-extension://ihaelfjohnpciodjianpgchimpgifgjk/js/direct.js:324
[    4187ms] [LOG] [direct] Download button injected (player mini) @ chrome-extension://ihaelfjohnpciodjianpgchimpgifgjk/js/direct.js:306
[    4187ms] [LOG] [direct] deduped player to 1 @ chrome-extension://ihaelfjohnpciodjianpgchimpgifgjk/js/direct.js:324
[    4188ms] [LOG] [direct] Download button injected (player mini) @ chrome-extension://ihaelfjohnpciodjianpgchimpgifgjk/js/direct.js:306
[    4190ms] [LOG] [direct] deduped player to 1 @ chrome-extension://ihaelfjohnpciodjianpgchimpgifgjk/js/direct.js:324
[    4191ms] [LOG] [direct] Download button injected (player mini) @ chrome-extension://ihaelfjohnpciodjianpgchimpgifgjk/js/direct.js:306
[    4192ms] [LOG] [direct] deduped player to 1 @ chrome-extension://ihaelfjohnpciodjianpgchimpgifgjk/js/direct.js:324
[    4193ms] [LOG] [direct] Download button injected (player mini) @ chrome-extension://ihaelfjohnpciodjianpgchimpgifgjk/js/direct.js:306
[    4194ms] [LOG] [direct] deduped player to 1 @ chrome-extension://ihaelfjohnpciodjianpgchimpgifgjk/js/direct.js:324
[    4195ms] [LOG] [direct] Download button injected (player mini) @ chrome-extension://ihaelfjohnpciodjianpgchimpgifgjk/js/direct.js:306
[    4196ms] [LOG] [direct] deduped player to 1 @ chrome-extension://ihaelfjohnpciodjianpgchimpgifgjk/js/direct.js:324
[    4197ms] [LOG] [direct] Download button injected (player mini) @ chrome-extension://ihaelfjohnpciodjianpgchimpgifgjk/js/direct.js:306
[    4197ms] [LOG] [direct] deduped player to 1 @ chrome-extension://ihaelfjohnpciodjianpgchimpgifgjk/js/direct.js:324
[    4198ms] [LOG] [direct] Download button injected (player mini) @ chrome-extension://ihaelfjohnpciodjianpgchimpgifgjk/js/direct.js:306
[    4198ms] [LOG] [direct] deduped player to 1 @ chrome-extension://ihaelfjohnpciodjianpgchimpgifgjk/js/direct.js:324
[    4199ms] [LOG] [direct] Download button injected (player mini) @ chrome-extension://ihaelfjohnpciodjianpgchimpgifgjk/js/direct.js:306
[    4200ms] [LOG] [direct] deduped player to 1 @ chrome-extension://ihaelfjohnpciodjianpgchimpgifgjk/js/direct.js:324
[    4201ms] [LOG] [direct] Download button injected (player mini) @ chrome-extension://ihaelfjohnpciodjianpgchimpgifgjk/js/direct.js:306
[    4201ms] [LOG] [direct] deduped player to 1 @ chrome-extension://ihaelfjohnpciodjianpgchimpgifgjk/js/direct.js:324
[    4202ms] [LOG] [direct] Download button injected (player mini) @ chrome-extension://ihaelfjohnpciodjianpgchimpgifgjk/js/direct.js:306
[    4202ms] [LOG] [direct] deduped player to 1 @ chrome-extension://ihaelfjohnpciodjianpgchimpgifgjk/js/direct.js:324
[    4203ms] [LOG] [direct] Download button injected (player mini) @ chrome-extension://ihaelfjohnpciodjianpgchimpgifgjk/js/direct.js:306
[    4203ms] [LOG] [direct] deduped player to 1 @ chrome-extension://ihaelfjohnpciodjianpgchimpgifgjk/js/direct.js:324
[    4204ms] [LOG] [direct] Download button injected (player mini) @ chrome-extension://ihaelfjohnpciodjianpgchimpgifgjk/js/direct.js:306
[    4204ms] [LOG] [direct] deduped player to 1 @ chrome-extension://ihaelfjohnpciodjianpgchimpgifgjk/js/direct.js:324
[    4205ms] [LOG] [direct] Download button injected (player mini) @ chrome-extension://ihaelfjohnpciodjianpgchimpgifgjk/js/direct.js:306
[    4205ms] [LOG] [direct] deduped player to 1 @ chrome-extension://ihaelfjohnpciodjianpgchimpgifgjk/js/direct.js:324
[    4206ms] [LOG] [direct] Download button injected (player mini) @ chrome-extension://ihaelfjohnpciodjianpgchimpgifgjk/js/direct.js:306
[    4207ms] [LOG] [direct] deduped player to 1 @ chrome-extension://ihaelfjohnpciodjianpgchimpgifgjk/js/direct.js:324
[    4207ms] [LOG] [direct] Download button injected (player mini) @ chrome-extension://ihaelfjohnpciodjianpgchimpgifgjk/js/direct.js:306
[    4208ms] [LOG] [direct] deduped player to 1 @ chrome-extension://ihaelfjohnpciodjianpgchimpgifgjk/js/direct.js:324
[    4209ms] [LOG] [direct] Download button injected (player mini) @ chrome-extension://ihaelfjohnpciodjianpgchimpgifgjk/js/direct.js:306
[    4209ms] [LOG] [direct] deduped player to 1 @ chrome-extension://ihaelfjohnpciodjianpgchimpgifgjk/js/direct.js:324
[    4210ms] [LOG] [direct] Download button injected (player mini) @ chrome-extension://ihaelfjohnpciodjianpgchimpgifgjk/js/direct.js:306
[    4210ms] [LOG] [direct] deduped player to 1 @ chrome-extension://ihaelfjohnpciodjianpgchimpgifgjk/js/direct.js:324
[    4211ms] [LOG] [direct] Download button injected (player mini) @ chrome-extension://ihaelfjohnpciodjianpgchimpgifgjk/js/direct.js:306
[    4212ms] [LOG] [direct] deduped player to 1 @ chrome-extension://ihaelfjohnpciodjianpgchimpgifgjk/js/direct.js:324
[    4213ms] [LOG] [direct] Download button injected (player mini) @ chrome-extension://ihaelfjohnpciodjianpgchimpgifgjk/js/direct.js:306
[    4213ms] [LOG] [direct] deduped player to 1 @ chrome-extension://ihaelfjohnpciodjianpgchimpgifgjk/js/direct.js:324
[    4214ms] [LOG] [direct] Download button injected (player mini) @ chrome-extension://ihaelfjohnpciodjianpgchimpgifgjk/js/direct.js:306
[    4214ms] [LOG] [direct] deduped player to 1 @ chrome-extension://ihaelfjohnpciodjianpgchimpgifgjk/js/direct.js:324
[    4215ms] [LOG] [direct] Download button injected (player mini) @ chrome-extension://ihaelfjohnpciodjianpgchimpgifgjk/js/direct.js:306
[    4215ms] [LOG] [direct] deduped player to 1 @ chrome-extension://ihaelfjohnpciodjianpgchimpgifgjk/js/direct.js:324
[    4216ms] [LOG] [direct] Download button injected (player mini) @ chrome-extension://ihaelfjohnpciodjianpgchimpgifgjk/js/direct.js:306
[    4217ms] [LOG] [direct] deduped player to 1 @ chrome-extension://ihaelfjohnpciodjianpgchimpgifgjk/js/direct.js:324
[    4217ms] [LOG] [direct] Download button injected (player mini) @ chrome-extension://ihaelfjohnpciodjianpgchimpgifgjk/js/direct.js:306
[    4218ms] [LOG] [direct] deduped player to 1 @ chrome-extension://ihaelfjohnpciodjianpgchimpgifgjk/js/direct.js:324
[    4219ms] [LOG] [direct] Download button injected (player mini) @ chrome-extension://ihaelfjohnpciodjianpgchimpgifgjk/js/direct.js:306
[    4219ms] [LOG] [direct] deduped player to 1 @ chrome-extension://ihaelfjohnpciodjianpgchimpgifgjk/js/direct.js:324
[    4220ms] [LOG] [direct] Download button injected (player mini) @ chrome-extension://ihaelfjohnpciodjianpgchimpgifgjk/js/direct.js:306
[    4221ms] [LOG] [direct] deduped player to 1 @ chrome-extension://ihaelfjohnpciodjianpgchimpgifgjk/js/direct.js:324
[    4222ms] [LOG] [direct] Download button injected (player mini) @ chrome-extension://ihaelfjohnpciodjianpgchimpgifgjk/js/direct.js:306
[    4222ms] [LOG] [direct] deduped player to 1 @ chrome-extension://ihaelfjohnpciodjianpgchimpgifgjk/js/direct.js:324
[    4223ms] [LOG] [direct] Download button injected (player mini) @ chrome-extension://ihaelfjohnpciodjianpgchimpgifgjk/js/direct.js:306
[    4223ms] [LOG] [direct] deduped player to 1 @ chrome-extension://ihaelfjohnpciodjianpgchimpgifgjk/js/direct.js:324
[    4224ms] [LOG] [direct] Download button injected (player mini) @ chrome-extension://ihaelfjohnpciodjianpgchimpgifgjk/js/direct.js:306
[    4224ms] [LOG] [direct] deduped player to 1 @ chrome-extension://ihaelfjohnpciodjianpgchimpgifgjk/js/direct.js:324
[    4225ms] [LOG] [direct] Download button injected (player mini) @ chrome-extension://ihaelfjohnpciodjianpgchimpgifgjk/js/direct.js:306
[    4226ms] [LOG] [direct] deduped player to 1 @ chrome-extension://ihaelfjohnpciodjianpgchimpgifgjk/js/direct.js:324
[    4227ms] [LOG] [direct] Download button injected (player mini) @ chrome-extension://ihaelfjohnpciodjianpgchimpgifgjk/js/direct.js:306
[    4227ms] [LOG] [direct] deduped player to 1 @ chrome-extension://ihaelfjohnpciodjianpgchimpgifgjk/js/direct.js:324
[    4230ms] [LOG] [direct] Download button injected (player mini) @ chrome-extension://ihaelfjohnpciodjianpgchimpgifgjk/js/direct.js:306
[    4231ms] [LOG] [direct] deduped player to 1 @ chrome-extension://ihaelfjohnpciodjianpgchimpgifgjk/js/direct.js:324
[    4231ms] [LOG] [direct] Download button injected (player mini) @ chrome-extension://ihaelfjohnpciodjianpgchimpgifgjk/js/direct.js:306
[    4232ms] [LOG] [direct] deduped player to 1 @ chrome-extension://ihaelfjohnpciodjianpgchimpgifgjk/js/direct.js:324
[    4232ms] [LOG] [direct] Download button injected (player mini) @ chrome-extension://ihaelfjohnpciodjianpgchimpgifgjk/js/direct.js:306
[    4232ms] [LOG] [direct] deduped player to 1 @ chrome-extension://ihaelfjohnpciodjianpgchimpgifgjk/js/direct.js:324
[    4233ms] [LOG] [direct] Download button injected (player mini) @ chrome-extension://ihaelfjohnpciodjianpgchimpgifgjk/js/direct.js:306
[    4233ms] [LOG] [direct] deduped player to 1 @ chrome-extension://ihaelfjohnpciodjianpgchimpgifgjk/js/direct.js:324
[    4234ms] [LOG] [direct] Download button injected (player mini) @ chrome-extension://ihaelfjohnpciodjianpgchimpgifgjk/js/direct.js:306
[    4234ms] [LOG] [direct] deduped player to 1 @ chrome-extension://ihaelfjohnpciodjianpgchimpgifgjk/js/direct.js:324
[    4234ms] [LOG] [direct] Download button injected (player mini) @ chrome-extension://ihaelfjohnpciodjianpgchimpgifgjk/js/direct.js:306
[    4235ms] [LOG] [direct] deduped player to 1 @ chrome-extension://ihaelfjohnpciodjianpgchimpgifgjk/js/direct.js:324
[    4235ms] [LOG] [direct] Download button injected (player mini) @ chrome-extension://ihaelfjohnpciodjianpgchimpgifgjk/js/direct.js:306
[    4236ms] [LOG] [direct] deduped player to 1 @ chrome-extension://ihaelfjohnpciodjianpgchimpgifgjk/js/direct.js:324
[    4236ms] [LOG] [direct] Download button injected (player mini) @ chrome-extension://ihaelfjohnpciodjianpgchimpgifgjk/js/direct.js:306
[    4237ms] [LOG] [direct] deduped player to 1 @ chrome-extension://ihaelfjohnpciodjianpgchimpgifgjk/js/direct.js:324
[    4238ms] [LOG] [direct] Download button injected (player mini) @ chrome-extension://ihaelfjohnpciodjianpgchimpgifgjk/js/direct.js:306
[    4238ms] [LOG] [direct] deduped player to 1 @ chrome-extension://ihaelfjohnpciodjianpgchimpgifgjk/js/direct.js:324
[    4239ms] [LOG] [direct] Download button injected (player mini) @ chrome-extension://ihaelfjohnpciodjianpgchimpgifgjk/js/direct.js:306
[    4239ms] [LOG] [direct] deduped player to 1 @ chrome-extension://ihaelfjohnpciodjianpgchimpgifgjk/js/direct.js:324
[    4240ms] [LOG] [direct] Download button injected (player mini) @ chrome-extension://ihaelfjohnpciodjianpgchimpgifgjk/js/direct.js:306
[    4240ms] [LOG] [direct] deduped player to 1 @ chrome-extension://ihaelfjohnpciodjianpgchimpgifgjk/js/direct.js:324
[    4240ms] [LOG] [direct] Download button injected (player mini) @ chrome-extension://ihaelfjohnpciodjianpgchimpgifgjk/js/direct.js:306
[    4240ms] [LOG] [direct] deduped player to 1 @ chrome-extension://ihaelfjohnpciodjianpgchimpgifgjk/js/direct.js:324
[    4241ms] [LOG] [direct] Download button injected (player mini) @ chrome-extension://ihaelfjohnpciodjianpgchimpgifgjk/js/direct.js:306
[    4241ms] [LOG] [direct] deduped player to 1 @ chrome-extension://ihaelfjohnpciodjianpgchimpgifgjk/js/direct.js:324
[    4242ms] [LOG] [direct] Download button injected (player mini) @ chrome-extension://ihaelfjohnpciodjianpgchimpgifgjk/js/direct.js:306
[    4242ms] [LOG] [direct] deduped player to 1 @ chrome-extension://ihaelfjohnpciodjianpgchimpgifgjk/js/direct.js:324
[    4243ms] [LOG] [direct] Download button injected (player mini) @ chrome-extension://ihaelfjohnpciodjianpgchimpgifgjk/js/direct.js:306
[    4243ms] [LOG] [direct] deduped player to 1 @ chrome-extension://ihaelfjohnpciodjianpgchimpgifgjk/js/direct.js:324
[    4244ms] [LOG] [direct] Download button injected (player mini) @ chrome-extension://ihaelfjohnpciodjianpgchimpgifgjk/js/direct.js:306
[    4244ms] [LOG] [direct] deduped player to 1 @ chrome-extension://ihaelfjohnpciodjianpgchimpgifgjk/js/direct.js:324
[    4245ms] [LOG] [direct] Download button injected (player mini) @ chrome-extension://ihaelfjohnpciodjianpgchimpgifgjk/js/direct.js:306
[    4246ms] [LOG] [direct] deduped player to 1 @ chrome-extension://ihaelfjohnpciodjianpgchimpgifgjk/js/direct.js:324
[    4246ms] [LOG] [direct] Download button injected (player mini) @ chrome-extension://ihaelfjohnpciodjianpgchimpgifgjk/js/direct.js:306
[    4247ms] [LOG] [direct] deduped player to 1 @ chrome-extension://ihaelfjohnpciodjianpgchimpgifgjk/js/direct.js:324
[    4247ms] [LOG] [direct] Download button injected (player mini) @ chrome-extension://ihaelfjohnpciodjianpgchimpgifgjk/js/direct.js:306
[    4248ms] [LOG] [direct] deduped player to 1 @ chrome-extension://ihaelfjohnpciodjianpgchimpgifgjk/js/direct.js:324
[    4248ms] [LOG] [direct] Download button injected (player mini) @ chrome-extension://ihaelfjohnpciodjianpgchimpgifgjk/js/direct.js:306
[    4249ms] [LOG] [direct] deduped player to 1 @ chrome-extension://ihaelfjohnpciodjianpgchimpgifgjk/js/direct.js:324
[    4249ms] [LOG] [direct] Download button injected (player mini) @ chrome-extension://ihaelfjohnpciodjianpgchimpgifgjk/js/direct.js:306
[    4250ms] [LOG] [direct] deduped player to 1 @ chrome-extension://ihaelfjohnpciodjianpgchimpgifgjk/js/direct.js:324
[    4250ms] [LOG] [direct] Download button injected (player mini) @ chrome-extension://ihaelfjohnpciodjianpgchimpgifgjk/js/direct.js:306
[    4251ms] [LOG] [direct] deduped player to 1 @ chrome-extension://ihaelfjohnpciodjianpgchimpgifgjk/js/direct.js:324
[    4251ms] [LOG] [direct] Download button injected (player mini) @ chrome-extension://ihaelfjohnpciodjianpgchimpgifgjk/js/direct.js:306
[    4252ms] [LOG] [direct] deduped player to 1 @ chrome-extension://ihaelfjohnpciodjianpgchimpgifgjk/js/direct.js:324
[    4253ms] [LOG] [direct] Download button injected (player mini) @ chrome-extension://ihaelfjohnpciodjianpgchimpgifgjk/js/direct.js:306
[    4253ms] [LOG] [direct] deduped player to 1 @ chrome-extension://ihaelfjohnpciodjianpgchimpgifgjk/js/direct.js:324
[    4254ms] [LOG] [direct] Download button injected (player mini) @ chrome-extension://ihaelfjohnpciodjianpgchimpgifgjk/js/direct.js:306
[    4254ms] [LOG] [direct] deduped player to 1 @ chrome-extension://ihaelfjohnpciodjianpgchimpgifgjk/js/direct.js:324
[    4255ms] [LOG] [direct] Download button injected (player mini) @ chrome-extension://ihaelfjohnpciodjianpgchimpgifgjk/js/direct.js:306
[    4255ms] [LOG] [direct] deduped player to 1 @ chrome-extension://ihaelfjohnpciodjianpgchimpgifgjk/js/direct.js:324
[    4256ms] [LOG] [direct] Download button injected (player mini) @ chrome-extension://ihaelfjohnpciodjianpgchimpgifgjk/js/direct.js:306
[    4256ms] [LOG] [direct] deduped player to 1 @ chrome-extension://ihaelfjohnpciodjianpgchimpgifgjk/js/direct.js:324
[    4256ms] [LOG] [direct] Download button injected (player mini) @ chrome-extension://ihaelfjohnpciodjianpgchimpgifgjk/js/direct.js:306
[    4257ms] [LOG] [direct] deduped player to 1 @ chrome-extension://ihaelfjohnpciodjianpgchimpgifgjk/js/direct.js:324
[    4257ms] [LOG] [direct] Download button injected (player mini) @ chrome-extension://ihaelfjohnpciodjianpgchimpgifgjk/js/direct.js:306
[    4258ms] [LOG] [direct] deduped player to 1 @ chrome-extension://ihaelfjohnpciodjianpgchimpgifgjk/js/direct.js:324
[    4258ms] [LOG] [direct] Download button injected (player mini) @ chrome-extension://ihaelfjohnpciodjianpgchimpgifgjk/js/direct.js:306
[    4259ms] [LOG] [direct] deduped player to 1 @ chrome-extension://ihaelfjohnpciodjianpgchimpgifgjk/js/direct.js:324
[    4260ms] [LOG] [direct] Download button injected (player mini) @ chrome-extension://ihaelfjohnpciodjianpgchimpgifgjk/js/direct.js:306
[    4260ms] [LOG] [direct] deduped player to 1 @ chrome-extension://ihaelfjohnpciodjianpgchimpgifgjk/js/direct.js:324
[    4261ms] [LOG] [direct] Download button injected (player mini) @ chrome-extension://ihaelfjohnpciodjianpgchimpgifgjk/js/direct.js:306
[    4261ms] [LOG] [direct] deduped player to 1 @ chrome-extension://ihaelfjohnpciodjianpgchimpgifgjk/js/direct.js:324
[    4262ms] [LOG] [direct] Download button injected (player mini) @ chrome-extension://ihaelfjohnpciodjianpgchimpgifgjk/js/direct.js:306
[    4262ms] [LOG] [direct] deduped player to 1 @ chrome-extension://ihaelfjohnpciodjianpgchimpgifgjk/js/direct.js:324
[    4263ms] [LOG] [direct] Download button injected (player mini) @ chrome-extension://ihaelfjohnpciodjianpgchimpgifgjk/js/direct.js:306
[    4263ms] [LOG] [direct] deduped player to 1 @ chrome-extension://ihaelfjohnpciodjianpgchimpgifgjk/js/direct.js:324
[    4264ms] [LOG] [direct] Download button injected (player mini) @ chrome-extension://ihaelfjohnpciodjianpgchimpgifgjk/js/direct.js:306
[    4264ms] [LOG] [direct] deduped player to 1 @ chrome-extension://ihaelfjohnpciodjianpgchimpgifgjk/js/direct.js:324
[    4265ms] [LOG] [direct] Download button injected (player mini) @ chrome-extension://ihaelfjohnpciodjianpgchimpgifgjk/js/direct.js:306
[    4265ms] [LOG] [direct] deduped player to 1 @ chrome-extension://ihaelfjohnpciodjianpgchimpgifgjk/js/direct.js:324
[    4266ms] [LOG] [direct] Download button injected (player mini) @ chrome-extension://ihaelfjohnpciodjianpgchimpgifgjk/js/direct.js:306
[    4266ms] [LOG] [direct] deduped player to 1 @ chrome-extension://ihaelfjohnpciodjianpgchimpgifgjk/js/direct.js:324
[    4267ms] [LOG] [direct] Download button injected (player mini) @ chrome-extension://ihaelfjohnpciodjianpgchimpgifgjk/js/direct.js:306
[    4267ms] [LOG] [direct] deduped player to 1 @ chrome-extension://ihaelfjohnpciodjianpgchimpgifgjk/js/direct.js:324
[    4267ms] [LOG] [direct] Download button injected (player mini) @ chrome-extension://ihaelfjohnpciodjianpgchimpgifgjk/js/direct.js:306
[    4268ms] [LOG] [direct] deduped player to 1 @ chrome-extension://ihaelfjohnpciodjianpgchimpgifgjk/js/direct.js:324
[    4268ms] [LOG] [direct] Download button injected (player mini) @ chrome-extension://ihaelfjohnpciodjianpgchimpgifgjk/js/direct.js:306
[    4269ms] [LOG] [direct] deduped player to 1 @ chrome-extension://ihaelfjohnpciodjianpgchimpgifgjk/js/direct.js:324
[    4269ms] [LOG] [direct] Download button injected (player mini) @ chrome-extension://ihaelfjohnpciodjianpgchimpgifgjk/js/direct.js:306
[    4270ms] [LOG] [direct] deduped player to 1 @ chrome-extension://ihaelfjohnpciodjianpgchimpgifgjk/js/direct.js:324
[    4270ms] [LOG] [direct] Download button injected (player mini) @ chrome-extension://ihaelfjohnpciodjianpgchimpgifgjk/js/direct.js:306
[    4270ms] [LOG] [direct] deduped player to 1 @ chrome-extension://ihaelfjohnpciodjianpgchimpgifgjk/js/direct.js:324
[    4271ms] [LOG] [direct] Download button injected (player mini) @ chrome-extension://ihaelfjohnpciodjianpgchimpgifgjk/js/direct.js:306
[    4271ms] [LOG] [direct] deduped player to 1 @ chrome-extension://ihaelfjohnpciodjianpgchimpgifgjk/js/direct.js:324
[    4272ms] [LOG] [direct] Download button injected (player mini) @ chrome-extension://ihaelfjohnpciodjianpgchimpgifgjk/js/direct.js:306
[    4272ms] [LOG] [direct] deduped player to 1 @ chrome-extension://ihaelfjohnpciodjianpgchimpgifgjk/js/direct.js:324
[    4273ms] [LOG] [direct] Download button injected (player mini) @ chrome-extension://ihaelfjohnpciodjianpgchimpgifgjk/js/direct.js:306
[    4274ms] [LOG] [direct] deduped player to 1 @ chrome-extension://ihaelfjohnpciodjianpgchimpgifgjk/js/direct.js:324
[    4274ms] [LOG] [direct] Download button injected (player mini) @ chrome-extension://ihaelfjohnpciodjianpgchimpgifgjk/js/direct.js:306
[    4274ms] [LOG] [direct] deduped player to 1 @ chrome-extension://ihaelfjohnpciodjianpgchimpgifgjk/js/direct.js:324
[    4275ms] [LOG] [direct] Download button injected (player mini) @ chrome-extension://ihaelfjohnpciodjianpgchimpgifgjk/js/direct.js:306
[    4275ms] [LOG] [direct] deduped player to 1 @ chrome-extension://ihaelfjohnpciodjianpgchimpgifgjk/js/direct.js:324
[    4276ms] [LOG] [direct] Download button injected (player mini) @ chrome-extension://ihaelfjohnpciodjianpgchimpgifgjk/js/direct.js:306
[    4276ms] [LOG] [direct] deduped player to 1 @ chrome-extension://ihaelfjohnpciodjianpgchimpgifgjk/js/direct.js:324
[    4277ms] [LOG] [direct] Download button injected (player mini) @ chrome-extension://ihaelfjohnpciodjianpgchimpgifgjk/js/direct.js:306
[    4277ms] [LOG] [direct] deduped player to 1 @ chrome-extension://ihaelfjohnpciodjianpgchimpgifgjk/js/direct.js:324
[    4278ms] [LOG] [direct] Download button injected (player mini) @ chrome-extension://ihaelfjohnpciodjianpgchimpgifgjk/js/direct.js:306
[    4278ms] [LOG] [direct] deduped player to 1 @ chrome-extension://ihaelfjohnpciodjianpgchimpgifgjk/js/direct.js:324
[    4279ms] [LOG] [direct] Download button injected (player mini) @ chrome-extension://ihaelfjohnpciodjianpgchimpgifgjk/js/direct.js:306
[    4279ms] [LOG] [direct] deduped player to 1 @ chrome-extension://ihaelfjohnpciodjianpgchimpgifgjk/js/direct.js:324
[    4280ms] [LOG] [direct] Download button injected (player mini) @ chrome-extension://ihaelfjohnpciodjianpgchimpgifgjk/js/direct.js:306
[    4280ms] [LOG] [direct] deduped player to 1 @ chrome-extension://ihaelfjohnpciodjianpgchimpgifgjk/js/direct.js:324
[    4280ms] [LOG] [direct] Download button injected (player mini) @ chrome-extension://ihaelfjohnpciodjianpgchimpgifgjk/js/direct.js:306
[    4281ms] [LOG] [direct] deduped player to 1 @ chrome-extension://ihaelfjohnpciodjianpgchimpgifgjk/js/direct.js:324
[    4281ms] [LOG] [direct] Download button injected (player mini) @ chrome-extension://ihaelfjohnpciodjianpgchimpgifgjk/js/direct.js:306
[    4281ms] [LOG] [direct] deduped player to 1 @ chrome-extension://ihaelfjohnpciodjianpgchimpgifgjk/js/direct.js:324
[    4282ms] [LOG] [direct] Download button injected (player mini) @ chrome-extension://ihaelfjohnpciodjianpgchimpgifgjk/js/direct.js:306
[    4282ms] [LOG] [direct] deduped player to 1 @ chrome-extension://ihaelfjohnpciodjianpgchimpgifgjk/js/direct.js:324
[    4283ms] [LOG] [direct] Download button injected (player mini) @ chrome-extension://ihaelfjohnpciodjianpgchimpgifgjk/js/direct.js:306
[    4283ms] [LOG] [direct] deduped player to 1 @ chrome-extension://ihaelfjohnpciodjianpgchimpgifgjk/js/direct.js:324
[    4284ms] [LOG] [direct] Download button injected (player mini) @ chrome-extension://ihaelfjohnpciodjianpgchimpgifgjk/js/direct.js:306
[    4284ms] [LOG] [direct] deduped player to 1 @ chrome-extension://ihaelfjohnpciodjianpgchimpgifgjk/js/direct.js:324
[    4285ms] [LOG] [direct] Download button injected (player mini) @ chrome-extension://ihaelfjohnpciodjianpgchimpgifgjk/js/direct.js:306
[    4285ms] [LOG] [direct] deduped player to 1 @ chrome-extension://ihaelfjohnpciodjianpgchimpgifgjk/js/direct.js:324
[    4286ms] [LOG] [direct] Download button injected (player mini) @ chrome-extension://ihaelfjohnpciodjianpgchimpgifgjk/js/direct.js:306
[    4286ms] [LOG] [direct] deduped player to 1 @ chrome-extension://ihaelfjohnpciodjianpgchimpgifgjk/js/direct.js:324
[    4287ms] [LOG] [direct] Download button injected (player mini) @ chrome-extension://ihaelfjohnpciodjianpgchimpgifgjk/js/direct.js:306
[    4287ms] [LOG] [direct] deduped player to 1 @ chrome-extension://ihaelfjohnpciodjianpgchimpgifgjk/js/direct.js:324
[    4288ms] [LOG] [direct] Download button injected (player mini) @ chrome-extension://ihaelfjohnpciodjianpgchimpgifgjk/js/direct.js:306
[    4288ms] [LOG] [direct] deduped player to 1 @ chrome-extension://ihaelfjohnpciodjianpgchimpgifgjk/js/direct.js:324
[    4288ms] [LOG] [direct] Download button injected (player mini) @ chrome-extension://ihaelfjohnpciodjianpgchimpgifgjk/js/direct.js:306
[    4289ms] [LOG] [direct] deduped player to 1 @ chrome-extension://ihaelfjohnpciodjianpgchimpgifgjk/js/direct.js:324
[    4290ms] [LOG] [direct] Download button injected (player mini) @ chrome-extension://ihaelfjohnpciodjianpgchimpgifgjk/js/direct.js:306
[    4290ms] [LOG] [direct] deduped player to 1 @ chrome-extension://ihaelfjohnpciodjianpgchimpgifgjk/js/direct.js:324
[    4291ms] [LOG] [direct] Download button injected (player mini) @ chrome-extension://ihaelfjohnpciodjianpgchimpgifgjk/js/direct.js:306
[    4292ms] [LOG] [direct] deduped player to 1 @ chrome-extension://ihaelfjohnpciodjianpgchimpgifgjk/js/direct.js:324
[    4294ms] [LOG] [direct] Download button injected (player mini) @ chrome-extension://ihaelfjohnpciodjianpgchimpgifgjk/js/direct.js:306
[    4295ms] [LOG] [direct] deduped player to 1 @ chrome-extension://ihaelfjohnpciodjianpgchimpgifgjk/js/direct.js:324
[    4296ms] [LOG] [direct] Download button injected (player mini) @ chrome-extension://ihaelfjohnpciodjianpgchimpgifgjk/js/direct.js:306
[    4297ms] [LOG] [direct] deduped player to 1 @ chrome-extension://ihaelfjohnpciodjianpgchimpgifgjk/js/direct.js:324
[    4298ms] [LOG] [direct] Download button injected (player mini) @ chrome-extension://ihaelfjohnpciodjianpgchimpgifgjk/js/direct.js:306
[    4299ms] [LOG] [direct] deduped player to 1 @ chrome-extension://ihaelfjohnpciodjianpgchimpgifgjk/js/direct.js:324
[    4300ms] [LOG] [direct] Download button injected (player mini) @ chrome-extension://ihaelfjohnpciodjianpgchimpgifgjk/js/direct.js:306
[    4301ms] [LOG] [direct] deduped player to 1 @ chrome-extension://ihaelfjohnpciodjianpgchimpgifgjk/js/direct.js:324
[    4302ms] [LOG] [direct] Download button injected (player mini) @ chrome-extension://ihaelfjohnpciodjianpgchimpgifgjk/js/direct.js:306
[    4302ms] [LOG] [direct] deduped player to 1 @ chrome-extension://ihaelfjohnpciodjianpgchimpgifgjk/js/direct.js:324
[    4304ms] [LOG] [direct] Download button injected (player mini) @ chrome-extension://ihaelfjohnpciodjianpgchimpgifgjk/js/direct.js:306
[    4305ms] [LOG] [direct] deduped player to 1 @ chrome-extension://ihaelfjohnpciodjianpgchimpgifgjk/js/direct.js:324
[    4307ms] [LOG] [direct] Download button injected (player mini) @ chrome-extension://ihaelfjohnpciodjianpgchimpgifgjk/js/direct.js:306
[    4307ms] [LOG] [direct] deduped player to 1 @ chrome-extension://ihaelfjohnpciodjianpgchimpgifgjk/js/direct.js:324
[    4309ms] [LOG] [direct] Download button injected (player mini) @ chrome-extension://ihaelfjohnpciodjianpgchimpgifgjk/js/direct.js:306
[    4309ms] [LOG] [direct] deduped player to 1 @ chrome-extension://ihaelfjohnpciodjianpgchimpgifgjk/js/direct.js:324
[    4311ms] [LOG] [direct] Download button injected (player mini) @ chrome-extension://ihaelfjohnpciodjianpgchimpgifgjk/js/direct.js:306
[    4312ms] [LOG] [direct] deduped player to 1 @ chrome-extension://ihaelfjohnpciodjianpgchimpgifgjk/js/direct.js:324
[    4313ms] [LOG] [direct] Download button injected (player mini) @ chrome-extension://ihaelfjohnpciodjianpgchimpgifgjk/js/direct.js:306
[    4313ms] [LOG] [direct] deduped player to 1 @ chrome-extension://ihaelfjohnpciodjianpgchimpgifgjk/js/direct.js:324
[    4315ms] [LOG] [direct] Download button injected (player mini) @ chrome-extension://ihaelfjohnpciodjianpgchimpgifgjk/js/direct.js:306
[    4316ms] [LOG] [direct] deduped player to 1 @ chrome-extension://ihaelfjohnpciodjianpgchimpgifgjk/js/direct.js:324
[    4317ms] [LOG] [direct] Download button injected (player mini) @ chrome-extension://ihaelfjohnpciodjianpgchimpgifgjk/js/direct.js:306
[    4318ms] [LOG] [direct] deduped player to 1 @ chrome-extension://ihaelfjohnpciodjianpgchimpgifgjk/js/direct.js:324
[    4319ms] [LOG] [direct] Download button injected (player mini) @ chrome-extension://ihaelfjohnpciodjianpgchimpgifgjk/js/direct.js:306
[    4320ms] [LOG] [direct] deduped player to 1 @ chrome-extension://ihaelfjohnpciodjianpgchimpgifgjk/js/direct.js:324
[    4321ms] [LOG] [direct] Download button injected (player mini) @ chrome-extension://ihaelfjohnpciodjianpgchimpgifgjk/js/direct.js:306
[    4322ms] [LOG] [direct] deduped player to 1 @ chrome-extension://ihaelfjohnpciodjianpgchimpgifgjk/js/direct.js:324
[    4323ms] [LOG] [direct] Download button injected (player mini) @ chrome-extension://ihaelfjohnpciodjianpgchimpgifgjk/js/direct.js:306
[    4323ms] [LOG] [direct] deduped player to 1 @ chrome-extension://ihaelfjohnpciodjianpgchimpgifgjk/js/direct.js:324
[    4324ms] [LOG] [direct] Download button injected (player mini) @ chrome-extension://ihaelfjohnpciodjianpgchimpgifgjk/js/direct.js:306
[    4324ms] [LOG] [direct] deduped player to 1 @ chrome-extension://ihaelfjohnpciodjianpgchimpgifgjk/js/direct.js:324
[    4326ms] [LOG] [direct] Download button injected (player mini) @ chrome-extension://ihaelfjohnpciodjianpgchimpgifgjk/js/direct.js:306
[    4326ms] [LOG] [direct] deduped player to 1 @ chrome-extension://ihaelfjohnpciodjianpgchimpgifgjk/js/direct.js:324
[    4327ms] [LOG] [direct] Download button injected (player mini) @ chrome-extension://ihaelfjohnpciodjianpgchimpgifgjk/js/direct.js:306
[    4328ms] [LOG] [direct] deduped player to 1 @ chrome-extension://ihaelfjohnpciodjianpgchimpgifgjk/js/direct.js:324
[    4329ms] [LOG] [direct] Download button injected (player mini) @ chrome-extension://ihaelfjohnpciodjianpgchimpgifgjk/js/direct.js:306
[    4330ms] [LOG] [direct] deduped player to 1 @ chrome-extension://ihaelfjohnpciodjianpgchimpgifgjk/js/direct.js:324
[    4331ms] [LOG] [direct] Download button injected (player mini) @ chrome-extension://ihaelfjohnpciodjianpgchimpgifgjk/js/direct.js:306
[    4332ms] [LOG] [direct] deduped player to 1 @ chrome-extension://ihaelfjohnpciodjianpgchimpgifgjk/js/direct.js:324
[    4334ms] [LOG] [direct] Download button injected (player mini) @ chrome-extension://ihaelfjohnpciodjianpgchimpgifgjk/js/direct.js:306
[    4334ms] [LOG] [direct] deduped player to 1 @ chrome-extension://ihaelfjohnpciodjianpgchimpgifgjk/js/direct.js:324
[    4335ms] [LOG] [direct] Download button injected (player mini) @ chrome-extension://ihaelfjohnpciodjianpgchimpgifgjk/js/direct.js:306
[    4336ms] [LOG] [direct] deduped player to 1 @ chrome-extension://ihaelfjohnpciodjianpgchimpgifgjk/js/direct.js:324
[    4337ms] [LOG] [direct] Download button injected (player mini) @ chrome-extension://ihaelfjohnpciodjianpgchimpgifgjk/js/direct.js:306
[    4337ms] [LOG] [direct] deduped player to 1 @ chrome-extension://ihaelfjohnpciodjianpgchimpgifgjk/js/direct.js:324
[    4338ms] [LOG] [direct] Download button injected (player mini) @ chrome-extension://ihaelfjohnpciodjianpgchimpgifgjk/js/direct.js:306
[    4339ms] [LOG] [direct] deduped player to 1 @ chrome-extension://ihaelfjohnpciodjianpgchimpgifgjk/js/direct.js:324
[    4339ms] [LOG] [direct] Download button injected (player mini) @ chrome-extension://ihaelfjohnpciodjianpgchimpgifgjk/js/direct.js:306
[    4340ms] [LOG] [direct] deduped player to 1 @ chrome-extension://ihaelfjohnpciodjianpgchimpgifgjk/js/direct.js:324
[    4341ms] [LOG] [direct] Download button injected (player mini) @ chrome-extension://ihaelfjohnpciodjianpgchimpgifgjk/js/direct.js:306
[    4341ms] [LOG] [direct] deduped player to 1 @ chrome-extension://ihaelfjohnpciodjianpgchimpgifgjk/js/direct.js:324
[    4342ms] [LOG] [direct] Download button injected (player mini) @ chrome-extension://ihaelfjohnpciodjianpgchimpgifgjk/js/direct.js:306
[    4343ms] [LOG] [direct] deduped player to 1 @ chrome-extension://ihaelfjohnpciodjianpgchimpgifgjk/js/direct.js:324
[    4344ms] [LOG] [direct] Download button injected (player mini) @ chrome-extension://ihaelfjohnpciodjianpgchimpgifgjk/js/direct.js:306
[    4345ms] [LOG] [direct] deduped player to 1 @ chrome-extension://ihaelfjohnpciodjianpgchimpgifgjk/js/direct.js:324
[    4346ms] [LOG] [direct] Download button injected (player mini) @ chrome-extension://ihaelfjohnpciodjianpgchimpgifgjk/js/direct.js:306
[    4346ms] [LOG] [direct] deduped player to 1 @ chrome-extension://ihaelfjohnpciodjianpgchimpgifgjk/js/direct.js:324
[    4347ms] [LOG] [direct] Download button injected (player mini) @ chrome-extension://ihaelfjohnpciodjianpgchimpgifgjk/js/direct.js:306
[    4348ms] [LOG] [direct] deduped player to 1 @ chrome-extension://ihaelfjohnpciodjianpgchimpgifgjk/js/direct.js:324
[    4349ms] [LOG] [direct] Download button injected (player mini) @ chrome-extension://ihaelfjohnpciodjianpgchimpgifgjk/js/direct.js:306
[    4349ms] [LOG] [direct] deduped player to 1 @ chrome-extension://ihaelfjohnpciodjianpgchimpgifgjk/js/direct.js:324
[    4350ms] [LOG] [direct] Download button injected (player mini) @ chrome-extension://ihaelfjohnpciodjianpgchimpgifgjk/js/direct.js:306
[    4351ms] [LOG] [direct] deduped player to 1 @ chrome-extension://ihaelfjohnpciodjianpgchimpgifgjk/js/direct.js:324
[    4352ms] [LOG] [direct] Download button injected (player mini) @ chrome-extension://ihaelfjohnpciodjianpgchimpgifgjk/js/direct.js:306
[    4353ms] [LOG] [direct] deduped player to 1 @ chrome-extension://ihaelfjohnpciodjianpgchimpgifgjk/js/direct.js:324
[    4354ms] [LOG] [direct] Download button injected (player mini) @ chrome-extension://ihaelfjohnpciodjianpgchimpgifgjk/js/direct.js:306
[    4355ms] [LOG] [direct] deduped player to 1 @ chrome-extension://ihaelfjohnpciodjianpgchimpgifgjk/js/direct.js:324
[    4355ms] [LOG] [direct] Download button injected (player mini) @ chrome-extension://ihaelfjohnpciodjianpgchimpgifgjk/js/direct.js:306
[    4356ms] [LOG] [direct] deduped player to 1 @ chrome-extension://ihaelfjohnpciodjianpgchimpgifgjk/js/direct.js:324
[    4357ms] [LOG] [direct] Download button injected (player mini) @ chrome-extension://ihaelfjohnpciodjianpgchimpgifgjk/js/direct.js:306
[    4358ms] [LOG] [direct] deduped player to 1 @ chrome-extension://ihaelfjohnpciodjianpgchimpgifgjk/js/direct.js:324
[    4359ms] [LOG] [direct] Download button injected (player mini) @ chrome-extension://ihaelfjohnpciodjianpgchimpgifgjk/js/direct.js:306
[    4360ms] [LOG] [direct] deduped player to 1 @ chrome-extension://ihaelfjohnpciodjianpgchimpgifgjk/js/direct.js:324
[    4361ms] [LOG] [direct] Download button injected (player mini) @ chrome-extension://ihaelfjohnpciodjianpgchimpgifgjk/js/direct.js:306
[    4361ms] [LOG] [direct] deduped player to 1 @ chrome-extension://ihaelfjohnpciodjianpgchimpgifgjk/js/direct.js:324
[    4362ms] [LOG] [direct] Download button injected (player mini) @ chrome-extension://ihaelfjohnpciodjianpgchimpgifgjk/js/direct.js:306
[    4363ms] [LOG] [direct] deduped player to 1 @ chrome-extension://ihaelfjohnpciodjianpgchimpgifgjk/js/direct.js:324
[    4364ms] [LOG] [direct] Download button injected (player mini) @ chrome-extension://ihaelfjohnpciodjianpgchimpgifgjk/js/direct.js:306
[    4364ms] [LOG] [direct] deduped player to 1 @ chrome-extension://ihaelfjohnpciodjianpgchimpgifgjk/js/direct.js:324
[    4365ms] [LOG] [direct] Download button injected (player mini) @ chrome-extension://ihaelfjohnpciodjianpgchimpgifgjk/js/direct.js:306
[    4366ms] [LOG] [direct] deduped player to 1 @ chrome-extension://ihaelfjohnpciodjianpgchimpgifgjk/js/direct.js:324
[    4367ms] [LOG] [direct] Download button injected (player mini) @ chrome-extension://ihaelfjohnpciodjianpgchimpgifgjk/js/direct.js:306
[    4367ms] [LOG] [direct] deduped player to 1 @ chrome-extension://ihaelfjohnpciodjianpgchimpgifgjk/js/direct.js:324
[    4368ms] [LOG] [direct] Download button injected (player mini) @ chrome-extension://ihaelfjohnpciodjianpgchimpgifgjk/js/direct.js:306
[    4369ms] [LOG] [direct] deduped player to 1 @ chrome-extension://ihaelfjohnpciodjianpgchimpgifgjk/js/direct.js:324
[    4369ms] [LOG] [direct] Download button injected (player mini) @ chrome-extension://ihaelfjohnpciodjianpgchimpgifgjk/js/direct.js:306
[    4370ms] [LOG] [direct] deduped player to 1 @ chrome-extension://ihaelfjohnpciodjianpgchimpgifgjk/js/direct.js:324
[    4371ms] [LOG] [direct] Download button injected (player mini) @ chrome-extension://ihaelfjohnpciodjianpgchimpgifgjk/js/direct.js:306
[    4371ms] [LOG] [direct] deduped player to 1 @ chrome-extension://ihaelfjohnpciodjianpgchimpgifgjk/js/direct.js:324
[    4372ms] [LOG] [direct] Download button injected (player mini) @ chrome-extension://ihaelfjohnpciodjianpgchimpgifgjk/js/direct.js:306
[    4373ms] [LOG] [direct] deduped player to 1 @ chrome-extension://ihaelfjohnpciodjianpgchimpgifgjk/js/direct.js:324
[    4374ms] [LOG] [direct] Download button injected (player mini) @ chrome-extension://ihaelfjohnpciodjianpgchimpgifgjk/js/direct.js:306
[    4375ms] [LOG] [direct] deduped player to 1 @ chrome-extension://ihaelfjohnpciodjianpgchimpgifgjk/js/direct.js:324
[    4376ms] [LOG] [direct] Download button injected (player mini) @ chrome-extension://ihaelfjohnpciodjianpgchimpgifgjk/js/direct.js:306
[    4376ms] [LOG] [direct] deduped player to 1 @ chrome-extension://ihaelfjohnpciodjianpgchimpgifgjk/js/direct.js:324
[    4377ms] [LOG] [direct] Download button injected (player mini) @ chrome-extension://ihaelfjohnpciodjianpgchimpgifgjk/js/direct.js:306
[    4377ms] [LOG] [direct] deduped player to 1 @ chrome-extension://ihaelfjohnpciodjianpgchimpgifgjk/js/direct.js:324
[    4378ms] [LOG] [direct] Download button injected (player mini) @ chrome-extension://ihaelfjohnpciodjianpgchimpgifgjk/js/direct.js:306
[    4379ms] [LOG] [direct] deduped player to 1 @ chrome-extension://ihaelfjohnpciodjianpgchimpgifgjk/js/direct.js:324
[    4380ms] [LOG] [direct] Download button injected (player mini) @ chrome-extension://ihaelfjohnpciodjianpgchimpgifgjk/js/direct.js:306
[    4380ms] [LOG] [direct] deduped player to 1 @ chrome-extension://ihaelfjohnpciodjianpgchimpgifgjk/js/direct.js:324
[    4381ms] [LOG] [direct] Download button injected (player mini) @ chrome-extension://ihaelfjohnpciodjianpgchimpgifgjk/js/direct.js:306
[    4382ms] [LOG] [direct] deduped player to 1 @ chrome-extension://ihaelfjohnpciodjianpgchimpgifgjk/js/direct.js:324
[    4383ms] [LOG] [direct] Download button injected (player mini) @ chrome-extension://ihaelfjohnpciodjianpgchimpgifgjk/js/direct.js:306
[    4383ms] [LOG] [direct] deduped player to 1 @ chrome-extension://ihaelfjohnpciodjianpgchimpgifgjk/js/direct.js:324
[    4384ms] [LOG] [direct] Download button injected (player mini) @ chrome-extension://ihaelfjohnpciodjianpgchimpgifgjk/js/direct.js:306
[    4385ms] [LOG] [direct] deduped player to 1 @ chrome-extension://ihaelfjohnpciodjianpgchimpgifgjk/js/direct.js:324
[    4386ms] [LOG] [direct] Download button injected (player mini) @ chrome-extension://ihaelfjohnpciodjianpgchimpgifgjk/js/direct.js:306
[    4387ms] [LOG] [direct] deduped player to 1 @ chrome-extension://ihaelfjohnpciodjianpgchimpgifgjk/js/direct.js:324
[    4388ms] [LOG] [direct] Download button injected (player mini) @ chrome-extension://ihaelfjohnpciodjianpgchimpgifgjk/js/direct.js:306
[    4388ms] [LOG] [direct] deduped player to 1 @ chrome-extension://ihaelfjohnpciodjianpgchimpgifgjk/js/direct.js:324
[    4389ms] [LOG] [direct] Download button injected (player mini) @ chrome-extension://ihaelfjohnpciodjianpgchimpgifgjk/js/direct.js:306
[    4389ms] [LOG] [direct] deduped player to 1 @ chrome-extension://ihaelfjohnpciodjianpgchimpgifgjk/js/direct.js:324
[    4390ms] [LOG] [direct] Download button injected (player mini) @ chrome-extension://ihaelfjohnpciodjianpgchimpgifgjk/js/direct.js:306
[    4391ms] [LOG] [direct] deduped player to 1 @ chrome-extension://ihaelfjohnpciodjianpgchimpgifgjk/js/direct.js:324
[    4392ms] [LOG] [direct] Download button injected (player mini) @ chrome-extension://ihaelfjohnpciodjianpgchimpgifgjk/js/direct.js:306
[    4393ms] [LOG] [direct] deduped player to 1 @ chrome-extension://ihaelfjohnpciodjianpgchimpgifgjk/js/direct.js:324
[    4394ms] [LOG] [direct] Download button injected (player mini) @ chrome-extension://ihaelfjohnpciodjianpgchimpgifgjk/js/direct.js:306
[    4395ms] [LOG] [direct] deduped player to 1 @ chrome-extension://ihaelfjohnpciodjianpgchimpgifgjk/js/direct.js:324
[    4396ms] [LOG] [direct] Download button injected (player mini) @ chrome-extension://ihaelfjohnpciodjianpgchimpgifgjk/js/direct.js:306
[    4397ms] [LOG] [direct] deduped player to 1 @ chrome-extension://ihaelfjohnpciodjianpgchimpgifgjk/js/direct.js:324
[    4398ms] [LOG] [direct] Download button injected (player mini) @ chrome-extension://ihaelfjohnpciodjianpgchimpgifgjk/js/direct.js:306
[    4399ms] [LOG] [direct] deduped player to 1 @ chrome-extension://ihaelfjohnpciodjianpgchimpgifgjk/js/direct.js:324
[    4400ms] [LOG] [direct] Download button injected (player mini) @ chrome-extension://ihaelfjohnpciodjianpgchimpgifgjk/js/direct.js:306
[    4401ms] [LOG] [direct] deduped player to 1 @ chrome-extension://ihaelfjohnpciodjianpgchimpgifgjk/js/direct.js:324
[    4402ms] [LOG] [direct] Download button injected (player mini) @ chrome-extension://ihaelfjohnpciodjianpgchimpgifgjk/js/direct.js:306
[    4403ms] [LOG] [direct] deduped player to 1 @ chrome-extension://ihaelfjohnpciodjianpgchimpgifgjk/js/direct.js:324
[    4404ms] [LOG] [direct] Download button injected (player mini) @ chrome-extension://ihaelfjohnpciodjianpgchimpgifgjk/js/direct.js:306
[    4405ms] [LOG] [direct] deduped player to 1 @ chrome-extension://ihaelfjohnpciodjianpgchimpgifgjk/js/direct.js:324
[    4406ms] [LOG] [direct] Download button injected (player mini) @ chrome-extension://ihaelfjohnpciodjianpgchimpgifgjk/js/direct.js:306
[    4406ms] [LOG] [direct] deduped player to 1 @ chrome-extension://ihaelfjohnpciodjianpgchimpgifgjk/js/direct.js:324
[    4408ms] [LOG] [direct] Download button injected (player mini) @ chrome-extension://ihaelfjohnpciodjianpgchimpgifgjk/js/direct.js:306
[    4408ms] [LOG] [direct] deduped player to 1 @ chrome-extension://ihaelfjohnpciodjianpgchimpgifgjk/js/direct.js:324
[    4410ms] [LOG] [direct] Download button injected (player mini) @ chrome-extension://ihaelfjohnpciodjianpgchimpgifgjk/js/direct.js:306
[    4411ms] [LOG] [direct] deduped player to 1 @ chrome-extension://ihaelfjohnpciodjianpgchimpgifgjk/js/direct.js:324
[    4412ms] [LOG] [direct] Download button injected (player mini) @ chrome-extension://ihaelfjohnpciodjianpgchimpgifgjk/js/direct.js:306
[    4412ms] [LOG] [direct] deduped player to 1 @ chrome-extension://ihaelfjohnpciodjianpgchimpgifgjk/js/direct.js:324
[    4413ms] [LOG] [direct] Download button injected (player mini) @ chrome-extension://ihaelfjohnpciodjianpgchimpgifgjk/js/direct.js:306
[    4414ms] [LOG] [direct] deduped player to 1 @ chrome-extension://ihaelfjohnpciodjianpgchimpgifgjk/js/direct.js:324
[    4415ms] [LOG] [direct] Download button injected (player mini) @ chrome-extension://ihaelfjohnpciodjianpgchimpgifgjk/js/direct.js:306
[    4415ms] [LOG] [direct] deduped player to 1 @ chrome-extension://ihaelfjohnpciodjianpgchimpgifgjk/js/direct.js:324
[    4417ms] [LOG] [direct] Download button injected (player mini) @ chrome-extension://ihaelfjohnpciodjianpgchimpgifgjk/js/direct.js:306
[    4417ms] [LOG] [direct] deduped player to 1 @ chrome-extension://ihaelfjohnpciodjianpgchimpgifgjk/js/direct.js:324
[    4418ms] [LOG] [direct] Download button injected (player mini) @ chrome-extension://ihaelfjohnpciodjianpgchimpgifgjk/js/direct.js:306
[    4419ms] [LOG] [direct] deduped player to 1 @ chrome-extension://ihaelfjohnpciodjianpgchimpgifgjk/js/direct.js:324
[    4420ms] [LOG] [direct] Download button injected (player mini) @ chrome-extension://ihaelfjohnpciodjianpgchimpgifgjk/js/direct.js:306
[    4420ms] [LOG] [direct] deduped player to 1 @ chrome-extension://ihaelfjohnpciodjianpgchimpgifgjk/js/direct.js:324
[    4422ms] [LOG] [direct] Download button injected (player mini) @ chrome-extension://ihaelfjohnpciodjianpgchimpgifgjk/js/direct.js:306
[    4422ms] [LOG] [direct] deduped player to 1 @ chrome-extension://ihaelfjohnpciodjianpgchimpgifgjk/js/direct.js:324
[    4423ms] [LOG] [direct] Download button injected (player mini) @ chrome-extension://ihaelfjohnpciodjianpgchimpgifgjk/js/direct.js:306
[    4424ms] [LOG] [direct] deduped player to 1 @ chrome-extension://ihaelfjohnpciodjianpgchimpgifgjk/js/direct.js:324
[    4425ms] [LOG] [direct] Download button injected (player mini) @ chrome-extension://ihaelfjohnpciodjianpgchimpgifgjk/js/direct.js:306
[    4426ms] [LOG] [direct] deduped player to 1 @ chrome-extension://ihaelfjohnpciodjianpgchimpgifgjk/js/direct.js:324
[    4427ms] [LOG] [direct] Download button injected (player mini) @ chrome-extension://ihaelfjohnpciodjianpgchimpgifgjk/js/direct.js:306
[    4428ms] [LOG] [direct] deduped player to 1 @ chrome-extension://ihaelfjohnpciodjianpgchimpgifgjk/js/direct.js:324
[    4429ms] [LOG] [direct] Download button injected (player mini) @ chrome-extension://ihaelfjohnpciodjianpgchimpgifgjk/js/direct.js:306
[    4430ms] [LOG] [direct] deduped player to 1 @ chrome-extension://ihaelfjohnpciodjianpgchimpgifgjk/js/direct.js:324
[    4431ms] [LOG] [direct] Download button injected (player mini) @ chrome-extension://ihaelfjohnpciodjianpgchimpgifgjk/js/direct.js:306
[    4431ms] [LOG] [direct] deduped player to 1 @ chrome-extension://ihaelfjohnpciodjianpgchimpgifgjk/js/direct.js:324
[    4432ms] [LOG] [direct] Download button injected (player mini) @ chrome-extension://ihaelfjohnpciodjianpgchimpgifgjk/js/direct.js:306
[    4433ms] [LOG] [direct] deduped player to 1 @ chrome-extension://ihaelfjohnpciodjianpgchimpgifgjk/js/direct.js:324
[    4434ms] [LOG] [direct] Download button injected (player mini) @ chrome-extension://ihaelfjohnpciodjianpgchimpgifgjk/js/direct.js:306
[    4434ms] [LOG] [direct] deduped player to 1 @ chrome-extension://ihaelfjohnpciodjianpgchimpgifgjk/js/direct.js:324
[    4435ms] [LOG] [direct] Download button injected (player mini) @ chrome-extension://ihaelfjohnpciodjianpgchimpgifgjk/js/direct.js:306
[    4436ms] [LOG] [direct] deduped player to 1 @ chrome-extension://ihaelfjohnpciodjianpgchimpgifgjk/js/direct.js:324
[    4437ms] [LOG] [direct] Download button injected (player mini) @ chrome-extension://ihaelfjohnpciodjianpgchimpgifgjk/js/direct.js:306
[    4437ms] [LOG] [direct] deduped player to 1 @ chrome-extension://ihaelfjohnpciodjianpgchimpgifgjk/js/direct.js:324
[    4438ms] [LOG] [direct] Download button injected (player mini) @ chrome-extension://ihaelfjohnpciodjianpgchimpgifgjk/js/direct.js:306
[    4439ms] [LOG] [direct] deduped player to 1 @ chrome-extension://ihaelfjohnpciodjianpgchimpgifgjk/js/direct.js:324
[    4440ms] [LOG] [direct] Download button injected (player mini) @ chrome-extension://ihaelfjohnpciodjianpgchimpgifgjk/js/direct.js:306
[    4441ms] [LOG] [direct] deduped player to 1 @ chrome-extension://ihaelfjohnpciodjianpgchimpgifgjk/js/direct.js:324
[    4442ms] [LOG] [direct] Download button injected (player mini) @ chrome-extension://ihaelfjohnpciodjianpgchimpgifgjk/js/direct.js:306
[    4443ms] [LOG] [direct] deduped player to 1 @ chrome-extension://ihaelfjohnpciodjianpgchimpgifgjk/js/direct.js:324
[    4444ms] [LOG] [direct] Download button injected (player mini) @ chrome-extension://ihaelfjohnpciodjianpgchimpgifgjk/js/direct.js:306
[    4444ms] [LOG] [direct] deduped player to 1 @ chrome-extension://ihaelfjohnpciodjianpgchimpgifgjk/js/direct.js:324
[    4446ms] [LOG] [direct] Download button injected (player mini) @ chrome-extension://ihaelfjohnpciodjianpgchimpgifgjk/js/direct.js:306
[    4447ms] [LOG] [direct] deduped player to 1 @ chrome-extension://ihaelfjohnpciodjianpgchimpgifgjk/js/direct.js:324
[    4448ms] [LOG] [direct] Download button injected (player mini) @ chrome-extension://ihaelfjohnpciodjianpgchimpgifgjk/js/direct.js:306
[    4448ms] [LOG] [direct] deduped player to 1 @ chrome-extension://ihaelfjohnpciodjianpgchimpgifgjk/js/direct.js:324
[    4449ms] [LOG] [direct] Download button injected (player mini) @ chrome-extension://ihaelfjohnpciodjianpgchimpgifgjk/js/direct.js:306
[    4450ms] [LOG] [direct] deduped player to 1 @ chrome-extension://ihaelfjohnpciodjianpgchimpgifgjk/js/direct.js:324
[    4451ms] [LOG] [direct] Download button injected (player mini) @ chrome-extension://ihaelfjohnpciodjianpgchimpgifgjk/js/direct.js:306
[    4451ms] [LOG] [direct] deduped player to 1 @ chrome-extension://ihaelfjohnpciodjianpgchimpgifgjk/js/direct.js:324
[    4452ms] [LOG] [direct] Download button injected (player mini) @ chrome-extension://ihaelfjohnpciodjianpgchimpgifgjk/js/direct.js:306
[    4453ms] [LOG] [direct] deduped player to 1 @ chrome-extension://ihaelfjohnpciodjianpgchimpgifgjk/js/direct.js:324
[    4454ms] [LOG] [direct] Download button injected (player mini) @ chrome-extension://ihaelfjohnpciodjianpgchimpgifgjk/js/direct.js:306
[    4455ms] [LOG] [direct] deduped player to 1 @ chrome-extension://ihaelfjohnpciodjianpgchimpgifgjk/js/direct.js:324
[    4456ms] [LOG] [direct] Download button injected (player mini) @ chrome-extension://ihaelfjohnpciodjianpgchimpgifgjk/js/direct.js:306
[    4456ms] [LOG] [direct] deduped player to 1 @ chrome-extension://ihaelfjohnpciodjianpgchimpgifgjk/js/direct.js:324
[    4457ms] [LOG] [direct] Download button injected (player mini) @ chrome-extension://ihaelfjohnpciodjianpgchimpgifgjk/js/direct.js:306
[    4458ms] [LOG] [direct] deduped player to 1 @ chrome-extension://ihaelfjohnpciodjianpgchimpgifgjk/js/direct.js:324
[    4459ms] [LOG] [direct] Download button injected (player mini) @ chrome-extension://ihaelfjohnpciodjianpgchimpgifgjk/js/direct.js:306
[    4459ms] [LOG] [direct] deduped player to 1 @ chrome-extension://ihaelfjohnpciodjianpgchimpgifgjk/js/direct.js:324
[    4460ms] [LOG] [direct] Download button injected (player mini) @ chrome-extension://ihaelfjohnpciodjianpgchimpgifgjk/js/direct.js:306
[    4461ms] [LOG] [direct] deduped player to 1 @ chrome-extension://ihaelfjohnpciodjianpgchimpgifgjk/js/direct.js:324
[    4462ms] [LOG] [direct] Download button injected (player mini) @ chrome-extension://ihaelfjohnpciodjianpgchimpgifgjk/js/direct.js:306
[    4462ms] [LOG] [direct] deduped player to 1 @ chrome-extension://ihaelfjohnpciodjianpgchimpgifgjk/js/direct.js:324
[    4463ms] [LOG] [direct] Download button injected (player mini) @ chrome-extension://ihaelfjohnpciodjianpgchimpgifgjk/js/direct.js:306
[    4463ms] [LOG] [direct] deduped player to 1 @ chrome-extension://ihaelfjohnpciodjianpgchimpgifgjk/js/direct.js:324
[    4464ms] [LOG] [direct] Download button injected (player mini) @ chrome-extension://ihaelfjohnpciodjianpgchimpgifgjk/js/direct.js:306
[    4464ms] [LOG] [direct] deduped player to 1 @ chrome-extension://ihaelfjohnpciodjianpgchimpgifgjk/js/direct.js:324
[    4465ms] [LOG] [direct] Download button injected (player mini) @ chrome-extension://ihaelfjohnpciodjianpgchimpgifgjk/js/direct.js:306
[    4465ms] [LOG] [direct] deduped player to 1 @ chrome-extension://ihaelfjohnpciodjianpgchimpgifgjk/js/direct.js:324
[    4466ms] [LOG] [direct] Download button injected (player mini) @ chrome-extension://ihaelfjohnpciodjianpgchimpgifgjk/js/direct.js:306
[    4466ms] [LOG] [direct] deduped player to 1 @ chrome-extension://ihaelfjohnpciodjianpgchimpgifgjk/js/direct.js:324
[    4467ms] [LOG] [direct] Download button injected (player mini) @ chrome-extension://ihaelfjohnpciodjianpgchimpgifgjk/js/direct.js:306
[    4467ms] [LOG] [direct] deduped player to 1 @ chrome-extension://ihaelfjohnpciodjianpgchimpgifgjk/js/direct.js:324
[    4468ms] [LOG] [direct] Download button injected (player mini) @ chrome-extension://ihaelfjohnpciodjianpgchimpgifgjk/js/direct.js:306
[    4468ms] [LOG] [direct] deduped player to 1 @ chrome-extension://ihaelfjohnpciodjianpgchimpgifgjk/js/direct.js:324
[    4468ms] [LOG] [direct] Download button injected (player mini) @ chrome-extension://ihaelfjohnpciodjianpgchimpgifgjk/js/direct.js:306
[    4469ms] [LOG] [direct] deduped player to 1 @ chrome-extension://ihaelfjohnpciodjianpgchimpgifgjk/js/direct.js:324
[    4469ms] [LOG] [direct] Download button injected (player mini) @ chrome-extension://ihaelfjohnpciodjianpgchimpgifgjk/js/direct.js:306
[    4469ms] [LOG] [direct] deduped player to 1 @ chrome-extension://ihaelfjohnpciodjianpgchimpgifgjk/js/direct.js:324
[    4470ms] [LOG] [direct] Download button injected (player mini) @ chrome-extension://ihaelfjohnpciodjianpgchimpgifgjk/js/direct.js:306
[    4471ms] [LOG] [direct] deduped player to 1 @ chrome-extension://ihaelfjohnpciodjianpgchimpgifgjk/js/direct.js:324
[    4471ms] [LOG] [direct] Download button injected (player mini) @ chrome-extension://ihaelfjohnpciodjianpgchimpgifgjk/js/direct.js:306
[    4472ms] [LOG] [direct] deduped player to 1 @ chrome-extension://ihaelfjohnpciodjianpgchimpgifgjk/js/direct.js:324
[    4472ms] [LOG] [direct] Download button injected (player mini) @ chrome-extension://ihaelfjohnpciodjianpgchimpgifgjk/js/direct.js:306
[    4473ms] [LOG] [direct] deduped player to 1 @ chrome-extension://ihaelfjohnpciodjianpgchimpgifgjk/js/direct.js:324
[    4474ms] [LOG] [direct] Download button injected (player mini) @ chrome-extension://ihaelfjohnpciodjianpgchimpgifgjk/js/direct.js:306
[    4474ms] [LOG] [direct] deduped player to 1 @ chrome-extension://ihaelfjohnpciodjianpgchimpgifgjk/js/direct.js:324
[    4475ms] [LOG] [direct] Download button injected (player mini) @ chrome-extension://ihaelfjohnpciodjianpgchimpgifgjk/js/direct.js:306
[    4476ms] [LOG] [direct] deduped player to 1 @ chrome-extension://ihaelfjohnpciodjianpgchimpgifgjk/js/direct.js:324
[    4477ms] [LOG] [direct] Download button injected (player mini) @ chrome-extension://ihaelfjohnpciodjianpgchimpgifgjk/js/direct.js:306
[    4477ms] [LOG] [direct] deduped player to 1 @ chrome-extension://ihaelfjohnpciodjianpgchimpgifgjk/js/direct.js:324
[    4478ms] [LOG] [direct] Download button injected (player mini) @ chrome-extension://ihaelfjohnpciodjianpgchimpgifgjk/js/direct.js:306
[    4478ms] [LOG] [direct] deduped player to 1 @ chrome-extension://ihaelfjohnpciodjianpgchimpgifgjk/js/direct.js:324
[    4479ms] [LOG] [direct] Download button injected (player mini) @ chrome-extension://ihaelfjohnpciodjianpgchimpgifgjk/js/direct.js:306
[    4479ms] [LOG] [direct] deduped player to 1 @ chrome-extension://ihaelfjohnpciodjianpgchimpgifgjk/js/direct.js:324
[    4480ms] [LOG] [direct] Download button injected (player mini) @ chrome-extension://ihaelfjohnpciodjianpgchimpgifgjk/js/direct.js:306
[    4480ms] [LOG] [direct] deduped player to 1 @ chrome-extension://ihaelfjohnpciodjianpgchimpgifgjk/js/direct.js:324
[    4481ms] [LOG] [direct] Download button injected (player mini) @ chrome-extension://ihaelfjohnpciodjianpgchimpgifgjk/js/direct.js:306
[    4482ms] [LOG] [direct] deduped player to 1 @ chrome-extension://ihaelfjohnpciodjianpgchimpgifgjk/js/direct.js:324
[    4483ms] [LOG] [direct] Download button injected (player mini) @ chrome-extension://ihaelfjohnpciodjianpgchimpgifgjk/js/direct.js:306
[    4483ms] [LOG] [direct] deduped player to 1 @ chrome-extension://ihaelfjohnpciodjianpgchimpgifgjk/js/direct.js:324
[    4484ms] [LOG] [direct] Download button injected (player mini) @ chrome-extension://ihaelfjohnpciodjianpgchimpgifgjk/js/direct.js:306
[    4484ms] [LOG] [direct] deduped player to 1 @ chrome-extension://ihaelfjohnpciodjianpgchimpgifgjk/js/direct.js:324
[    4485ms] [LOG] [direct] Download button injected (player mini) @ chrome-extension://ihaelfjohnpciodjianpgchimpgifgjk/js/direct.js:306
[    4485ms] [LOG] [direct] deduped player to 1 @ chrome-extension://ihaelfjohnpciodjianpgchimpgifgjk/js/direct.js:324
[    4487ms] [LOG] [direct] Download button injected (player mini) @ chrome-extension://ihaelfjohnpciodjianpgchimpgifgjk/js/direct.js:306
[    4487ms] [LOG] [direct] deduped player to 1 @ chrome-extension://ihaelfjohnpciodjianpgchimpgifgjk/js/direct.js:324
[    4488ms] [LOG] [direct] Download button injected (player mini) @ chrome-extension://ihaelfjohnpciodjianpgchimpgifgjk/js/direct.js:306
[    4489ms] [LOG] [direct] deduped player to 1 @ chrome-extension://ihaelfjohnpciodjianpgchimpgifgjk/js/direct.js:324
[    4490ms] [LOG] [direct] Download button injected (player mini) @ chrome-extension://ihaelfjohnpciodjianpgchimpgifgjk/js/direct.js:306
[    4490ms] [LOG] [direct] deduped player to 1 @ chrome-extension://ihaelfjohnpciodjianpgchimpgifgjk/js/direct.js:324
[    4491ms] [LOG] [direct] Download button injected (player mini) @ chrome-extension://ihaelfjohnpciodjianpgchimpgifgjk/js/direct.js:306
[    4492ms] [LOG] [direct] deduped player to 1 @ chrome-extension://ihaelfjohnpciodjianpgchimpgifgjk/js/direct.js:324
[    4493ms] [LOG] [direct] Download button injected (player mini) @ chrome-extension://ihaelfjohnpciodjianpgchimpgifgjk/js/direct.js:306
[    4493ms] [LOG] [direct] deduped player to 1 @ chrome-extension://ihaelfjohnpciodjianpgchimpgifgjk/js/direct.js:324
[    4495ms] [LOG] [direct] Download button injected (player mini) @ chrome-extension://ihaelfjohnpciodjianpgchimpgifgjk/js/direct.js:306
[    4495ms] [LOG] [direct] deduped player to 1 @ chrome-extension://ihaelfjohnpciodjianpgchimpgifgjk/js/direct.js:324
[    4496ms] [LOG] [direct] Download button injected (player mini) @ chrome-extension://ihaelfjohnpciodjianpgchimpgifgjk/js/direct.js:306
[    4496ms] [LOG] [direct] deduped player to 1 @ chrome-extension://ihaelfjohnpciodjianpgchimpgifgjk/js/direct.js:324
[    4497ms] [LOG] [direct] Download button injected (player mini) @ chrome-extension://ihaelfjohnpciodjianpgchimpgifgjk/js/direct.js:306
[    4498ms] [LOG] [direct] deduped player to 1 @ chrome-extension://ihaelfjohnpciodjianpgchimpgifgjk/js/direct.js:324
[    4498ms] [LOG] [direct] Download button injected (player mini) @ chrome-extension://ihaelfjohnpciodjianpgchimpgifgjk/js/direct.js:306
[    4499ms] [LOG] [direct] deduped player to 1 @ chrome-extension://ihaelfjohnpciodjianpgchimpgifgjk/js/direct.js:324
[    4499ms] [LOG] [direct] Download button injected (player mini) @ chrome-extension://ihaelfjohnpciodjianpgchimpgifgjk/js/direct.js:306
[    4500ms] [LOG] [direct] deduped player to 1 @ chrome-extension://ihaelfjohnpciodjianpgchimpgifgjk/js/direct.js:324
[    4500ms] [LOG] [direct] Download button injected (player mini) @ chrome-extension://ihaelfjohnpciodjianpgchimpgifgjk/js/direct.js:306
[    4501ms] [LOG] [direct] deduped player to 1 @ chrome-extension://ihaelfjohnpciodjianpgchimpgifgjk/js/direct.js:324
[    4502ms] [LOG] [direct] Download button injected (player mini) @ chrome-extension://ihaelfjohnpciodjianpgchimpgifgjk/js/direct.js:306
[    4502ms] [LOG] [direct] deduped player to 1 @ chrome-extension://ihaelfjohnpciodjianpgchimpgifgjk/js/direct.js:324
[    4503ms] [LOG] [direct] Download button injected (player mini) @ chrome-extension://ihaelfjohnpciodjianpgchimpgifgjk/js/direct.js:306
[    4503ms] [LOG] [direct] deduped player to 1 @ chrome-extension://ihaelfjohnpciodjianpgchimpgifgjk/js/direct.js:324
[    4504ms] [LOG] [direct] Download button injected (player mini) @ chrome-extension://ihaelfjohnpciodjianpgchimpgifgjk/js/direct.js:306
[    4505ms] [LOG] [direct] deduped player to 1 @ chrome-extension://ihaelfjohnpciodjianpgchimpgifgjk/js/direct.js:324
[    4506ms] [LOG] [direct] Download button injected (player mini) @ chrome-extension://ihaelfjohnpciodjianpgchimpgifgjk/js/direct.js:306
[    4506ms] [LOG] [direct] deduped player to 1 @ chrome-extension://ihaelfjohnpciodjianpgchimpgifgjk/js/direct.js:324
[    4507ms] [LOG] [direct] Download button injected (player mini) @ chrome-extension://ihaelfjohnpciodjianpgchimpgifgjk/js/direct.js:306
[    4507ms] [LOG] [direct] deduped player to 1 @ chrome-extension://ihaelfjohnpciodjianpgchimpgifgjk/js/direct.js:324
[    4509ms] [LOG] [direct] Download button injected (player mini) @ chrome-extension://ihaelfjohnpciodjianpgchimpgifgjk/js/direct.js:306
[    4510ms] [LOG] [direct] deduped player to 1 @ chrome-extension://ihaelfjohnpciodjianpgchimpgifgjk/js/direct.js:324
[    4511ms] [LOG] [direct] Download button injected (player mini) @ chrome-extension://ihaelfjohnpciodjianpgchimpgifgjk/js/direct.js:306
[    4511ms] [LOG] [direct] deduped player to 1 @ chrome-extension://ihaelfjohnpciodjianpgchimpgifgjk/js/direct.js:324
[    4512ms] [LOG] [direct] Download button injected (player mini) @ chrome-extension://ihaelfjohnpciodjianpgchimpgifgjk/js/direct.js:306
[    4512ms] [LOG] [direct] deduped player to 1 @ chrome-extension://ihaelfjohnpciodjianpgchimpgifgjk/js/direct.js:324
[    4513ms] [LOG] [direct] Download button injected (player mini) @ chrome-extension://ihaelfjohnpciodjianpgchimpgifgjk/js/direct.js:306
[    4514ms] [LOG] [direct] deduped player to 1 @ chrome-extension://ihaelfjohnpciodjianpgchimpgifgjk/js/direct.js:324
[    4515ms] [LOG] [direct] Download button injected (player mini) @ chrome-extension://ihaelfjohnpciodjianpgchimpgifgjk/js/direct.js:306
[    4515ms] [LOG] [direct] deduped player to 1 @ chrome-extension://ihaelfjohnpciodjianpgchimpgifgjk/js/direct.js:324
[    4516ms] [LOG] [direct] Download button injected (player mini) @ chrome-extension://ihaelfjohnpciodjianpgchimpgifgjk/js/direct.js:306
[    4517ms] [LOG] [direct] deduped player to 1 @ chrome-extension://ihaelfjohnpciodjianpgchimpgifgjk/js/direct.js:324
[    4517ms] [LOG] [direct] Download button injected (player mini) @ chrome-extension://ihaelfjohnpciodjianpgchimpgifgjk/js/direct.js:306
[    4518ms] [LOG] [direct] deduped player to 1 @ chrome-extension://ihaelfjohnpciodjianpgchimpgifgjk/js/direct.js:324
[    4519ms] [LOG] [direct] Download button injected (player mini) @ chrome-extension://ihaelfjohnpciodjianpgchimpgifgjk/js/direct.js:306
[    4519ms] [LOG] [direct] deduped player to 1 @ chrome-extension://ihaelfjohnpciodjianpgchimpgifgjk/js/direct.js:324
[    4520ms] [LOG] [direct] Download button injected (player mini) @ chrome-extension://ihaelfjohnpciodjianpgchimpgifgjk/js/direct.js:306
[    4520ms] [LOG] [direct] deduped player to 1 @ chrome-extension://ihaelfjohnpciodjianpgchimpgifgjk/js/direct.js:324
[    4521ms] [LOG] [direct] Download button injected (player mini) @ chrome-extension://ihaelfjohnpciodjianpgchimpgifgjk/js/direct.js:306
[    4522ms] [LOG] [direct] deduped player to 1 @ chrome-extension://ihaelfjohnpciodjianpgchimpgifgjk/js/direct.js:324
[    4522ms] [LOG] [direct] Download button injected (player mini) @ chrome-extension://ihaelfjohnpciodjianpgchimpgifgjk/js/direct.js:306
[    4523ms] [LOG] [direct] deduped player to 1 @ chrome-extension://ihaelfjohnpciodjianpgchimpgifgjk/js/direct.js:324
[    4524ms] [LOG] [direct] Download button injected (player mini) @ chrome-extension://ihaelfjohnpciodjianpgchimpgifgjk/js/direct.js:306
[    4524ms] [LOG] [direct] deduped player to 1 @ chrome-extension://ihaelfjohnpciodjianpgchimpgifgjk/js/direct.js:324
[    4526ms] [LOG] [direct] Download button injected (player mini) @ chrome-extension://ihaelfjohnpciodjianpgchimpgifgjk/js/direct.js:306
[    4526ms] [LOG] [direct] deduped player to 1 @ chrome-extension://ihaelfjohnpciodjianpgchimpgifgjk/js/direct.js:324
[    4528ms] [LOG] [direct] Download button injected (player mini) @ chrome-extension://ihaelfjohnpciodjianpgchimpgifgjk/js/direct.js:306
[    4529ms] [LOG] [direct] deduped player to 1 @ chrome-extension://ihaelfjohnpciodjianpgchimpgifgjk/js/direct.js:324
[    4530ms] [LOG] [direct] Download button injected (player mini) @ chrome-extension://ihaelfjohnpciodjianpgchimpgifgjk/js/direct.js:306
[    4531ms] [LOG] [direct] deduped player to 1 @ chrome-extension://ihaelfjohnpciodjianpgchimpgifgjk/js/direct.js:324
[    4532ms] [LOG] [direct] Download button injected (player mini) @ chrome-extension://ihaelfjohnpciodjianpgchimpgifgjk/js/direct.js:306
[    4532ms] [LOG] [direct] deduped player to 1 @ chrome-extension://ihaelfjohnpciodjianpgchimpgifgjk/js/direct.js:324
[    4533ms] [LOG] [direct] Download button injected (player mini) @ chrome-extension://ihaelfjohnpciodjianpgchimpgifgjk/js/direct.js:306
[    4534ms] [LOG] [direct] deduped player to 1 @ chrome-extension://ihaelfjohnpciodjianpgchimpgifgjk/js/direct.js:324
[    4535ms] [LOG] [direct] Download button injected (player mini) @ chrome-extension://ihaelfjohnpciodjianpgchimpgifgjk/js/direct.js:306
[    4536ms] [LOG] [direct] deduped player to 1 @ chrome-extension://ihaelfjohnpciodjianpgchimpgifgjk/js/direct.js:324
[    4537ms] [LOG] [direct] Download button injected (player mini) @ chrome-extension://ihaelfjohnpciodjianpgchimpgifgjk/js/direct.js:306
[    4538ms] [LOG] [direct] deduped player to 1 @ chrome-extension://ihaelfjohnpciodjianpgchimpgifgjk/js/direct.js:324
[    4539ms] [LOG] [direct] Download button injected (player mini) @ chrome-extension://ihaelfjohnpciodjianpgchimpgifgjk/js/direct.js:306
[    4539ms] [LOG] [direct] deduped player to 1 @ chrome-extension://ihaelfjohnpciodjianpgchimpgifgjk/js/direct.js:324
[    4540ms] [LOG] [direct] Download button injected (player mini) @ chrome-extension://ihaelfjohnpciodjianpgchimpgifgjk/js/direct.js:306
[    4540ms] [LOG] [direct] deduped player to 1 @ chrome-extension://ihaelfjohnpciodjianpgchimpgifgjk/js/direct.js:324
[    4542ms] [LOG] [direct] Download button injected (player mini) @ chrome-extension://ihaelfjohnpciodjianpgchimpgifgjk/js/direct.js:306
[    4542ms] [LOG] [direct] deduped player to 1 @ chrome-extension://ihaelfjohnpciodjianpgchimpgifgjk/js/direct.js:324
[    4544ms] [LOG] [direct] Download button injected (player mini) @ chrome-extension://ihaelfjohnpciodjianpgchimpgifgjk/js/direct.js:306
[    4544ms] [LOG] [direct] deduped player to 1 @ chrome-extension://ihaelfjohnpciodjianpgchimpgifgjk/js/direct.js:324
[    4546ms] [LOG] [direct] Download button injected (player mini) @ chrome-extension://ihaelfjohnpciodjianpgchimpgifgjk/js/direct.js:306
[    4546ms] [LOG] [direct] deduped player to 1 @ chrome-extension://ihaelfjohnpciodjianpgchimpgifgjk/js/direct.js:324
[    4548ms] [LOG] [direct] Download button injected (player mini) @ chrome-extension://ihaelfjohnpciodjianpgchimpgifgjk/js/direct.js:306
[    4548ms] [LOG] [direct] deduped player to 1 @ chrome-extension://ihaelfjohnpciodjianpgchimpgifgjk/js/direct.js:324
[    4549ms] [LOG] [direct] Download button injected (player mini) @ chrome-extension://ihaelfjohnpciodjianpgchimpgifgjk/js/direct.js:306
[    4550ms] [LOG] [direct] deduped player to 1 @ chrome-extension://ihaelfjohnpciodjianpgchimpgifgjk/js/direct.js:324
[    4551ms] [LOG] [direct] Download button injected (player mini) @ chrome-extension://ihaelfjohnpciodjianpgchimpgifgjk/js/direct.js:306
[    4552ms] [LOG] [direct] deduped player to 1 @ chrome-extension://ihaelfjohnpciodjianpgchimpgifgjk/js/direct.js:324
[    4553ms] [LOG] [direct] Download button injected (player mini) @ chrome-extension://ihaelfjohnpciodjianpgchimpgifgjk/js/direct.js:306
[    4554ms] [LOG] [direct] deduped player to 1 @ chrome-extension://ihaelfjohnpciodjianpgchimpgifgjk/js/direct.js:324
[    4555ms] [LOG] [direct] Download button injected (player mini) @ chrome-extension://ihaelfjohnpciodjianpgchimpgifgjk/js/direct.js:306
[    4556ms] [LOG] [direct] deduped player to 1 @ chrome-extension://ihaelfjohnpciodjianpgchimpgifgjk/js/direct.js:324
[    4557ms] [LOG] [direct] Download button injected (player mini) @ chrome-extension://ihaelfjohnpciodjianpgchimpgifgjk/js/direct.js:306
[    4557ms] [LOG] [direct] deduped player to 1 @ chrome-extension://ihaelfjohnpciodjianpgchimpgifgjk/js/direct.js:324
[    4559ms] [LOG] [direct] Download button injected (player mini) @ chrome-extension://ihaelfjohnpciodjianpgchimpgifgjk/js/direct.js:306
[    4560ms] [LOG] [direct] deduped player to 1 @ chrome-extension://ihaelfjohnpciodjianpgchimpgifgjk/js/direct.js:324
[    4561ms] [LOG] [direct] Download button injected (player mini) @ chrome-extension://ihaelfjohnpciodjianpgchimpgifgjk/js/direct.js:306
[    4562ms] [LOG] [direct] deduped player to 1 @ chrome-extension://ihaelfjohnpciodjianpgchimpgifgjk/js/direct.js:324
[    4563ms] [LOG] [direct] Download button injected (player mini) @ chrome-extension://ihaelfjohnpciodjianpgchimpgifgjk/js/direct.js:306
[    4563ms] [LOG] [direct] deduped player to 1 @ chrome-extension://ihaelfjohnpciodjianpgchimpgifgjk/js/direct.js:324
[    4564ms] [LOG] [direct] Download button injected (player mini) @ chrome-extension://ihaelfjohnpciodjianpgchimpgifgjk/js/direct.js:306
[    4564ms] [LOG] [direct] deduped player to 1 @ chrome-extension://ihaelfjohnpciodjianpgchimpgifgjk/js/direct.js:324
[    4565ms] [LOG] [direct] Download button injected (player mini) @ chrome-extension://ihaelfjohnpciodjianpgchimpgifgjk/js/direct.js:306
[    4566ms] [LOG] [direct] deduped player to 1 @ chrome-extension://ihaelfjohnpciodjianpgchimpgifgjk/js/direct.js:324
[    4567ms] [LOG] [direct] Download button injected (player mini) @ chrome-extension://ihaelfjohnpciodjianpgchimpgifgjk/js/direct.js:306
[    4567ms] [LOG] [direct] deduped player to 1 @ chrome-extension://ihaelfjohnpciodjianpgchimpgifgjk/js/direct.js:324
[    4568ms] [LOG] [direct] Download button injected (player mini) @ chrome-extension://ihaelfjohnpciodjianpgchimpgifgjk/js/direct.js:306
[    4568ms] [LOG] [direct] deduped player to 1 @ chrome-extension://ihaelfjohnpciodjianpgchimpgifgjk/js/direct.js:324
[    4570ms] [LOG] [direct] Download button injected (player mini) @ chrome-extension://ihaelfjohnpciodjianpgchimpgifgjk/js/direct.js:306
[    4570ms] [LOG] [direct] deduped player to 1 @ chrome-extension://ihaelfjohnpciodjianpgchimpgifgjk/js/direct.js:324
[    4571ms] [LOG] [direct] Download button injected (player mini) @ chrome-extension://ihaelfjohnpciodjianpgchimpgifgjk/js/direct.js:306
[    4572ms] [LOG] [direct] deduped player to 1 @ chrome-extension://ihaelfjohnpciodjianpgchimpgifgjk/js/direct.js:324
[    4573ms] [LOG] [direct] Download button injected (player mini) @ chrome-extension://ihaelfjohnpciodjianpgchimpgifgjk/js/direct.js:306
[    4573ms] [LOG] [direct] deduped player to 1 @ chrome-extension://ihaelfjohnpciodjianpgchimpgifgjk/js/direct.js:324
[    4574ms] [LOG] [direct] Download button injected (player mini) @ chrome-extension://ihaelfjohnpciodjianpgchimpgifgjk/js/direct.js:306
[    4575ms] [LOG] [direct] deduped player to 1 @ chrome-extension://ihaelfjohnpciodjianpgchimpgifgjk/js/direct.js:324
[    4576ms] [LOG] [direct] Download button injected (player mini) @ chrome-extension://ihaelfjohnpciodjianpgchimpgifgjk/js/direct.js:306
[    4576ms] [LOG] [direct] deduped player to 1 @ chrome-extension://ihaelfjohnpciodjianpgchimpgifgjk/js/direct.js:324
[    4578ms] [LOG] [direct] Download button injected (player mini) @ chrome-extension://ihaelfjohnpciodjianpgchimpgifgjk/js/direct.js:306
[    4578ms] [LOG] [direct] deduped player to 1 @ chrome-extension://ihaelfjohnpciodjianpgchimpgifgjk/js/direct.js:324
[    4579ms] [LOG] [direct] Download button injected (player mini) @ chrome-extension://ihaelfjohnpciodjianpgchimpgifgjk/js/direct.js:306
[    4579ms] [LOG] [direct] deduped player to 1 @ chrome-extension://ihaelfjohnpciodjianpgchimpgifgjk/js/direct.js:324
[    4580ms] [LOG] [direct] Download button injected (player mini) @ chrome-extension://ihaelfjohnpciodjianpgchimpgifgjk/js/direct.js:306
[    4581ms] [LOG] [direct] deduped player to 1 @ chrome-extension://ihaelfjohnpciodjianpgchimpgifgjk/js/direct.js:324
[    4582ms] [LOG] [direct] Download button injected (player mini) @ chrome-extension://ihaelfjohnpciodjianpgchimpgifgjk/js/direct.js:306
[    4583ms] [LOG] [direct] deduped player to 1 @ chrome-extension://ihaelfjohnpciodjianpgchimpgifgjk/js/direct.js:324
[    4584ms] [LOG] [direct] Download button injected (player mini) @ chrome-extension://ihaelfjohnpciodjianpgchimpgifgjk/js/direct.js:306
[    4584ms] [LOG] [direct] deduped player to 1 @ chrome-extension://ihaelfjohnpciodjianpgchimpgifgjk/js/direct.js:324
[    4585ms] [LOG] [direct] Download button injected (player mini) @ chrome-extension://ihaelfjohnpciodjianpgchimpgifgjk/js/direct.js:306
[    4585ms] [LOG] [direct] deduped player to 1 @ chrome-extension://ihaelfjohnpciodjianpgchimpgifgjk/js/direct.js:324
[    4586ms] [LOG] [direct] Download button injected (player mini) @ chrome-extension://ihaelfjohnpciodjianpgchimpgifgjk/js/direct.js:306
[    4587ms] [LOG] [direct] deduped player to 1 @ chrome-extension://ihaelfjohnpciodjianpgchimpgifgjk/js/direct.js:324
[    4588ms] [LOG] [direct] Download button injected (player mini) @ chrome-extension://ihaelfjohnpciodjianpgchimpgifgjk/js/direct.js:306
[    4588ms] [LOG] [direct] deduped player to 1 @ chrome-extension://ihaelfjohnpciodjianpgchimpgifgjk/js/direct.js:324
[    4589ms] [LOG] [direct] Download button injected (player mini) @ chrome-extension://ihaelfjohnpciodjianpgchimpgifgjk/js/direct.js:306
[    4589ms] [LOG] [direct] deduped player to 1 @ chrome-extension://ihaelfjohnpciodjianpgchimpgifgjk/js/direct.js:324
[    4590ms] [LOG] [direct] Download button injected (player mini) @ chrome-extension://ihaelfjohnpciodjianpgchimpgifgjk/js/direct.js:306
[    4591ms] [LOG] [direct] deduped player to 1 @ chrome-extension://ihaelfjohnpciodjianpgchimpgifgjk/js/direct.js:324
[    4592ms] [LOG] [direct] Download button injected (player mini) @ chrome-extension://ihaelfjohnpciodjianpgchimpgifgjk/js/direct.js:306
[    4592ms] [LOG] [direct] deduped player to 1 @ chrome-extension://ihaelfjohnpciodjianpgchimpgifgjk/js/direct.js:324
[    4593ms] [LOG] [direct] Download button injected (player mini) @ chrome-extension://ihaelfjohnpciodjianpgchimpgifgjk/js/direct.js:306
[    4594ms] [LOG] [direct] deduped player to 1 @ chrome-extension://ihaelfjohnpciodjianpgchimpgifgjk/js/direct.js:324
[    4595ms] [LOG] [direct] Download button injected (player mini) @ chrome-extension://ihaelfjohnpciodjianpgchimpgifgjk/js/direct.js:306
[    4595ms] [LOG] [direct] deduped player to 1 @ chrome-extension://ihaelfjohnpciodjianpgchimpgifgjk/js/direct.js:324
[    4596ms] [LOG] [direct] Download button injected (player mini) @ chrome-extension://ihaelfjohnpciodjianpgchimpgifgjk/js/direct.js:306
[    4597ms] [LOG] [direct] deduped player to 1 @ chrome-extension://ihaelfjohnpciodjianpgchimpgifgjk/js/direct.js:324
[    4598ms] [LOG] [direct] Download button injected (player mini) @ chrome-extension://ihaelfjohnpciodjianpgchimpgifgjk/js/direct.js:306
[    4598ms] [LOG] [direct] deduped player to 1 @ chrome-extension://ihaelfjohnpciodjianpgchimpgifgjk/js/direct.js:324
[    4599ms] [LOG] [direct] Download button injected (player mini) @ chrome-extension://ihaelfjohnpciodjianpgchimpgifgjk/js/direct.js:306
[    4600ms] [LOG] [direct] deduped player to 1 @ chrome-extension://ihaelfjohnpciodjianpgchimpgifgjk/js/direct.js:324
[    4601ms] [LOG] [direct] Download button injected (player mini) @ chrome-extension://ihaelfjohnpciodjianpgchimpgifgjk/js/direct.js:306
[    4601ms] [LOG] [direct] deduped player to 1 @ chrome-extension://ihaelfjohnpciodjianpgchimpgifgjk/js/direct.js:324
[    4602ms] [LOG] [direct] Download button injected (player mini) @ chrome-extension://ihaelfjohnpciodjianpgchimpgifgjk/js/direct.js:306
[    4603ms] [LOG] [direct] deduped player to 1 @ chrome-extension://ihaelfjohnpciodjianpgchimpgifgjk/js/direct.js:324
[    4603ms] [LOG] [direct] Download button injected (player mini) @ chrome-extension://ihaelfjohnpciodjianpgchimpgifgjk/js/direct.js:306
[    4604ms] [LOG] [direct] deduped player to 1 @ chrome-extension://ihaelfjohnpciodjianpgchimpgifgjk/js/direct.js:324
[    4605ms] [LOG] [direct] Download button injected (player mini) @ chrome-extension://ihaelfjohnpciodjianpgchimpgifgjk/js/direct.js:306
[    4605ms] [LOG] [direct] deduped player to 1 @ chrome-extension://ihaelfjohnpciodjianpgchimpgifgjk/js/direct.js:324
[    4606ms] [LOG] [direct] Download button injected (player mini) @ chrome-extension://ihaelfjohnpciodjianpgchimpgifgjk/js/direct.js:306
[    4607ms] [LOG] [direct] deduped player to 1 @ chrome-extension://ihaelfjohnpciodjianpgchimpgifgjk/js/direct.js:324
[    4608ms] [LOG] [direct] Download button injected (player mini) @ chrome-extension://ihaelfjohnpciodjianpgchimpgifgjk/js/direct.js:306
[    4608ms] [LOG] [direct] deduped player to 1 @ chrome-extension://ihaelfjohnpciodjianpgchimpgifgjk/js/direct.js:324
[    4609ms] [LOG] [direct] Download button injected (player mini) @ chrome-extension://ihaelfjohnpciodjianpgchimpgifgjk/js/direct.js:306
[    4610ms] [LOG] [direct] deduped player to 1 @ chrome-extension://ihaelfjohnpciodjianpgchimpgifgjk/js/direct.js:324
[    4611ms] [LOG] [direct] Download button injected (player mini) @ chrome-extension://ihaelfjohnpciodjianpgchimpgifgjk/js/direct.js:306
[    4611ms] [LOG] [direct] deduped player to 1 @ chrome-extension://ihaelfjohnpciodjianpgchimpgifgjk/js/direct.js:324
[    4612ms] [LOG] [direct] Download button injected (player mini) @ chrome-extension://ihaelfjohnpciodjianpgchimpgifgjk/js/direct.js:306
[    4613ms] [LOG] [direct] deduped player to 1 @ chrome-extension://ihaelfjohnpciodjianpgchimpgifgjk/js/direct.js:324
[    4614ms] [LOG] [direct] Download button injected (player mini) @ chrome-extension://ihaelfjohnpciodjianpgchimpgifgjk/js/direct.js:306
[    4614ms] [LOG] [direct] deduped player to 1 @ chrome-extension://ihaelfjohnpciodjianpgchimpgifgjk/js/direct.js:324
[    4615ms] [LOG] [direct] Download button injected (player mini) @ chrome-extension://ihaelfjohnpciodjianpgchimpgifgjk/js/direct.js:306
[    4616ms] [LOG] [direct] deduped player to 1 @ chrome-extension://ihaelfjohnpciodjianpgchimpgifgjk/js/direct.js:324
[    4616ms] [LOG] [direct] Download button injected (player mini) @ chrome-extension://ihaelfjohnpciodjianpgchimpgifgjk/js/direct.js:306
[    4617ms] [LOG] [direct] deduped player to 1 @ chrome-extension://ihaelfjohnpciodjianpgchimpgifgjk/js/direct.js:324
[    4618ms] [LOG] [direct] Download button injected (player mini) @ chrome-extension://ihaelfjohnpciodjianpgchimpgifgjk/js/direct.js:306
[    4618ms] [LOG] [direct] deduped player to 1 @ chrome-extension://ihaelfjohnpciodjianpgchimpgifgjk/js/direct.js:324
[    4619ms] [LOG] [direct] Download button injected (player mini) @ chrome-extension://ihaelfjohnpciodjianpgchimpgifgjk/js/direct.js:306
[    4620ms] [LOG] [direct] deduped player to 1 @ chrome-extension://ihaelfjohnpciodjianpgchimpgifgjk/js/direct.js:324
[    4621ms] [LOG] [direct] Download button injected (player mini) @ chrome-extension://ihaelfjohnpciodjianpgchimpgifgjk/js/direct.js:306
[    4621ms] [LOG] [direct] deduped player to 1 @ chrome-extension://ihaelfjohnpciodjianpgchimpgifgjk/js/direct.js:324
[    4622ms] [LOG] [direct] Download button injected (player mini) @ chrome-extension://ihaelfjohnpciodjianpgchimpgifgjk/js/direct.js:306
[    4622ms] [LOG] [direct] deduped player to 1 @ chrome-extension://ihaelfjohnpciodjianpgchimpgifgjk/js/direct.js:324
[    4623ms] [LOG] [direct] Download button injected (player mini) @ chrome-extension://ihaelfjohnpciodjianpgchimpgifgjk/js/direct.js:306
[    4624ms] [LOG] [direct] deduped player to 1 @ chrome-extension://ihaelfjohnpciodjianpgchimpgifgjk/js/direct.js:324
[    4624ms] [LOG] [direct] Download button injected (player mini) @ chrome-extension://ihaelfjohnpciodjianpgchimpgifgjk/js/direct.js:306
[    4625ms] [LOG] [direct] deduped player to 1 @ chrome-extension://ihaelfjohnpciodjianpgchimpgifgjk/js/direct.js:324
[    4626ms] [LOG] [direct] Download button injected (player mini) @ chrome-extension://ihaelfjohnpciodjianpgchimpgifgjk/js/direct.js:306
[    4626ms] [LOG] [direct] deduped player to 1 @ chrome-extension://ihaelfjohnpciodjianpgchimpgifgjk/js/direct.js:324
[    4628ms] [LOG] [direct] Download button injected (player mini) @ chrome-extension://ihaelfjohnpciodjianpgchimpgifgjk/js/direct.js:306
[    4628ms] [LOG] [direct] deduped player to 1 @ chrome-extension://ihaelfjohnpciodjianpgchimpgifgjk/js/direct.js:324
[    4629ms] [LOG] [direct] Download button injected (player mini) @ chrome-extension://ihaelfjohnpciodjianpgchimpgifgjk/js/direct.js:306
[    4629ms] [LOG] [direct] deduped player to 1 @ chrome-extension://ihaelfjohnpciodjianpgchimpgifgjk/js/direct.js:324
[    4630ms] [LOG] [direct] Download button injected (player mini) @ chrome-extension://ihaelfjohnpciodjianpgchimpgifgjk/js/direct.js:306
[    4630ms] [LOG] [direct] deduped player to 1 @ chrome-extension://ihaelfjohnpciodjianpgchimpgifgjk/js/direct.js:324
[    4631ms] [LOG] [direct] Download button injected (player mini) @ chrome-extension://ihaelfjohnpciodjianpgchimpgifgjk/js/direct.js:306
[    4632ms] [LOG] [direct] deduped player to 1 @ chrome-extension://ihaelfjohnpciodjianpgchimpgifgjk/js/direct.js:324
[    4633ms] [LOG] [direct] Download button injected (player mini) @ chrome-extension://ihaelfjohnpciodjianpgchimpgifgjk/js/direct.js:306
[    4633ms] [LOG] [direct] deduped player to 1 @ chrome-extension://ihaelfjohnpciodjianpgchimpgifgjk/js/direct.js:324
[    4634ms] [LOG] [direct] Download button injected (player mini) @ chrome-extension://ihaelfjohnpciodjianpgchimpgifgjk/js/direct.js:306
[    4634ms] [LOG] [direct] deduped player to 1 @ chrome-extension://ihaelfjohnpciodjianpgchimpgifgjk/js/direct.js:324
[    4635ms] [LOG] [direct] Download button injected (player mini) @ chrome-extension://ihaelfjohnpciodjianpgchimpgifgjk/js/direct.js:306
[    4636ms] [LOG] [direct] deduped player to 1 @ chrome-extension://ihaelfjohnpciodjianpgchimpgifgjk/js/direct.js:324
[    4636ms] [LOG] [direct] Download button injected (player mini) @ chrome-extension://ihaelfjohnpciodjianpgchimpgifgjk/js/direct.js:306
[    4637ms] [LOG] [direct] deduped player to 1 @ chrome-extension://ihaelfjohnpciodjianpgchimpgifgjk/js/direct.js:324
[    4640ms] [LOG] [direct] Download button injected (player mini) @ chrome-extension://ihaelfjohnpciodjianpgchimpgifgjk/js/direct.js:306
[    4640ms] [LOG] [direct] deduped player to 1 @ chrome-extension://ihaelfjohnpciodjianpgchimpgifgjk/js/direct.js:324
[    4641ms] [LOG] [direct] Download button injected (player mini) @ chrome-extension://ihaelfjohnpciodjianpgchimpgifgjk/js/direct.js:306
[    4642ms] [LOG] [direct] deduped player to 1 @ chrome-extension://ihaelfjohnpciodjianpgchimpgifgjk/js/direct.js:324
[    4643ms] [LOG] [direct] Download button injected (player mini) @ chrome-extension://ihaelfjohnpciodjianpgchimpgifgjk/js/direct.js:306
[    4643ms] [LOG] [direct] deduped player to 1 @ chrome-extension://ihaelfjohnpciodjianpgchimpgifgjk/js/direct.js:324
[    4644ms] [LOG] [direct] Download button injected (player mini) @ chrome-extension://ihaelfjohnpciodjianpgchimpgifgjk/js/direct.js:306
[    4644ms] [LOG] [direct] deduped player to 1 @ chrome-extension://ihaelfjohnpciodjianpgchimpgifgjk/js/direct.js:324
[    4645ms] [LOG] [direct] Download button injected (player mini) @ chrome-extension://ihaelfjohnpciodjianpgchimpgifgjk/js/direct.js:306
[    4645ms] [LOG] [direct] deduped player to 1 @ chrome-extension://ihaelfjohnpciodjianpgchimpgifgjk/js/direct.js:324
[    4646ms] [LOG] [direct] Download button injected (player mini) @ chrome-extension://ihaelfjohnpciodjianpgchimpgifgjk/js/direct.js:306
[    4647ms] [LOG] [direct] deduped player to 1 @ chrome-extension://ihaelfjohnpciodjianpgchimpgifgjk/js/direct.js:324
[    4648ms] [LOG] [direct] Download button injected (player mini) @ chrome-extension://ihaelfjohnpciodjianpgchimpgifgjk/js/direct.js:306
[    4648ms] [LOG] [direct] deduped player to 1 @ chrome-extension://ihaelfjohnpciodjianpgchimpgifgjk/js/direct.js:324
[    4649ms] [LOG] [direct] Download button injected (player mini) @ chrome-extension://ihaelfjohnpciodjianpgchimpgifgjk/js/direct.js:306
[    4649ms] [LOG] [direct] deduped player to 1 @ chrome-extension://ihaelfjohnpciodjianpgchimpgifgjk/js/direct.js:324
[    4650ms] [LOG] [direct] Download button injected (player mini) @ chrome-extension://ihaelfjohnpciodjianpgchimpgifgjk/js/direct.js:306
[    4650ms] [LOG] [direct] deduped player to 1 @ chrome-extension://ihaelfjohnpciodjianpgchimpgifgjk/js/direct.js:324
[    4651ms] [LOG] [direct] Download button injected (player mini) @ chrome-extension://ihaelfjohnpciodjianpgchimpgifgjk/js/direct.js:306
[    4652ms] [LOG] [direct] deduped player to 1 @ chrome-extension://ihaelfjohnpciodjianpgchimpgifgjk/js/direct.js:324
[    4652ms] [LOG] [direct] Download button injected (player mini) @ chrome-extension://ihaelfjohnpciodjianpgchimpgifgjk/js/direct.js:306
[    4653ms] [LOG] [direct] deduped player to 1 @ chrome-extension://ihaelfjohnpciodjianpgchimpgifgjk/js/direct.js:324
[    4653ms] [LOG] [direct] Download button injected (player mini) @ chrome-extension://ihaelfjohnpciodjianpgchimpgifgjk/js/direct.js:306
[    4653ms] [LOG] [direct] deduped player to 1 @ chrome-extension://ihaelfjohnpciodjianpgchimpgifgjk/js/direct.js:324
[    4654ms] [LOG] [direct] Download button injected (player mini) @ chrome-extension://ihaelfjohnpciodjianpgchimpgifgjk/js/direct.js:306
[    4655ms] [LOG] [direct] deduped player to 1 @ chrome-extension://ihaelfjohnpciodjianpgchimpgifgjk/js/direct.js:324
[    4656ms] [LOG] [direct] Download button injected (player mini) @ chrome-extension://ihaelfjohnpciodjianpgchimpgifgjk/js/direct.js:306
[    4656ms] [LOG] [direct] deduped player to 1 @ chrome-extension://ihaelfjohnpciodjianpgchimpgifgjk/js/direct.js:324
[    4657ms] [LOG] [direct] Download button injected (player mini) @ chrome-extension://ihaelfjohnpciodjianpgchimpgifgjk/js/direct.js:306
[    4657ms] [LOG] [direct] deduped player to 1 @ chrome-extension://ihaelfjohnpciodjianpgchimpgifgjk/js/direct.js:324
[    4658ms] [LOG] [direct] Download button injected (player mini) @ chrome-extension://ihaelfjohnpciodjianpgchimpgifgjk/js/direct.js:306
[    4658ms] [LOG] [direct] deduped player to 1 @ chrome-extension://ihaelfjohnpciodjianpgchimpgifgjk/js/direct.js:324
[    4659ms] [LOG] [direct] Download button injected (player mini) @ chrome-extension://ihaelfjohnpciodjianpgchimpgifgjk/js/direct.js:306
[    4660ms] [LOG] [direct] deduped player to 1 @ chrome-extension://ihaelfjohnpciodjianpgchimpgifgjk/js/direct.js:324
[    4661ms] [LOG] [direct] Download button injected (player mini) @ chrome-extension://ihaelfjohnpciodjianpgchimpgifgjk/js/direct.js:306
[    4662ms] [LOG] [direct] deduped player to 1 @ chrome-extension://ihaelfjohnpciodjianpgchimpgifgjk/js/direct.js:324
[    4662ms] [LOG] [direct] Download button injected (player mini) @ chrome-extension://ihaelfjohnpciodjianpgchimpgifgjk/js/direct.js:306
[    4663ms] [LOG] [direct] deduped player to 1 @ chrome-extension://ihaelfjohnpciodjianpgchimpgifgjk/js/direct.js:324
[    4663ms] [LOG] [direct] Download button injected (player mini) @ chrome-extension://ihaelfjohnpciodjianpgchimpgifgjk/js/direct.js:306
[    4664ms] [LOG] [direct] deduped player to 1 @ chrome-extension://ihaelfjohnpciodjianpgchimpgifgjk/js/direct.js:324
[    4665ms] [LOG] [direct] Download button injected (player mini) @ chrome-extension://ihaelfjohnpciodjianpgchimpgifgjk/js/direct.js:306
[    4665ms] [LOG] [direct] deduped player to 1 @ chrome-extension://ihaelfjohnpciodjianpgchimpgifgjk/js/direct.js:324
[    4666ms] [LOG] [direct] Download button injected (player mini) @ chrome-extension://ihaelfjohnpciodjianpgchimpgifgjk/js/direct.js:306
[    4666ms] [LOG] [direct] deduped player to 1 @ chrome-extension://ihaelfjohnpciodjianpgchimpgifgjk/js/direct.js:324
[    4667ms] [LOG] [direct] Download button injected (player mini) @ chrome-extension://ihaelfjohnpciodjianpgchimpgifgjk/js/direct.js:306
[    4667ms] [LOG] [direct] deduped player to 1 @ chrome-extension://ihaelfjohnpciodjianpgchimpgifgjk/js/direct.js:324
[    4668ms] [LOG] [direct] Download button injected (player mini) @ chrome-extension://ihaelfjohnpciodjianpgchimpgifgjk/js/direct.js:306
[    4668ms] [LOG] [direct] deduped player to 1 @ chrome-extension://ihaelfjohnpciodjianpgchimpgifgjk/js/direct.js:324
[    4669ms] [LOG] [direct] Download button injected (player mini) @ chrome-extension://ihaelfjohnpciodjianpgchimpgifgjk/js/direct.js:306
[    4670ms] [LOG] [direct] deduped player to 1 @ chrome-extension://ihaelfjohnpciodjianpgchimpgifgjk/js/direct.js:324
[    4671ms] [LOG] [direct] Download button injected (player mini) @ chrome-extension://ihaelfjohnpciodjianpgchimpgifgjk/js/direct.js:306
[    4671ms] [LOG] [direct] deduped player to 1 @ chrome-extension://ihaelfjohnpciodjianpgchimpgifgjk/js/direct.js:324
[    4672ms] [LOG] [direct] Download button injected (player mini) @ chrome-extension://ihaelfjohnpciodjianpgchimpgifgjk/js/direct.js:306
[    4673ms] [LOG] [direct] deduped player to 1 @ chrome-extension://ihaelfjohnpciodjianpgchimpgifgjk/js/direct.js:324
[    4674ms] [LOG] [direct] Download button injected (player mini) @ chrome-extension://ihaelfjohnpciodjianpgchimpgifgjk/js/direct.js:306
[    4674ms] [LOG] [direct] deduped player to 1 @ chrome-extension://ihaelfjohnpciodjianpgchimpgifgjk/js/direct.js:324
[    4675ms] [LOG] [direct] Download button injected (player mini) @ chrome-extension://ihaelfjohnpciodjianpgchimpgifgjk/js/direct.js:306
[    4676ms] [LOG] [direct] deduped player to 1 @ chrome-extension://ihaelfjohnpciodjianpgchimpgifgjk/js/direct.js:324
[    4677ms] [LOG] [direct] Download button injected (player mini) @ chrome-extension://ihaelfjohnpciodjianpgchimpgifgjk/js/direct.js:306
[    4677ms] [LOG] [direct] deduped player to 1 @ chrome-extension://ihaelfjohnpciodjianpgchimpgifgjk/js/direct.js:324
[    4678ms] [LOG] [direct] Download button injected (player mini) @ chrome-extension://ihaelfjohnpciodjianpgchimpgifgjk/js/direct.js:306
[    4679ms] [LOG] [direct] deduped player to 1 @ chrome-extension://ihaelfjohnpciodjianpgchimpgifgjk/js/direct.js:324
[    4679ms] [LOG] [direct] Download button injected (player mini) @ chrome-extension://ihaelfjohnpciodjianpgchimpgifgjk/js/direct.js:306
[    4680ms] [LOG] [direct] deduped player to 1 @ chrome-extension://ihaelfjohnpciodjianpgchimpgifgjk/js/direct.js:324
[    4681ms] [LOG] [direct] Download button injected (player mini) @ chrome-extension://ihaelfjohnpciodjianpgchimpgifgjk/js/direct.js:306
[    4681ms] [LOG] [direct] deduped player to 1 @ chrome-extension://ihaelfjohnpciodjianpgchimpgifgjk/js/direct.js:324
[    4682ms] [LOG] [direct] Download button injected (player mini) @ chrome-extension://ihaelfjohnpciodjianpgchimpgifgjk/js/direct.js:306
[    4682ms] [LOG] [direct] deduped player to 1 @ chrome-extension://ihaelfjohnpciodjianpgchimpgifgjk/js/direct.js:324
[    4683ms] [LOG] [direct] Download button injected (player mini) @ chrome-extension://ihaelfjohnpciodjianpgchimpgifgjk/js/direct.js:306
[    4684ms] [LOG] [direct] deduped player to 1 @ chrome-extension://ihaelfjohnpciodjianpgchimpgifgjk/js/direct.js:324
[    4685ms] [LOG] [direct] Download button injected (player mini) @ chrome-extension://ihaelfjohnpciodjianpgchimpgifgjk/js/direct.js:306
[    4685ms] [LOG] [direct] deduped player to 1 @ chrome-extension://ihaelfjohnpciodjianpgchimpgifgjk/js/direct.js:324
[    4686ms] [LOG] [direct] Download button injected (player mini) @ chrome-extension://ihaelfjohnpciodjianpgchimpgifgjk/js/direct.js:306
[    4686ms] [LOG] [direct] deduped player to 1 @ chrome-extension://ihaelfjohnpciodjianpgchimpgifgjk/js/direct.js:324
[    4687ms] [LOG] [direct] Download button injected (player mini) @ chrome-extension://ihaelfjohnpciodjianpgchimpgifgjk/js/direct.js:306
[    4687ms] [LOG] [direct] deduped player to 1 @ chrome-extension://ihaelfjohnpciodjianpgchimpgifgjk/js/direct.js:324
[    4688ms] [LOG] [direct] Download button injected (player mini) @ chrome-extension://ihaelfjohnpciodjianpgchimpgifgjk/js/direct.js:306
[    4688ms] [LOG] [direct] deduped player to 1 @ chrome-extension://ihaelfjohnpciodjianpgchimpgifgjk/js/direct.js:324
[    4689ms] [LOG] [direct] Download button injected (player mini) @ chrome-extension://ihaelfjohnpciodjianpgchimpgifgjk/js/direct.js:306
[    4689ms] [LOG] [direct] deduped player to 1 @ chrome-extension://ihaelfjohnpciodjianpgchimpgifgjk/js/direct.js:324
[    4690ms] [LOG] [direct] Download button injected (player mini) @ chrome-extension://ihaelfjohnpciodjianpgchimpgifgjk/js/direct.js:306
[    4691ms] [LOG] [direct] deduped player to 1 @ chrome-extension://ihaelfjohnpciodjianpgchimpgifgjk/js/direct.js:324
[    4691ms] [LOG] [direct] Download button injected (player mini) @ chrome-extension://ihaelfjohnpciodjianpgchimpgifgjk/js/direct.js:306
[    4692ms] [LOG] [direct] deduped player to 1 @ chrome-extension://ihaelfjohnpciodjianpgchimpgifgjk/js/direct.js:324
[    4693ms] [LOG] [direct] Download button injected (player mini) @ chrome-extension://ihaelfjohnpciodjianpgchimpgifgjk/js/direct.js:306
[    4694ms] [LOG] [direct] deduped player to 1 @ chrome-extension://ihaelfjohnpciodjianpgchimpgifgjk/js/direct.js:324
[    4694ms] [LOG] [direct] Download button injected (player mini) @ chrome-extension://ihaelfjohnpciodjianpgchimpgifgjk/js/direct.js:306
[    4694ms] [LOG] [direct] deduped player to 1 @ chrome-extension://ihaelfjohnpciodjianpgchimpgifgjk/js/direct.js:324
[    4695ms] [LOG] [direct] Download button injected (player mini) @ chrome-extension://ihaelfjohnpciodjianpgchimpgifgjk/js/direct.js:306
[    4696ms] [LOG] [direct] deduped player to 1 @ chrome-extension://ihaelfjohnpciodjianpgchimpgifgjk/js/direct.js:324
[    4696ms] [LOG] [direct] Download button injected (player mini) @ chrome-extension://ihaelfjohnpciodjianpgchimpgifgjk/js/direct.js:306
[    4697ms] [LOG] [direct] deduped player to 1 @ chrome-extension://ihaelfjohnpciodjianpgchimpgifgjk/js/direct.js:324
[    4697ms] [LOG] [direct] Download button injected (player mini) @ chrome-extension://ihaelfjohnpciodjianpgchimpgifgjk/js/direct.js:306
[    4698ms] [LOG] [direct] deduped player to 1 @ chrome-extension://ihaelfjohnpciodjianpgchimpgifgjk/js/direct.js:324
[    4699ms] [LOG] [direct] Download button injected (player mini) @ chrome-extension://ihaelfjohnpciodjianpgchimpgifgjk/js/direct.js:306
[    4699ms] [LOG] [direct] deduped player to 1 @ chrome-extension://ihaelfjohnpciodjianpgchimpgifgjk/js/direct.js:324
[    4699ms] [LOG] [direct] Download button injected (player mini) @ chrome-extension://ihaelfjohnpciodjianpgchimpgifgjk/js/direct.js:306
[    4700ms] [LOG] [direct] deduped player to 1 @ chrome-extension://ihaelfjohnpciodjianpgchimpgifgjk/js/direct.js:324
[    4700ms] [LOG] [direct] Download button injected (player mini) @ chrome-extension://ihaelfjohnpciodjianpgchimpgifgjk/js/direct.js:306
[    4701ms] [LOG] [direct] deduped player to 1 @ chrome-extension://ihaelfjohnpciodjianpgchimpgifgjk/js/direct.js:324
[    4701ms] [LOG] [direct] Download button injected (player mini) @ chrome-extension://ihaelfjohnpciodjianpgchimpgifgjk/js/direct.js:306
[    4701ms] [LOG] [direct] deduped player to 1 @ chrome-extension://ihaelfjohnpciodjianpgchimpgifgjk/js/direct.js:324
[    4702ms] [LOG] [direct] Download button injected (player mini) @ chrome-extension://ihaelfjohnpciodjianpgchimpgifgjk/js/direct.js:306
[    4702ms] [LOG] [direct] deduped player to 1 @ chrome-extension://ihaelfjohnpciodjianpgchimpgifgjk/js/direct.js:324
[    4703ms] [LOG] [direct] Download button injected (player mini) @ chrome-extension://ihaelfjohnpciodjianpgchimpgifgjk/js/direct.js:306
[    4704ms] [LOG] [direct] deduped player to 1 @ chrome-extension://ihaelfjohnpciodjianpgchimpgifgjk/js/direct.js:324
[    4704ms] [LOG] [direct] Download button injected (player mini) @ chrome-extension://ihaelfjohnpciodjianpgchimpgifgjk/js/direct.js:306
[    4705ms] [LOG] [direct] deduped player to 1 @ chrome-extension://ihaelfjohnpciodjianpgchimpgifgjk/js/direct.js:324
[    4705ms] [LOG] [direct] Download button injected (player mini) @ chrome-extension://ihaelfjohnpciodjianpgchimpgifgjk/js/direct.js:306
[    4706ms] [LOG] [direct] deduped player to 1 @ chrome-extension://ihaelfjohnpciodjianpgchimpgifgjk/js/direct.js:324
[    4707ms] [LOG] [direct] Download button injected (player mini) @ chrome-extension://ihaelfjohnpciodjianpgchimpgifgjk/js/direct.js:306
[    4707ms] [LOG] [direct] deduped player to 1 @ chrome-extension://ihaelfjohnpciodjianpgchimpgifgjk/js/direct.js:324
[    4708ms] [LOG] [direct] Download button injected (player mini) @ chrome-extension://ihaelfjohnpciodjianpgchimpgifgjk/js/direct.js:306
[    4708ms] [LOG] [direct] deduped player to 1 @ chrome-extension://ihaelfjohnpciodjianpgchimpgifgjk/js/direct.js:324
[    4708ms] [LOG] [direct] Download button injected (player mini) @ chrome-extension://ihaelfjohnpciodjianpgchimpgifgjk/js/direct.js:306
[    4709ms] [LOG] [direct] deduped player to 1 @ chrome-extension://ihaelfjohnpciodjianpgchimpgifgjk/js/direct.js:324
[    4710ms] [LOG] [direct] Download button injected (player mini) @ chrome-extension://ihaelfjohnpciodjianpgchimpgifgjk/js/direct.js:306
[    4710ms] [LOG] [direct] deduped player to 1 @ chrome-extension://ihaelfjohnpciodjianpgchimpgifgjk/js/direct.js:324
[    4711ms] [LOG] [direct] Download button injected (player mini) @ chrome-extension://ihaelfjohnpciodjianpgchimpgifgjk/js/direct.js:306
[    4711ms] [LOG] [direct] deduped player to 1 @ chrome-extension://ihaelfjohnpciodjianpgchimpgifgjk/js/direct.js:324
[    4712ms] [LOG] [direct] Download button injected (player mini) @ chrome-extension://ihaelfjohnpciodjianpgchimpgifgjk/js/direct.js:306
[    4713ms] [LOG] [direct] deduped player to 1 @ chrome-extension://ihaelfjohnpciodjianpgchimpgifgjk/js/direct.js:324
[    4713ms] [LOG] [direct] Download button injected (player mini) @ chrome-extension://ihaelfjohnpciodjianpgchimpgifgjk/js/direct.js:306
[    4714ms] [LOG] [direct] deduped player to 1 @ chrome-extension://ihaelfjohnpciodjianpgchimpgifgjk/js/direct.js:324
[    4715ms] [LOG] [direct] Download button injected (player mini) @ chrome-extension://ihaelfjohnpciodjianpgchimpgifgjk/js/direct.js:306
[    4715ms] [LOG] [direct] deduped player to 1 @ chrome-extension://ihaelfjohnpciodjianpgchimpgifgjk/js/direct.js:324
[    4716ms] [LOG] [direct] Download button injected (player mini) @ chrome-extension://ihaelfjohnpciodjianpgchimpgifgjk/js/direct.js:306
[    4716ms] [LOG] [direct] deduped player to 1 @ chrome-extension://ihaelfjohnpciodjianpgchimpgifgjk/js/direct.js:324
[    4717ms] [LOG] [direct] Download button injected (player mini) @ chrome-extension://ihaelfjohnpciodjianpgchimpgifgjk/js/direct.js:306
[    4717ms] [LOG] [direct] deduped player to 1 @ chrome-extension://ihaelfjohnpciodjianpgchimpgifgjk/js/direct.js:324
[    4718ms] [LOG] [direct] Download button injected (player mini) @ chrome-extension://ihaelfjohnpciodjianpgchimpgifgjk/js/direct.js:306
[    4719ms] [LOG] [direct] deduped player to 1 @ chrome-extension://ihaelfjohnpciodjianpgchimpgifgjk/js/direct.js:324
[    4720ms] [LOG] [direct] Download button injected (player mini) @ chrome-extension://ihaelfjohnpciodjianpgchimpgifgjk/js/direct.js:306
[    4721ms] [LOG] [direct] deduped player to 1 @ chrome-extension://ihaelfjohnpciodjianpgchimpgifgjk/js/direct.js:324
[    4722ms] [LOG] [direct] Download button injected (player mini) @ chrome-extension://ihaelfjohnpciodjianpgchimpgifgjk/js/direct.js:306
[    4722ms] [LOG] [direct] deduped player to 1 @ chrome-extension://ihaelfjohnpciodjianpgchimpgifgjk/js/direct.js:324
[    4723ms] [LOG] [direct] Download button injected (player mini) @ chrome-extension://ihaelfjohnpciodjianpgchimpgifgjk/js/direct.js:306
[    4724ms] [LOG] [direct] deduped player to 1 @ chrome-extension://ihaelfjohnpciodjianpgchimpgifgjk/js/direct.js:324
[    4724ms] [LOG] [direct] Download button injected (player mini) @ chrome-extension://ihaelfjohnpciodjianpgchimpgifgjk/js/direct.js:306
[    4725ms] [LOG] [direct] deduped player to 1 @ chrome-extension://ihaelfjohnpciodjianpgchimpgifgjk/js/direct.js:324
[    4726ms] [LOG] [direct] Download button injected (player mini) @ chrome-extension://ihaelfjohnpciodjianpgchimpgifgjk/js/direct.js:306
[    4726ms] [LOG] [direct] deduped player to 1 @ chrome-extension://ihaelfjohnpciodjianpgchimpgifgjk/js/direct.js:324
[    4727ms] [LOG] [direct] Download button injected (player mini) @ chrome-extension://ihaelfjohnpciodjianpgchimpgifgjk/js/direct.js:306
[    4728ms] [LOG] [direct] deduped player to 1 @ chrome-extension://ihaelfjohnpciodjianpgchimpgifgjk/js/direct.js:324
[    4729ms] [LOG] [direct] Download button injected (player mini) @ chrome-extension://ihaelfjohnpciodjianpgchimpgifgjk/js/direct.js:306
[    4729ms] [LOG] [direct] deduped player to 1 @ chrome-extension://ihaelfjohnpciodjianpgchimpgifgjk/js/direct.js:324
[    4730ms] [LOG] [direct] Download button injected (player mini) @ chrome-extension://ihaelfjohnpciodjianpgchimpgifgjk/js/direct.js:306
[    4730ms] [LOG] [direct] deduped player to 1 @ chrome-extension://ihaelfjohnpciodjianpgchimpgifgjk/js/direct.js:324
[    4731ms] [LOG] [direct] Download button injected (player mini) @ chrome-extension://ihaelfjohnpciodjianpgchimpgifgjk/js/direct.js:306
[    4731ms] [LOG] [direct] deduped player to 1 @ chrome-extension://ihaelfjohnpciodjianpgchimpgifgjk/js/direct.js:324
[    4731ms] [LOG] [direct] Download button injected (player mini) @ chrome-extension://ihaelfjohnpciodjianpgchimpgifgjk/js/direct.js:306
[    4732ms] [LOG] [direct] deduped player to 1 @ chrome-extension://ihaelfjohnpciodjianpgchimpgifgjk/js/direct.js:324
[    4732ms] [LOG] [direct] Download button injected (player mini) @ chrome-extension://ihaelfjohnpciodjianpgchimpgifgjk/js/direct.js:306
[    4733ms] [LOG] [direct] deduped player to 1 @ chrome-extension://ihaelfjohnpciodjianpgchimpgifgjk/js/direct.js:324
[    4733ms] [LOG] [direct] Download button injected (player mini) @ chrome-extension://ihaelfjohnpciodjianpgchimpgifgjk/js/direct.js:306
[    4734ms] [LOG] [direct] deduped player to 1 @ chrome-extension://ihaelfjohnpciodjianpgchimpgifgjk/js/direct.js:324
[    4735ms] [LOG] [direct] Download button injected (player mini) @ chrome-extension://ihaelfjohnpciodjianpgchimpgifgjk/js/direct.js:306
[    4735ms] [LOG] [direct] deduped player to 1 @ chrome-extension://ihaelfjohnpciodjianpgchimpgifgjk/js/direct.js:324
[    4736ms] [LOG] [direct] Download button injected (player mini) @ chrome-extension://ihaelfjohnpciodjianpgchimpgifgjk/js/direct.js:306
[    4736ms] [LOG] [direct] deduped player to 1 @ chrome-extension://ihaelfjohnpciodjianpgchimpgifgjk/js/direct.js:324
[    4737ms] [LOG] [direct] Download button injected (player mini) @ chrome-extension://ihaelfjohnpciodjianpgchimpgifgjk/js/direct.js:306
[    4738ms] [LOG] [direct] deduped player to 1 @ chrome-extension://ihaelfjohnpciodjianpgchimpgifgjk/js/direct.js:324
[    4739ms] [LOG] [direct] Download button injected (player mini) @ chrome-extension://ihaelfjohnpciodjianpgchimpgifgjk/js/direct.js:306
[    4739ms] [LOG] [direct] deduped player to 1 @ chrome-extension://ihaelfjohnpciodjianpgchimpgifgjk/js/direct.js:324
[    4740ms] [LOG] [direct] Download button injected (player mini) @ chrome-extension://ihaelfjohnpciodjianpgchimpgifgjk/js/direct.js:306
[    4741ms] [LOG] [direct] deduped player to 1 @ chrome-extension://ihaelfjohnpciodjianpgchimpgifgjk/js/direct.js:324
[    4743ms] [LOG] [direct] Download button injected (player mini) @ chrome-extension://ihaelfjohnpciodjianpgchimpgifgjk/js/direct.js:306
[    4743ms] [LOG] [direct] deduped player to 1 @ chrome-extension://ihaelfjohnpciodjianpgchimpgifgjk/js/direct.js:324
[    4744ms] [LOG] [direct] Download button injected (player mini) @ chrome-extension://ihaelfjohnpciodjianpgchimpgifgjk/js/direct.js:306
[    4745ms] [LOG] [direct] deduped player to 1 @ chrome-extension://ihaelfjohnpciodjianpgchimpgifgjk/js/direct.js:324
[    4745ms] [LOG] [direct] Download button injected (player mini) @ chrome-extension://ihaelfjohnpciodjianpgchimpgifgjk/js/direct.js:306
[    4746ms] [LOG] [direct] deduped player to 1 @ chrome-extension://ihaelfjohnpciodjianpgchimpgifgjk/js/direct.js:324
[    4747ms] [LOG] [direct] Download button injected (player mini) @ chrome-extension://ihaelfjohnpciodjianpgchimpgifgjk/js/direct.js:306
[    4748ms] [LOG] [direct] deduped player to 1 @ chrome-extension://ihaelfjohnpciodjianpgchimpgifgjk/js/direct.js:324
[    4749ms] [LOG] [direct] Download button injected (player mini) @ chrome-extension://ihaelfjohnpciodjianpgchimpgifgjk/js/direct.js:306
[    4749ms] [LOG] [direct] deduped player to 1 @ chrome-extension://ihaelfjohnpciodjianpgchimpgifgjk/js/direct.js:324
[    4750ms] [LOG] [direct] Download button injected (player mini) @ chrome-extension://ihaelfjohnpciodjianpgchimpgifgjk/js/direct.js:306
[    4750ms] [LOG] [direct] deduped player to 1 @ chrome-extension://ihaelfjohnpciodjianpgchimpgifgjk/js/direct.js:324
[    4751ms] [LOG] [direct] Download button injected (player mini) @ chrome-extension://ihaelfjohnpciodjianpgchimpgifgjk/js/direct.js:306
[    4752ms] [LOG] [direct] deduped player to 1 @ chrome-extension://ihaelfjohnpciodjianpgchimpgifgjk/js/direct.js:324
[    4753ms] [LOG] [direct] Download button injected (player mini) @ chrome-extension://ihaelfjohnpciodjianpgchimpgifgjk/js/direct.js:306
[    4753ms] [LOG] [direct] deduped player to 1 @ chrome-extension://ihaelfjohnpciodjianpgchimpgifgjk/js/direct.js:324
[    4754ms] [LOG] [direct] Download button injected (player mini) @ chrome-extension://ihaelfjohnpciodjianpgchimpgifgjk/js/direct.js:306
[    4754ms] [LOG] [direct] deduped player to 1 @ chrome-extension://ihaelfjohnpciodjianpgchimpgifgjk/js/direct.js:324
[    4755ms] [LOG] [direct] Download button injected (player mini) @ chrome-extension://ihaelfjohnpciodjianpgchimpgifgjk/js/direct.js:306
[    4755ms] [LOG] [direct] deduped player to 1 @ chrome-extension://ihaelfjohnpciodjianpgchimpgifgjk/js/direct.js:324
[    4756ms] [LOG] [direct] Download button injected (player mini) @ chrome-extension://ihaelfjohnpciodjianpgchimpgifgjk/js/direct.js:306
[    4756ms] [LOG] [direct] deduped player to 1 @ chrome-extension://ihaelfjohnpciodjianpgchimpgifgjk/js/direct.js:324
[    4757ms] [LOG] [direct] Download button injected (player mini) @ chrome-extension://ihaelfjohnpciodjianpgchimpgifgjk/js/direct.js:306
[    4757ms] [LOG] [direct] deduped player to 1 @ chrome-extension://ihaelfjohnpciodjianpgchimpgifgjk/js/direct.js:324
[    4758ms] [LOG] [direct] Download button injected (player mini) @ chrome-extension://ihaelfjohnpciodjianpgchimpgifgjk/js/direct.js:306
[    4758ms] [LOG] [direct] deduped player to 1 @ chrome-extension://ihaelfjohnpciodjianpgchimpgifgjk/js/direct.js:324
[    4759ms] [LOG] [direct] Download button injected (player mini) @ chrome-extension://ihaelfjohnpciodjianpgchimpgifgjk/js/direct.js:306
[    4760ms] [LOG] [direct] deduped player to 1 @ chrome-extension://ihaelfjohnpciodjianpgchimpgifgjk/js/direct.js:324
[    4761ms] [LOG] [direct] Download button injected (player mini) @ chrome-extension://ihaelfjohnpciodjianpgchimpgifgjk/js/direct.js:306
[    4761ms] [LOG] [direct] deduped player to 1 @ chrome-extension://ihaelfjohnpciodjianpgchimpgifgjk/js/direct.js:324
[    4761ms] [LOG] [direct] Download button injected (player mini) @ chrome-extension://ihaelfjohnpciodjianpgchimpgifgjk/js/direct.js:306
[    4762ms] [LOG] [direct] deduped player to 1 @ chrome-extension://ihaelfjohnpciodjianpgchimpgifgjk/js/direct.js:324
[    4763ms] [LOG] [direct] Download button injected (player mini) @ chrome-extension://ihaelfjohnpciodjianpgchimpgifgjk/js/direct.js:306
[    4763ms] [LOG] [direct] deduped player to 1 @ chrome-extension://ihaelfjohnpciodjianpgchimpgifgjk/js/direct.js:324
[    4764ms] [LOG] [direct] Download button injected (player mini) @ chrome-extension://ihaelfjohnpciodjianpgchimpgifgjk/js/direct.js:306
[    4765ms] [LOG] [direct] deduped player to 1 @ chrome-extension://ihaelfjohnpciodjianpgchimpgifgjk/js/direct.js:324
[    4766ms] [LOG] [direct] Download button injected (player mini) @ chrome-extension://ihaelfjohnpciodjianpgchimpgifgjk/js/direct.js:306
[    4766ms] [LOG] [direct] deduped player to 1 @ chrome-extension://ihaelfjohnpciodjianpgchimpgifgjk/js/direct.js:324
[    4767ms] [LOG] [direct] Download button injected (player mini) @ chrome-extension://ihaelfjohnpciodjianpgchimpgifgjk/js/direct.js:306
[    4767ms] [LOG] [direct] deduped player to 1 @ chrome-extension://ihaelfjohnpciodjianpgchimpgifgjk/js/direct.js:324
[    4768ms] [LOG] [direct] Download button injected (player mini) @ chrome-extension://ihaelfjohnpciodjianpgchimpgifgjk/js/direct.js:306
[    4768ms] [LOG] [direct] deduped player to 1 @ chrome-extension://ihaelfjohnpciodjianpgchimpgifgjk/js/direct.js:324
[    4769ms] [LOG] [direct] Download button injected (player mini) @ chrome-extension://ihaelfjohnpciodjianpgchimpgifgjk/js/direct.js:306
[    4769ms] [LOG] [direct] deduped player to 1 @ chrome-extension://ihaelfjohnpciodjianpgchimpgifgjk/js/direct.js:324
[    4770ms] [LOG] [direct] Download button injected (player mini) @ chrome-extension://ihaelfjohnpciodjianpgchimpgifgjk/js/direct.js:306
[    4770ms] [LOG] [direct] deduped player to 1 @ chrome-extension://ihaelfjohnpciodjianpgchimpgifgjk/js/direct.js:324
[    4771ms] [LOG] [direct] Download button injected (player mini) @ chrome-extension://ihaelfjohnpciodjianpgchimpgifgjk/js/direct.js:306
[    4771ms] [LOG] [direct] deduped player to 1 @ chrome-extension://ihaelfjohnpciodjianpgchimpgifgjk/js/direct.js:324
[    4772ms] [LOG] [direct] Download button injected (player mini) @ chrome-extension://ihaelfjohnpciodjianpgchimpgifgjk/js/direct.js:306
[    4772ms] [LOG] [direct] deduped player to 1 @ chrome-extension://ihaelfjohnpciodjianpgchimpgifgjk/js/direct.js:324
[    4773ms] [LOG] [direct] Download button injected (player mini) @ chrome-extension://ihaelfjohnpciodjianpgchimpgifgjk/js/direct.js:306
[    4773ms] [LOG] [direct] deduped player to 1 @ chrome-extension://ihaelfjohnpciodjianpgchimpgifgjk/js/direct.js:324
[    4773ms] [LOG] [direct] Download button injected (player mini) @ chrome-extension://ihaelfjohnpciodjianpgchimpgifgjk/js/direct.js:306
[    4774ms] [LOG] [direct] deduped player to 1 @ chrome-extension://ihaelfjohnpciodjianpgchimpgifgjk/js/direct.js:324
[    4775ms] [LOG] [direct] Download button injected (player mini) @ chrome-extension://ihaelfjohnpciodjianpgchimpgifgjk/js/direct.js:306
[    4775ms] [LOG] [direct] deduped player to 1 @ chrome-extension://ihaelfjohnpciodjianpgchimpgifgjk/js/direct.js:324
[    4776ms] [LOG] [direct] Download button injected (player mini) @ chrome-extension://ihaelfjohnpciodjianpgchimpgifgjk/js/direct.js:306
[    4777ms] [LOG] [direct] deduped player to 1 @ chrome-extension://ihaelfjohnpciodjianpgchimpgifgjk/js/direct.js:324
[    4777ms] [LOG] [direct] Download button injected (player mini) @ chrome-extension://ihaelfjohnpciodjianpgchimpgifgjk/js/direct.js:306
[    4778ms] [LOG] [direct] deduped player to 1 @ chrome-extension://ihaelfjohnpciodjianpgchimpgifgjk/js/direct.js:324
[    4778ms] [LOG] [direct] Download button injected (player mini) @ chrome-extension://ihaelfjohnpciodjianpgchimpgifgjk/js/direct.js:306
[    4779ms] [LOG] [direct] deduped player to 1 @ chrome-extension://ihaelfjohnpciodjianpgchimpgifgjk/js/direct.js:324
[    4779ms] [LOG] [direct] Download button injected (player mini) @ chrome-extension://ihaelfjohnpciodjianpgchimpgifgjk/js/direct.js:306
[    4779ms] [LOG] [direct] deduped player to 1 @ chrome-extension://ihaelfjohnpciodjianpgchimpgifgjk/js/direct.js:324
[    4780ms] [LOG] [direct] Download button injected (player mini) @ chrome-extension://ihaelfjohnpciodjianpgchimpgifgjk/js/direct.js:306
[    4780ms] [LOG] [direct] deduped player to 1 @ chrome-extension://ihaelfjohnpciodjianpgchimpgifgjk/js/direct.js:324
[    4781ms] [LOG] [direct] Download button injected (player mini) @ chrome-extension://ihaelfjohnpciodjianpgchimpgifgjk/js/direct.js:306
[    4781ms] [LOG] [direct] deduped player to 1 @ chrome-extension://ihaelfjohnpciodjianpgchimpgifgjk/js/direct.js:324
[    4782ms] [LOG] [direct] Download button injected (player mini) @ chrome-extension://ihaelfjohnpciodjianpgchimpgifgjk/js/direct.js:306
[    4782ms] [LOG] [direct] deduped player to 1 @ chrome-extension://ihaelfjohnpciodjianpgchimpgifgjk/js/direct.js:324
[    4782ms] [LOG] [direct] Download button injected (player mini) @ chrome-extension://ihaelfjohnpciodjianpgchimpgifgjk/js/direct.js:306
[    4783ms] [LOG] [direct] deduped player to 1 @ chrome-extension://ihaelfjohnpciodjianpgchimpgifgjk/js/direct.js:324
[    4783ms] [LOG] [direct] Download button injected (player mini) @ chrome-extension://ihaelfjohnpciodjianpgchimpgifgjk/js/direct.js:306
[    4783ms] [LOG] [direct] deduped player to 1 @ chrome-extension://ihaelfjohnpciodjianpgchimpgifgjk/js/direct.js:324
[    4784ms] [LOG] [direct] Download button injected (player mini) @ chrome-extension://ihaelfjohnpciodjianpgchimpgifgjk/js/direct.js:306
[    4784ms] [LOG] [direct] deduped player to 1 @ chrome-extension://ihaelfjohnpciodjianpgchimpgifgjk/js/direct.js:324
[    4785ms] [LOG] [direct] Download button injected (player mini) @ chrome-extension://ihaelfjohnpciodjianpgchimpgifgjk/js/direct.js:306
[    4785ms] [LOG] [direct] deduped player to 1 @ chrome-extension://ihaelfjohnpciodjianpgchimpgifgjk/js/direct.js:324
[    4786ms] [LOG] [direct] Download button injected (player mini) @ chrome-extension://ihaelfjohnpciodjianpgchimpgifgjk/js/direct.js:306
[    4786ms] [LOG] [direct] deduped player to 1 @ chrome-extension://ihaelfjohnpciodjianpgchimpgifgjk/js/direct.js:324
[    4787ms] [LOG] [direct] Download button injected (player mini) @ chrome-extension://ihaelfjohnpciodjianpgchimpgifgjk/js/direct.js:306
[    4788ms] [LOG] [direct] deduped player to 1 @ chrome-extension://ihaelfjohnpciodjianpgchimpgifgjk/js/direct.js:324
[    4788ms] [LOG] [direct] Download button injected (player mini) @ chrome-extension://ihaelfjohnpciodjianpgchimpgifgjk/js/direct.js:306
[    4789ms] [LOG] [direct] deduped player to 1 @ chrome-extension://ihaelfjohnpciodjianpgchimpgifgjk/js/direct.js:324
[    4789ms] [LOG] [direct] Download button injected (player mini) @ chrome-extension://ihaelfjohnpciodjianpgchimpgifgjk/js/direct.js:306
[    4790ms] [LOG] [direct] deduped player to 1 @ chrome-extension://ihaelfjohnpciodjianpgchimpgifgjk/js/direct.js:324
[    4790ms] [LOG] [direct] Download button injected (player mini) @ chrome-extension://ihaelfjohnpciodjianpgchimpgifgjk/js/direct.js:306
[    4791ms] [LOG] [direct] deduped player to 1 @ chrome-extension://ihaelfjohnpciodjianpgchimpgifgjk/js/direct.js:324
[    4792ms] [LOG] [direct] Download button injected (player mini) @ chrome-extension://ihaelfjohnpciodjianpgchimpgifgjk/js/direct.js:306
[    4792ms] [LOG] [direct] deduped player to 1 @ chrome-extension://ihaelfjohnpciodjianpgchimpgifgjk/js/direct.js:324
[    4793ms] [LOG] [direct] Download button injected (player mini) @ chrome-extension://ihaelfjohnpciodjianpgchimpgifgjk/js/direct.js:306
[    4793ms] [LOG] [direct] deduped player to 1 @ chrome-extension://ihaelfjohnpciodjianpgchimpgifgjk/js/direct.js:324
[    4794ms] [LOG] [direct] Download button injected (player mini) @ chrome-extension://ihaelfjohnpciodjianpgchimpgifgjk/js/direct.js:306
[    4795ms] [LOG] [direct] deduped player to 1 @ chrome-extension://ihaelfjohnpciodjianpgchimpgifgjk/js/direct.js:324
[    4795ms] [LOG] [direct] Download button injected (player mini) @ chrome-extension://ihaelfjohnpciodjianpgchimpgifgjk/js/direct.js:306
[    4796ms] [LOG] [direct] deduped player to 1 @ chrome-extension://ihaelfjohnpciodjianpgchimpgifgjk/js/direct.js:324
[    4796ms] [LOG] [direct] Download button injected (player mini) @ chrome-extension://ihaelfjohnpciodjianpgchimpgifgjk/js/direct.js:306
[    4797ms] [LOG] [direct] deduped player to 1 @ chrome-extension://ihaelfjohnpciodjianpgchimpgifgjk/js/direct.js:324
[    4797ms] [LOG] [direct] Download button injected (player mini) @ chrome-extension://ihaelfjohnpciodjianpgchimpgifgjk/js/direct.js:306
[    4798ms] [LOG] [direct] deduped player to 1 @ chrome-extension://ihaelfjohnpciodjianpgchimpgifgjk/js/direct.js:324
[    4798ms] [LOG] [direct] Download button injected (player mini) @ chrome-extension://ihaelfjohnpciodjianpgchimpgifgjk/js/direct.js:306
[    4799ms] [LOG] [direct] deduped player to 1 @ chrome-extension://ihaelfjohnpciodjianpgchimpgifgjk/js/direct.js:324
[    4799ms] [LOG] [direct] Download button injected (player mini) @ chrome-extension://ihaelfjohnpciodjianpgchimpgifgjk/js/direct.js:306
[    4799ms] [LOG] [direct] deduped player to 1 @ chrome-extension://ihaelfjohnpciodjianpgchimpgifgjk/js/direct.js:324
[    4800ms] [LOG] [direct] Download button injected (player mini) @ chrome-extension://ihaelfjohnpciodjianpgchimpgifgjk/js/direct.js:306
[    4800ms] [LOG] [direct] deduped player to 1 @ chrome-extension://ihaelfjohnpciodjianpgchimpgifgjk/js/direct.js:324
[    4801ms] [LOG] [direct] Download button injected (player mini) @ chrome-extension://ihaelfjohnpciodjianpgchimpgifgjk/js/direct.js:306
[    4801ms] [LOG] [direct] deduped player to 1 @ chrome-extension://ihaelfjohnpciodjianpgchimpgifgjk/js/direct.js:324
[    4802ms] [LOG] [direct] Download button injected (player mini) @ chrome-extension://ihaelfjohnpciodjianpgchimpgifgjk/js/direct.js:306
[    4802ms] [LOG] [direct] deduped player to 1 @ chrome-extension://ihaelfjohnpciodjianpgchimpgifgjk/js/direct.js:324
[    4803ms] [LOG] [direct] Download button injected (player mini) @ chrome-extension://ihaelfjohnpciodjianpgchimpgifgjk/js/direct.js:306
[    4803ms] [LOG] [direct] deduped player to 1 @ chrome-extension://ihaelfjohnpciodjianpgchimpgifgjk/js/direct.js:324
[    4804ms] [LOG] [direct] Download button injected (player mini) @ chrome-extension://ihaelfjohnpciodjianpgchimpgifgjk/js/direct.js:306
[    4804ms] [LOG] [direct] deduped player to 1 @ chrome-extension://ihaelfjohnpciodjianpgchimpgifgjk/js/direct.js:324
[    4805ms] [LOG] [direct] Download button injected (player mini) @ chrome-extension://ihaelfjohnpciodjianpgchimpgifgjk/js/direct.js:306
[    4806ms] [LOG] [direct] deduped player to 1 @ chrome-extension://ihaelfjohnpciodjianpgchimpgifgjk/js/direct.js:324
[    4807ms] [LOG] [direct] Download button injected (player mini) @ chrome-extension://ihaelfjohnpciodjianpgchimpgifgjk/js/direct.js:306
[    4807ms] [LOG] [direct] deduped player to 1 @ chrome-extension://ihaelfjohnpciodjianpgchimpgifgjk/js/direct.js:324
[    4808ms] [LOG] [direct] Download button injected (player mini) @ chrome-extension://ihaelfjohnpciodjianpgchimpgifgjk/js/direct.js:306
[    4808ms] [LOG] [direct] deduped player to 1 @ chrome-extension://ihaelfjohnpciodjianpgchimpgifgjk/js/direct.js:324
[    4809ms] [LOG] [direct] Download button injected (player mini) @ chrome-extension://ihaelfjohnpciodjianpgchimpgifgjk/js/direct.js:306
[    4809ms] [LOG] [direct] deduped player to 1 @ chrome-extension://ihaelfjohnpciodjianpgchimpgifgjk/js/direct.js:324
[    4810ms] [LOG] [direct] Download button injected (player mini) @ chrome-extension://ihaelfjohnpciodjianpgchimpgifgjk/js/direct.js:306
[    4810ms] [LOG] [direct] deduped player to 1 @ chrome-extension://ihaelfjohnpciodjianpgchimpgifgjk/js/direct.js:324
[    4811ms] [LOG] [direct] Download button injected (player mini) @ chrome-extension://ihaelfjohnpciodjianpgchimpgifgjk/js/direct.js:306
[    4811ms] [LOG] [direct] deduped player to 1 @ chrome-extension://ihaelfjohnpciodjianpgchimpgifgjk/js/direct.js:324
[    4812ms] [LOG] [direct] Download button injected (player mini) @ chrome-extension://ihaelfjohnpciodjianpgchimpgifgjk/js/direct.js:306
[    4812ms] [LOG] [direct] deduped player to 1 @ chrome-extension://ihaelfjohnpciodjianpgchimpgifgjk/js/direct.js:324
[    4813ms] [LOG] [direct] Download button injected (player mini) @ chrome-extension://ihaelfjohnpciodjianpgchimpgifgjk/js/direct.js:306
[    4813ms] [LOG] [direct] deduped player to 1 @ chrome-extension://ihaelfjohnpciodjianpgchimpgifgjk/js/direct.js:324
[    4814ms] [LOG] [direct] Download button injected (player mini) @ chrome-extension://ihaelfjohnpciodjianpgchimpgifgjk/js/direct.js:306
[    4814ms] [LOG] [direct] deduped player to 1 @ chrome-extension://ihaelfjohnpciodjianpgchimpgifgjk/js/direct.js:324
[    4816ms] [LOG] [direct] Download button injected (player mini) @ chrome-extension://ihaelfjohnpciodjianpgchimpgifgjk/js/direct.js:306
[    4816ms] [LOG] [direct] deduped player to 1 @ chrome-extension://ihaelfjohnpciodjianpgchimpgifgjk/js/direct.js:324
[    4817ms] [LOG] [direct] Download button injected (player mini) @ chrome-extension://ihaelfjohnpciodjianpgchimpgifgjk/js/direct.js:306
[    4817ms] [LOG] [direct] deduped player to 1 @ chrome-extension://ihaelfjohnpciodjianpgchimpgifgjk/js/direct.js:324
[    4817ms] [LOG] [direct] Download button injected (player mini) @ chrome-extension://ihaelfjohnpciodjianpgchimpgifgjk/js/direct.js:306
[    4818ms] [LOG] [direct] deduped player to 1 @ chrome-extension://ihaelfjohnpciodjianpgchimpgifgjk/js/direct.js:324
[    4819ms] [LOG] [direct] Download button injected (player mini) @ chrome-extension://ihaelfjohnpciodjianpgchimpgifgjk/js/direct.js:306
[    4819ms] [LOG] [direct] deduped player to 1 @ chrome-extension://ihaelfjohnpciodjianpgchimpgifgjk/js/direct.js:324
[    4820ms] [LOG] [direct] Download button injected (player mini) @ chrome-extension://ihaelfjohnpciodjianpgchimpgifgjk/js/direct.js:306
[    4820ms] [LOG] [direct] deduped player to 1 @ chrome-extension://ihaelfjohnpciodjianpgchimpgifgjk/js/direct.js:324
[    4821ms] [LOG] [direct] Download button injected (player mini) @ chrome-extension://ihaelfjohnpciodjianpgchimpgifgjk/js/direct.js:306
[    4822ms] [LOG] [direct] deduped player to 1 @ chrome-extension://ihaelfjohnpciodjianpgchimpgifgjk/js/direct.js:324
[    4822ms] [LOG] [direct] Download button injected (player mini) @ chrome-extension://ihaelfjohnpciodjianpgchimpgifgjk/js/direct.js:306
[    4823ms] [LOG] [direct] deduped player to 1 @ chrome-extension://ihaelfjohnpciodjianpgchimpgifgjk/js/direct.js:324
[    4824ms] [LOG] [direct] Download button injected (player mini) @ chrome-extension://ihaelfjohnpciodjianpgchimpgifgjk/js/direct.js:306
[    4824ms] [LOG] [direct] deduped player to 1 @ chrome-extension://ihaelfjohnpciodjianpgchimpgifgjk/js/direct.js:324
[    4825ms] [LOG] [direct] Download button injected (player mini) @ chrome-extension://ihaelfjohnpciodjianpgchimpgifgjk/js/direct.js:306
[    4825ms] [LOG] [direct] deduped player to 1 @ chrome-extension://ihaelfjohnpciodjianpgchimpgifgjk/js/direct.js:324
[    4826ms] [LOG] [direct] Download button injected (player mini) @ chrome-extension://ihaelfjohnpciodjianpgchimpgifgjk/js/direct.js:306
[    4826ms] [LOG] [direct] deduped player to 1 @ chrome-extension://ihaelfjohnpciodjianpgchimpgifgjk/js/direct.js:324
[    4827ms] [LOG] [direct] Download button injected (player mini) @ chrome-extension://ihaelfjohnpciodjianpgchimpgifgjk/js/direct.js:306
[    4828ms] [LOG] [direct] deduped player to 1 @ chrome-extension://ihaelfjohnpciodjianpgchimpgifgjk/js/direct.js:324
[    4828ms] [LOG] [direct] Download button injected (player mini) @ chrome-extension://ihaelfjohnpciodjianpgchimpgifgjk/js/direct.js:306
[    4829ms] [LOG] [direct] deduped player to 1 @ chrome-extension://ihaelfjohnpciodjianpgchimpgifgjk/js/direct.js:324
[    4830ms] [LOG] [direct] Download button injected (player mini) @ chrome-extension://ihaelfjohnpciodjianpgchimpgifgjk/js/direct.js:306
[    4830ms] [LOG] [direct] deduped player to 1 @ chrome-extension://ihaelfjohnpciodjianpgchimpgifgjk/js/direct.js:324
[    4831ms] [LOG] [direct] Download button injected (player mini) @ chrome-extension://ihaelfjohnpciodjianpgchimpgifgjk/js/direct.js:306
[    4831ms] [LOG] [direct] deduped player to 1 @ chrome-extension://ihaelfjohnpciodjianpgchimpgifgjk/js/direct.js:324
[    4831ms] [LOG] [direct] Download button injected (player mini) @ chrome-extension://ihaelfjohnpciodjianpgchimpgifgjk/js/direct.js:306
[    4832ms] [LOG] [direct] deduped player to 1 @ chrome-extension://ihaelfjohnpciodjianpgchimpgifgjk/js/direct.js:324
[    4832ms] [LOG] [direct] Download button injected (player mini) @ chrome-extension://ihaelfjohnpciodjianpgchimpgifgjk/js/direct.js:306
[    4832ms] [LOG] [direct] deduped player to 1 @ chrome-extension://ihaelfjohnpciodjianpgchimpgifgjk/js/direct.js:324
[    4833ms] [LOG] [direct] Download button injected (player mini) @ chrome-extension://ihaelfjohnpciodjianpgchimpgifgjk/js/direct.js:306
[    4833ms] [LOG] [direct] deduped player to 1 @ chrome-extension://ihaelfjohnpciodjianpgchimpgifgjk/js/direct.js:324
[    4834ms] [LOG] [direct] Download button injected (player mini) @ chrome-extension://ihaelfjohnpciodjianpgchimpgifgjk/js/direct.js:306
[    4834ms] [LOG] [direct] deduped player to 1 @ chrome-extension://ihaelfjohnpciodjianpgchimpgifgjk/js/direct.js:324
[    4835ms] [LOG] [direct] Download button injected (player mini) @ chrome-extension://ihaelfjohnpciodjianpgchimpgifgjk/js/direct.js:306
[    4835ms] [LOG] [direct] deduped player to 1 @ chrome-extension://ihaelfjohnpciodjianpgchimpgifgjk/js/direct.js:324
[    4835ms] [LOG] [direct] Download button injected (player mini) @ chrome-extension://ihaelfjohnpciodjianpgchimpgifgjk/js/direct.js:306
[    4836ms] [LOG] [direct] deduped player to 1 @ chrome-extension://ihaelfjohnpciodjianpgchimpgifgjk/js/direct.js:324
[    4836ms] [LOG] [direct] Download button injected (player mini) @ chrome-extension://ihaelfjohnpciodjianpgchimpgifgjk/js/direct.js:306
[    4836ms] [LOG] [direct] deduped player to 1 @ chrome-extension://ihaelfjohnpciodjianpgchimpgifgjk/js/direct.js:324
[    4837ms] [LOG] [direct] Download button injected (player mini) @ chrome-extension://ihaelfjohnpciodjianpgchimpgifgjk/js/direct.js:306
[    4837ms] [LOG] [direct] deduped player to 1 @ chrome-extension://ihaelfjohnpciodjianpgchimpgifgjk/js/direct.js:324
[    4838ms] [LOG] [direct] Download button injected (player mini) @ chrome-extension://ihaelfjohnpciodjianpgchimpgifgjk/js/direct.js:306
[    4838ms] [LOG] [direct] deduped player to 1 @ chrome-extension://ihaelfjohnpciodjianpgchimpgifgjk/js/direct.js:324
[    4839ms] [LOG] [direct] Download button injected (player mini) @ chrome-extension://ihaelfjohnpciodjianpgchimpgifgjk/js/direct.js:306
[    4839ms] [LOG] [direct] deduped player to 1 @ chrome-extension://ihaelfjohnpciodjianpgchimpgifgjk/js/direct.js:324
[    4839ms] [LOG] [direct] Download button injected (player mini) @ chrome-extension://ihaelfjohnpciodjianpgchimpgifgjk/js/direct.js:306
[    4840ms] [LOG] [direct] deduped player to 1 @ chrome-extension://ihaelfjohnpciodjianpgchimpgifgjk/js/direct.js:324
[    4840ms] [LOG] [direct] Download button injected (player mini) @ chrome-extension://ihaelfjohnpciodjianpgchimpgifgjk/js/direct.js:306
[    4840ms] [LOG] [direct] deduped player to 1 @ chrome-extension://ihaelfjohnpciodjianpgchimpgifgjk/js/direct.js:324
[    4841ms] [LOG] [direct] Download button injected (player mini) @ chrome-extension://ihaelfjohnpciodjianpgchimpgifgjk/js/direct.js:306
[    4841ms] [LOG] [direct] deduped player to 1 @ chrome-extension://ihaelfjohnpciodjianpgchimpgifgjk/js/direct.js:324
[    4842ms] [LOG] [direct] Download button injected (player mini) @ chrome-extension://ihaelfjohnpciodjianpgchimpgifgjk/js/direct.js:306
[    4843ms] [LOG] [direct] deduped player to 1 @ chrome-extension://ihaelfjohnpciodjianpgchimpgifgjk/js/direct.js:324
[    4843ms] [LOG] [direct] Download button injected (player mini) @ chrome-extension://ihaelfjohnpciodjianpgchimpgifgjk/js/direct.js:306
[    4844ms] [LOG] [direct] deduped player to 1 @ chrome-extension://ihaelfjohnpciodjianpgchimpgifgjk/js/direct.js:324
[    4844ms] [LOG] [direct] Download button injected (player mini) @ chrome-extension://ihaelfjohnpciodjianpgchimpgifgjk/js/direct.js:306
[    4845ms] [LOG] [direct] deduped player to 1 @ chrome-extension://ihaelfjohnpciodjianpgchimpgifgjk/js/direct.js:324
[    4845ms] [LOG] [direct] Download button injected (player mini) @ chrome-extension://ihaelfjohnpciodjianpgchimpgifgjk/js/direct.js:306
[    4846ms] [LOG] [direct] deduped player to 1 @ chrome-extension://ihaelfjohnpciodjianpgchimpgifgjk/js/direct.js:324
[    4846ms] [LOG] [direct] Download button injected (player mini) @ chrome-extension://ihaelfjohnpciodjianpgchimpgifgjk/js/direct.js:306
[    4846ms] [LOG] [direct] deduped player to 1 @ chrome-extension://ihaelfjohnpciodjianpgchimpgifgjk/js/direct.js:324
[    4847ms] [LOG] [direct] Download button injected (player mini) @ chrome-extension://ihaelfjohnpciodjianpgchimpgifgjk/js/direct.js:306
[    4847ms] [LOG] [direct] deduped player to 1 @ chrome-extension://ihaelfjohnpciodjianpgchimpgifgjk/js/direct.js:324
[    4848ms] [LOG] [direct] Download button injected (player mini) @ chrome-extension://ihaelfjohnpciodjianpgchimpgifgjk/js/direct.js:306
[    4848ms] [LOG] [direct] deduped player to 1 @ chrome-extension://ihaelfjohnpciodjianpgchimpgifgjk/js/direct.js:324
[    4848ms] [LOG] [direct] Download button injected (player mini) @ chrome-extension://ihaelfjohnpciodjianpgchimpgifgjk/js/direct.js:306
[    4849ms] [LOG] [direct] deduped player to 1 @ chrome-extension://ihaelfjohnpciodjianpgchimpgifgjk/js/direct.js:324
[    4849ms] [LOG] [direct] Download button injected (player mini) @ chrome-extension://ihaelfjohnpciodjianpgchimpgifgjk/js/direct.js:306
[    4849ms] [LOG] [direct] deduped player to 1 @ chrome-extension://ihaelfjohnpciodjianpgchimpgifgjk/js/direct.js:324
[    4850ms] [LOG] [direct] Download button injected (player mini) @ chrome-extension://ihaelfjohnpciodjianpgchimpgifgjk/js/direct.js:306
[    4850ms] [LOG] [direct] deduped player to 1 @ chrome-extension://ihaelfjohnpciodjianpgchimpgifgjk/js/direct.js:324
[    4851ms] [LOG] [direct] Download button injected (player mini) @ chrome-extension://ihaelfjohnpciodjianpgchimpgifgjk/js/direct.js:306
[    4851ms] [LOG] [direct] deduped player to 1 @ chrome-extension://ihaelfjohnpciodjianpgchimpgifgjk/js/direct.js:324
[    4852ms] [LOG] [direct] Download button injected (player mini) @ chrome-extension://ihaelfjohnpciodjianpgchimpgifgjk/js/direct.js:306
[    4852ms] [LOG] [direct] deduped player to 1 @ chrome-extension://ihaelfjohnpciodjianpgchimpgifgjk/js/direct.js:324
[    4853ms] [LOG] [direct] Download button injected (player mini) @ chrome-extension://ihaelfjohnpciodjianpgchimpgifgjk/js/direct.js:306
[    4853ms] [LOG] [direct] deduped player to 1 @ chrome-extension://ihaelfjohnpciodjianpgchimpgifgjk/js/direct.js:324
[    4854ms] [LOG] [direct] Download button injected (player mini) @ chrome-extension://ihaelfjohnpciodjianpgchimpgifgjk/js/direct.js:306
[    4854ms] [LOG] [direct] deduped player to 1 @ chrome-extension://ihaelfjohnpciodjianpgchimpgifgjk/js/direct.js:324
[    4855ms] [LOG] [direct] Download button injected (player mini) @ chrome-extension://ihaelfjohnpciodjianpgchimpgifgjk/js/direct.js:306
[    4855ms] [LOG] [direct] deduped player to 1 @ chrome-extension://ihaelfjohnpciodjianpgchimpgifgjk/js/direct.js:324
[    4855ms] [LOG] [direct] Download button injected (player mini) @ chrome-extension://ihaelfjohnpciodjianpgchimpgifgjk/js/direct.js:306
[    4856ms] [LOG] [direct] deduped player to 1 @ chrome-extension://ihaelfjohnpciodjianpgchimpgifgjk/js/direct.js:324
[    4856ms] [LOG] [direct] Download button injected (player mini) @ chrome-extension://ihaelfjohnpciodjianpgchimpgifgjk/js/direct.js:306
[    4856ms] [LOG] [direct] deduped player to 1 @ chrome-extension://ihaelfjohnpciodjianpgchimpgifgjk/js/direct.js:324
[    4857ms] [LOG] [direct] Download button injected (player mini) @ chrome-extension://ihaelfjohnpciodjianpgchimpgifgjk/js/direct.js:306
[    4857ms] [LOG] [direct] deduped player to 1 @ chrome-extension://ihaelfjohnpciodjianpgchimpgifgjk/js/direct.js:324
[    4858ms] [LOG] [direct] Download button injected (player mini) @ chrome-extension://ihaelfjohnpciodjianpgchimpgifgjk/js/direct.js:306
[    4859ms] [LOG] [direct] deduped player to 1 @ chrome-extension://ihaelfjohnpciodjianpgchimpgifgjk/js/direct.js:324
[    4860ms] [LOG] [direct] Download button injected (player mini) @ chrome-extension://ihaelfjohnpciodjianpgchimpgifgjk/js/direct.js:306
[    4860ms] [LOG] [direct] deduped player to 1 @ chrome-extension://ihaelfjohnpciodjianpgchimpgifgjk/js/direct.js:324
[    4861ms] [LOG] [direct] Download button injected (player mini) @ chrome-extension://ihaelfjohnpciodjianpgchimpgifgjk/js/direct.js:306
[    4861ms] [LOG] [direct] deduped player to 1 @ chrome-extension://ihaelfjohnpciodjianpgchimpgifgjk/js/direct.js:324
[    4862ms] [LOG] [direct] Download button injected (player mini) @ chrome-extension://ihaelfjohnpciodjianpgchimpgifgjk/js/direct.js:306
[    4862ms] [LOG] [direct] deduped player to 1 @ chrome-extension://ihaelfjohnpciodjianpgchimpgifgjk/js/direct.js:324
[    4863ms] [LOG] [direct] Download button injected (player mini) @ chrome-extension://ihaelfjohnpciodjianpgchimpgifgjk/js/direct.js:306
[    4863ms] [LOG] [direct] deduped player to 1 @ chrome-extension://ihaelfjohnpciodjianpgchimpgifgjk/js/direct.js:324
[    4863ms] [LOG] [direct] Download button injected (player mini) @ chrome-extension://ihaelfjohnpciodjianpgchimpgifgjk/js/direct.js:306
[    4864ms] [LOG] [direct] deduped player to 1 @ chrome-extension://ihaelfjohnpciodjianpgchimpgifgjk/js/direct.js:324
[    4864ms] [LOG] [direct] Download button injected (player mini) @ chrome-extension://ihaelfjohnpciodjianpgchimpgifgjk/js/direct.js:306
[    4864ms] [LOG] [direct] deduped player to 1 @ chrome-extension://ihaelfjohnpciodjianpgchimpgifgjk/js/direct.js:324
[    4865ms] [LOG] [direct] Download button injected (player mini) @ chrome-extension://ihaelfjohnpciodjianpgchimpgifgjk/js/direct.js:306
[    4865ms] [LOG] [direct] deduped player to 1 @ chrome-extension://ihaelfjohnpciodjianpgchimpgifgjk/js/direct.js:324
[    4866ms] [LOG] [direct] Download button injected (player mini) @ chrome-extension://ihaelfjohnpciodjianpgchimpgifgjk/js/direct.js:306
[    4866ms] [LOG] [direct] deduped player to 1 @ chrome-extension://ihaelfjohnpciodjianpgchimpgifgjk/js/direct.js:324
[    4867ms] [LOG] [direct] Download button injected (player mini) @ chrome-extension://ihaelfjohnpciodjianpgchimpgifgjk/js/direct.js:306
[    4867ms] [LOG] [direct] deduped player to 1 @ chrome-extension://ihaelfjohnpciodjianpgchimpgifgjk/js/direct.js:324
[    4868ms] [LOG] [direct] Download button injected (player mini) @ chrome-extension://ihaelfjohnpciodjianpgchimpgifgjk/js/direct.js:306
[    4868ms] [LOG] [direct] deduped player to 1 @ chrome-extension://ihaelfjohnpciodjianpgchimpgifgjk/js/direct.js:324
[    4869ms] [LOG] [direct] Download button injected (player mini) @ chrome-extension://ihaelfjohnpciodjianpgchimpgifgjk/js/direct.js:306
[    4869ms] [LOG] [direct] deduped player to 1 @ chrome-extension://ihaelfjohnpciodjianpgchimpgifgjk/js/direct.js:324
[    4870ms] [LOG] [direct] Download button injected (player mini) @ chrome-extension://ihaelfjohnpciodjianpgchimpgifgjk/js/direct.js:306
[    4870ms] [LOG] [direct] deduped player to 1 @ chrome-extension://ihaelfjohnpciodjianpgchimpgifgjk/js/direct.js:324
[    4871ms] [LOG] [direct] Download button injected (player mini) @ chrome-extension://ihaelfjohnpciodjianpgchimpgifgjk/js/direct.js:306
[    4871ms] [LOG] [direct] deduped player to 1 @ chrome-extension://ihaelfjohnpciodjianpgchimpgifgjk/js/direct.js:324
[    4871ms] [LOG] [direct] Download button injected (player mini) @ chrome-extension://ihaelfjohnpciodjianpgchimpgifgjk/js/direct.js:306
[    4871ms] [LOG] [direct] deduped player to 1 @ chrome-extension://ihaelfjohnpciodjianpgchimpgifgjk/js/direct.js:324
[    4872ms] [LOG] [direct] Download button injected (player mini) @ chrome-extension://ihaelfjohnpciodjianpgchimpgifgjk/js/direct.js:306
[    4872ms] [LOG] [direct] deduped player to 1 @ chrome-extension://ihaelfjohnpciodjianpgchimpgifgjk/js/direct.js:324
[    4873ms] [LOG] [direct] Download button injected (player mini) @ chrome-extension://ihaelfjohnpciodjianpgchimpgifgjk/js/direct.js:306
[    4873ms] [LOG] [direct] deduped player to 1 @ chrome-extension://ihaelfjohnpciodjianpgchimpgifgjk/js/direct.js:324
[    4874ms] [LOG] [direct] Download button injected (player mini) @ chrome-extension://ihaelfjohnpciodjianpgchimpgifgjk/js/direct.js:306
[    4874ms] [LOG] [direct] deduped player to 1 @ chrome-extension://ihaelfjohnpciodjianpgchimpgifgjk/js/direct.js:324
[    4875ms] [LOG] [direct] Download button injected (player mini) @ chrome-extension://ihaelfjohnpciodjianpgchimpgifgjk/js/direct.js:306
[    4875ms] [LOG] [direct] deduped player to 1 @ chrome-extension://ihaelfjohnpciodjianpgchimpgifgjk/js/direct.js:324
[    4876ms] [LOG] [direct] Download button injected (player mini) @ chrome-extension://ihaelfjohnpciodjianpgchimpgifgjk/js/direct.js:306
[    4876ms] [LOG] [direct] deduped player to 1 @ chrome-extension://ihaelfjohnpciodjianpgchimpgifgjk/js/direct.js:324
[    4877ms] [LOG] [direct] Download button injected (player mini) @ chrome-extension://ihaelfjohnpciodjianpgchimpgifgjk/js/direct.js:306
[    4877ms] [LOG] [direct] deduped player to 1 @ chrome-extension://ihaelfjohnpciodjianpgchimpgifgjk/js/direct.js:324
[    4878ms] [LOG] [direct] Download button injected (player mini) @ chrome-extension://ihaelfjohnpciodjianpgchimpgifgjk/js/direct.js:306
[    4878ms] [LOG] [direct] deduped player to 1 @ chrome-extension://ihaelfjohnpciodjianpgchimpgifgjk/js/direct.js:324
[    4878ms] [LOG] [direct] Download button injected (player mini) @ chrome-extension://ihaelfjohnpciodjianpgchimpgifgjk/js/direct.js:306
[    4879ms] [LOG] [direct] deduped player to 1 @ chrome-extension://ihaelfjohnpciodjianpgchimpgifgjk/js/direct.js:324
[    4879ms] [LOG] [direct] Download button injected (player mini) @ chrome-extension://ihaelfjohnpciodjianpgchimpgifgjk/js/direct.js:306
[    4880ms] [LOG] [direct] deduped player to 1 @ chrome-extension://ihaelfjohnpciodjianpgchimpgifgjk/js/direct.js:324
[    4880ms] [LOG] [direct] Download button injected (player mini) @ chrome-extension://ihaelfjohnpciodjianpgchimpgifgjk/js/direct.js:306
[    4881ms] [LOG] [direct] deduped player to 1 @ chrome-extension://ihaelfjohnpciodjianpgchimpgifgjk/js/direct.js:324
[    4881ms] [LOG] [direct] Download button injected (player mini) @ chrome-extension://ihaelfjohnpciodjianpgchimpgifgjk/js/direct.js:306
[    4882ms] [LOG] [direct] deduped player to 1 @ chrome-extension://ihaelfjohnpciodjianpgchimpgifgjk/js/direct.js:324
[    4882ms] [LOG] [direct] Download button injected (player mini) @ chrome-extension://ihaelfjohnpciodjianpgchimpgifgjk/js/direct.js:306
[    4882ms] [LOG] [direct] deduped player to 1 @ chrome-extension://ihaelfjohnpciodjianpgchimpgifgjk/js/direct.js:324
[    4883ms] [LOG] [direct] Download button injected (player mini) @ chrome-extension://ihaelfjohnpciodjianpgchimpgifgjk/js/direct.js:306
[    4883ms] [LOG] [direct] deduped player to 1 @ chrome-extension://ihaelfjohnpciodjianpgchimpgifgjk/js/direct.js:324
[    4884ms] [LOG] [direct] Download button injected (player mini) @ chrome-extension://ihaelfjohnpciodjianpgchimpgifgjk/js/direct.js:306
[    4884ms] [LOG] [direct] deduped player to 1 @ chrome-extension://ihaelfjohnpciodjianpgchimpgifgjk/js/direct.js:324
[    4885ms] [LOG] [direct] Download button injected (player mini) @ chrome-extension://ihaelfjohnpciodjianpgchimpgifgjk/js/direct.js:306
[    4885ms] [LOG] [direct] deduped player to 1 @ chrome-extension://ihaelfjohnpciodjianpgchimpgifgjk/js/direct.js:324
[    4886ms] [LOG] [direct] Download button injected (player mini) @ chrome-extension://ihaelfjohnpciodjianpgchimpgifgjk/js/direct.js:306
[    4886ms] [LOG] [direct] deduped player to 1 @ chrome-extension://ihaelfjohnpciodjianpgchimpgifgjk/js/direct.js:324
[    4887ms] [LOG] [direct] Download button injected (player mini) @ chrome-extension://ihaelfjohnpciodjianpgchimpgifgjk/js/direct.js:306
[    4887ms] [LOG] [direct] deduped player to 1 @ chrome-extension://ihaelfjohnpciodjianpgchimpgifgjk/js/direct.js:324
[    4888ms] [LOG] [direct] Download button injected (player mini) @ chrome-extension://ihaelfjohnpciodjianpgchimpgifgjk/js/direct.js:306
[    4888ms] [LOG] [direct] deduped player to 1 @ chrome-extension://ihaelfjohnpciodjianpgchimpgifgjk/js/direct.js:324
[    4889ms] [LOG] [direct] Download button injected (player mini) @ chrome-extension://ihaelfjohnpciodjianpgchimpgifgjk/js/direct.js:306
[    4889ms] [LOG] [direct] deduped player to 1 @ chrome-extension://ihaelfjohnpciodjianpgchimpgifgjk/js/direct.js:324
[    4890ms] [LOG] [direct] Download button injected (player mini) @ chrome-extension://ihaelfjohnpciodjianpgchimpgifgjk/js/direct.js:306
[    4890ms] [LOG] [direct] deduped player to 1 @ chrome-extension://ihaelfjohnpciodjianpgchimpgifgjk/js/direct.js:324
[    4891ms] [LOG] [direct] Download button injected (player mini) @ chrome-extension://ihaelfjohnpciodjianpgchimpgifgjk/js/direct.js:306
[    4891ms] [LOG] [direct] deduped player to 1 @ chrome-extension://ihaelfjohnpciodjianpgchimpgifgjk/js/direct.js:324
[    4893ms] [LOG] [direct] Download button injected (player mini) @ chrome-extension://ihaelfjohnpciodjianpgchimpgifgjk/js/direct.js:306
[    4893ms] [LOG] [direct] deduped player to 1 @ chrome-extension://ihaelfjohnpciodjianpgchimpgifgjk/js/direct.js:324
[    4894ms] [LOG] [direct] Download button injected (player mini) @ chrome-extension://ihaelfjohnpciodjianpgchimpgifgjk/js/direct.js:306
[    4894ms] [LOG] [direct] deduped player to 1 @ chrome-extension://ihaelfjohnpciodjianpgchimpgifgjk/js/direct.js:324
[    4895ms] [LOG] [direct] Download button injected (player mini) @ chrome-extension://ihaelfjohnpciodjianpgchimpgifgjk/js/direct.js:306
[    4896ms] [LOG] [direct] deduped player to 1 @ chrome-extension://ihaelfjohnpciodjianpgchimpgifgjk/js/direct.js:324
[    4897ms] [LOG] [direct] Download button injected (player mini) @ chrome-extension://ihaelfjohnpciodjianpgchimpgifgjk/js/direct.js:306
[    4897ms] [LOG] [direct] deduped player to 1 @ chrome-extension://ihaelfjohnpciodjianpgchimpgifgjk/js/direct.js:324
[    4898ms] [LOG] [direct] Download button injected (player mini) @ chrome-extension://ihaelfjohnpciodjianpgchimpgifgjk/js/direct.js:306
[    4898ms] [LOG] [direct] deduped player to 1 @ chrome-extension://ihaelfjohnpciodjianpgchimpgifgjk/js/direct.js:324
[    4899ms] [LOG] [direct] Download button injected (player mini) @ chrome-extension://ihaelfjohnpciodjianpgchimpgifgjk/js/direct.js:306
[    4899ms] [LOG] [direct] deduped player to 1 @ chrome-extension://ihaelfjohnpciodjianpgchimpgifgjk/js/direct.js:324
[    4900ms] [LOG] [direct] Download button injected (player mini) @ chrome-extension://ihaelfjohnpciodjianpgchimpgifgjk/js/direct.js:306
[    4900ms] [LOG] [direct] deduped player to 1 @ chrome-extension://ihaelfjohnpciodjianpgchimpgifgjk/js/direct.js:324
[    4901ms] [LOG] [direct] Download button injected (player mini) @ chrome-extension://ihaelfjohnpciodjianpgchimpgifgjk/js/direct.js:306
[    4901ms] [LOG] [direct] deduped player to 1 @ chrome-extension://ihaelfjohnpciodjianpgchimpgifgjk/js/direct.js:324
[    4902ms] [LOG] [direct] Download button injected (player mini) @ chrome-extension://ihaelfjohnpciodjianpgchimpgifgjk/js/direct.js:306
[    4902ms] [LOG] [direct] deduped player to 1 @ chrome-extension://ihaelfjohnpciodjianpgchimpgifgjk/js/direct.js:324
[    4903ms] [LOG] [direct] Download button injected (player mini) @ chrome-extension://ihaelfjohnpciodjianpgchimpgifgjk/js/direct.js:306
[    4903ms] [LOG] [direct] deduped player to 1 @ chrome-extension://ihaelfjohnpciodjianpgchimpgifgjk/js/direct.js:324
[    4904ms] [LOG] [direct] Download button injected (player mini) @ chrome-extension://ihaelfjohnpciodjianpgchimpgifgjk/js/direct.js:306
[    4905ms] [LOG] [direct] deduped player to 1 @ chrome-extension://ihaelfjohnpciodjianpgchimpgifgjk/js/direct.js:324
[    4905ms] [LOG] [direct] Download button injected (player mini) @ chrome-extension://ihaelfjohnpciodjianpgchimpgifgjk/js/direct.js:306
[    4906ms] [LOG] [direct] deduped player to 1 @ chrome-extension://ihaelfjohnpciodjianpgchimpgifgjk/js/direct.js:324
[    4907ms] [LOG] [direct] Download button injected (player mini) @ chrome-extension://ihaelfjohnpciodjianpgchimpgifgjk/js/direct.js:306
[    4907ms] [LOG] [direct] deduped player to 1 @ chrome-extension://ihaelfjohnpciodjianpgchimpgifgjk/js/direct.js:324
[    4908ms] [LOG] [direct] Download button injected (player mini) @ chrome-extension://ihaelfjohnpciodjianpgchimpgifgjk/js/direct.js:306
[    4908ms] [LOG] [direct] deduped player to 1 @ chrome-extension://ihaelfjohnpciodjianpgchimpgifgjk/js/direct.js:324
[    4909ms] [LOG] [direct] Download button injected (player mini) @ chrome-extension://ihaelfjohnpciodjianpgchimpgifgjk/js/direct.js:306
[    4910ms] [LOG] [direct] deduped player to 1 @ chrome-extension://ihaelfjohnpciodjianpgchimpgifgjk/js/direct.js:324
[    4910ms] [LOG] [direct] Download button injected (player mini) @ chrome-extension://ihaelfjohnpciodjianpgchimpgifgjk/js/direct.js:306
[    4911ms] [LOG] [direct] deduped player to 1 @ chrome-extension://ihaelfjohnpciodjianpgchimpgifgjk/js/direct.js:324
[    4911ms] [LOG] [direct] Download button injected (player mini) @ chrome-extension://ihaelfjohnpciodjianpgchimpgifgjk/js/direct.js:306
[    4912ms] [LOG] [direct] deduped player to 1 @ chrome-extension://ihaelfjohnpciodjianpgchimpgifgjk/js/direct.js:324
[    4913ms] [LOG] [direct] Download button injected (player mini) @ chrome-extension://ihaelfjohnpciodjianpgchimpgifgjk/js/direct.js:306
[    4913ms] [LOG] [direct] deduped player to 1 @ chrome-extension://ihaelfjohnpciodjianpgchimpgifgjk/js/direct.js:324
[    4914ms] [LOG] [direct] Download button injected (player mini) @ chrome-extension://ihaelfjohnpciodjianpgchimpgifgjk/js/direct.js:306
[    4914ms] [LOG] [direct] deduped player to 1 @ chrome-extension://ihaelfjohnpciodjianpgchimpgifgjk/js/direct.js:324
[    4915ms] [LOG] [direct] Download button injected (player mini) @ chrome-extension://ihaelfjohnpciodjianpgchimpgifgjk/js/direct.js:306
[    4915ms] [LOG] [direct] deduped player to 1 @ chrome-extension://ihaelfjohnpciodjianpgchimpgifgjk/js/direct.js:324
[    4916ms] [LOG] [direct] Download button injected (player mini) @ chrome-extension://ihaelfjohnpciodjianpgchimpgifgjk/js/direct.js:306
[    4916ms] [LOG] [direct] deduped player to 1 @ chrome-extension://ihaelfjohnpciodjianpgchimpgifgjk/js/direct.js:324
[    4917ms] [LOG] [direct] Download button injected (player mini) @ chrome-extension://ihaelfjohnpciodjianpgchimpgifgjk/js/direct.js:306
[    4917ms] [LOG] [direct] deduped player to 1 @ chrome-extension://ihaelfjohnpciodjianpgchimpgifgjk/js/direct.js:324
[    4918ms] [LOG] [direct] Download button injected (player mini) @ chrome-extension://ihaelfjohnpciodjianpgchimpgifgjk/js/direct.js:306
[    4918ms] [LOG] [direct] deduped player to 1 @ chrome-extension://ihaelfjohnpciodjianpgchimpgifgjk/js/direct.js:324
[    4919ms] [LOG] [direct] Download button injected (player mini) @ chrome-extension://ihaelfjohnpciodjianpgchimpgifgjk/js/direct.js:306
[    4919ms] [LOG] [direct] deduped player to 1 @ chrome-extension://ihaelfjohnpciodjianpgchimpgifgjk/js/direct.js:324
[    4920ms] [LOG] [direct] Download button injected (player mini) @ chrome-extension://ihaelfjohnpciodjianpgchimpgifgjk/js/direct.js:306
[    4920ms] [LOG] [direct] deduped player to 1 @ chrome-extension://ihaelfjohnpciodjianpgchimpgifgjk/js/direct.js:324
[    4922ms] [LOG] [direct] Download button injected (player mini) @ chrome-extension://ihaelfjohnpciodjianpgchimpgifgjk/js/direct.js:306
[    4922ms] [LOG] [direct] deduped player to 1 @ chrome-extension://ihaelfjohnpciodjianpgchimpgifgjk/js/direct.js:324
[    4923ms] [LOG] [direct] Download button injected (player mini) @ chrome-extension://ihaelfjohnpciodjianpgchimpgifgjk/js/direct.js:306
[    4923ms] [LOG] [direct] deduped player to 1 @ chrome-extension://ihaelfjohnpciodjianpgchimpgifgjk/js/direct.js:324
[    4924ms] [LOG] [direct] Download button injected (player mini) @ chrome-extension://ihaelfjohnpciodjianpgchimpgifgjk/js/direct.js:306
[    4924ms] [LOG] [direct] deduped player to 1 @ chrome-extension://ihaelfjohnpciodjianpgchimpgifgjk/js/direct.js:324
[    4925ms] [LOG] [direct] Download button injected (player mini) @ chrome-extension://ihaelfjohnpciodjianpgchimpgifgjk/js/direct.js:306
[    4926ms] [LOG] [direct] deduped player to 1 @ chrome-extension://ihaelfjohnpciodjianpgchimpgifgjk/js/direct.js:324
[    4927ms] [LOG] [direct] Download button injected (player mini) @ chrome-extension://ihaelfjohnpciodjianpgchimpgifgjk/js/direct.js:306
[    4927ms] [LOG] [direct] deduped player to 1 @ chrome-extension://ihaelfjohnpciodjianpgchimpgifgjk/js/direct.js:324
[    4928ms] [LOG] [direct] Download button injected (player mini) @ chrome-extension://ihaelfjohnpciodjianpgchimpgifgjk/js/direct.js:306
[    4928ms] [LOG] [direct] deduped player to 1 @ chrome-extension://ihaelfjohnpciodjianpgchimpgifgjk/js/direct.js:324
[    4929ms] [LOG] [direct] Download button injected (player mini) @ chrome-extension://ihaelfjohnpciodjianpgchimpgifgjk/js/direct.js:306
[    4929ms] [LOG] [direct] deduped player to 1 @ chrome-extension://ihaelfjohnpciodjianpgchimpgifgjk/js/direct.js:324
[    4930ms] [LOG] [direct] Download button injected (player mini) @ chrome-extension://ihaelfjohnpciodjianpgchimpgifgjk/js/direct.js:306
[    4930ms] [LOG] [direct] deduped player to 1 @ chrome-extension://ihaelfjohnpciodjianpgchimpgifgjk/js/direct.js:324
[    4931ms] [LOG] [direct] Download button injected (player mini) @ chrome-extension://ihaelfjohnpciodjianpgchimpgifgjk/js/direct.js:306
[    4931ms] [LOG] [direct] deduped player to 1 @ chrome-extension://ihaelfjohnpciodjianpgchimpgifgjk/js/direct.js:324
[    4932ms] [LOG] [direct] Download button injected (player mini) @ chrome-extension://ihaelfjohnpciodjianpgchimpgifgjk/js/direct.js:306
[    4932ms] [LOG] [direct] deduped player to 1 @ chrome-extension://ihaelfjohnpciodjianpgchimpgifgjk/js/direct.js:324
[    4933ms] [LOG] [direct] Download button injected (player mini) @ chrome-extension://ihaelfjohnpciodjianpgchimpgifgjk/js/direct.js:306
[    4933ms] [LOG] [direct] deduped player to 1 @ chrome-extension://ihaelfjohnpciodjianpgchimpgifgjk/js/direct.js:324
[    4934ms] [LOG] [direct] Download button injected (player mini) @ chrome-extension://ihaelfjohnpciodjianpgchimpgifgjk/js/direct.js:306
[    4934ms] [LOG] [direct] deduped player to 1 @ chrome-extension://ihaelfjohnpciodjianpgchimpgifgjk/js/direct.js:324
[    4935ms] [LOG] [direct] Download button injected (player mini) @ chrome-extension://ihaelfjohnpciodjianpgchimpgifgjk/js/direct.js:306
[    4935ms] [LOG] [direct] deduped player to 1 @ chrome-extension://ihaelfjohnpciodjianpgchimpgifgjk/js/direct.js:324
[    4935ms] [LOG] [direct] Download button injected (player mini) @ chrome-extension://ihaelfjohnpciodjianpgchimpgifgjk/js/direct.js:306
[    4935ms] [LOG] [direct] deduped player to 1 @ chrome-extension://ihaelfjohnpciodjianpgchimpgifgjk/js/direct.js:324
[    4936ms] [LOG] [direct] Download button injected (player mini) @ chrome-extension://ihaelfjohnpciodjianpgchimpgifgjk/js/direct.js:306
[    4936ms] [LOG] [direct] deduped player to 1 @ chrome-extension://ihaelfjohnpciodjianpgchimpgifgjk/js/direct.js:324
[    4937ms] [LOG] [direct] Download button injected (player mini) @ chrome-extension://ihaelfjohnpciodjianpgchimpgifgjk/js/direct.js:306
[    4938ms] [LOG] [direct] deduped player to 1 @ chrome-extension://ihaelfjohnpciodjianpgchimpgifgjk/js/direct.js:324
[    4939ms] [LOG] [direct] Download button injected (player mini) @ chrome-extension://ihaelfjohnpciodjianpgchimpgifgjk/js/direct.js:306
[    4939ms] [LOG] [direct] deduped player to 1 @ chrome-extension://ihaelfjohnpciodjianpgchimpgifgjk/js/direct.js:324
[    4940ms] [LOG] [direct] Download button injected (player mini) @ chrome-extension://ihaelfjohnpciodjianpgchimpgifgjk/js/direct.js:306
[    4941ms] [LOG] [direct] deduped player to 1 @ chrome-extension://ihaelfjohnpciodjianpgchimpgifgjk/js/direct.js:324
[    4941ms] [LOG] [direct] Download button injected (player mini) @ chrome-extension://ihaelfjohnpciodjianpgchimpgifgjk/js/direct.js:306
[    4942ms] [LOG] [direct] deduped player to 1 @ chrome-extension://ihaelfjohnpciodjianpgchimpgifgjk/js/direct.js:324
[    4943ms] [LOG] [direct] Download button injected (player mini) @ chrome-extension://ihaelfjohnpciodjianpgchimpgifgjk/js/direct.js:306
[    4943ms] [LOG] [direct] deduped player to 1 @ chrome-extension://ihaelfjohnpciodjianpgchimpgifgjk/js/direct.js:324
[    4944ms] [LOG] [direct] Download button injected (player mini) @ chrome-extension://ihaelfjohnpciodjianpgchimpgifgjk/js/direct.js:306
[    4944ms] [LOG] [direct] deduped player to 1 @ chrome-extension://ihaelfjohnpciodjianpgchimpgifgjk/js/direct.js:324
[    4945ms] [LOG] [direct] Download button injected (player mini) @ chrome-extension://ihaelfjohnpciodjianpgchimpgifgjk/js/direct.js:306
[    4945ms] [LOG] [direct] deduped player to 1 @ chrome-extension://ihaelfjohnpciodjianpgchimpgifgjk/js/direct.js:324
[    4946ms] [LOG] [direct] Download button injected (player mini) @ chrome-extension://ihaelfjohnpciodjianpgchimpgifgjk/js/direct.js:306
[    4946ms] [LOG] [direct] deduped player to 1 @ chrome-extension://ihaelfjohnpciodjianpgchimpgifgjk/js/direct.js:324
[    4947ms] [LOG] [direct] Download button injected (player mini) @ chrome-extension://ihaelfjohnpciodjianpgchimpgifgjk/js/direct.js:306
[    4947ms] [LOG] [direct] deduped player to 1 @ chrome-extension://ihaelfjohnpciodjianpgchimpgifgjk/js/direct.js:324
[    4948ms] [LOG] [direct] Download button injected (player mini) @ chrome-extension://ihaelfjohnpciodjianpgchimpgifgjk/js/direct.js:306
[    4949ms] [LOG] [direct] deduped player to 1 @ chrome-extension://ihaelfjohnpciodjianpgchimpgifgjk/js/direct.js:324
[    4949ms] [LOG] [direct] Download button injected (player mini) @ chrome-extension://ihaelfjohnpciodjianpgchimpgifgjk/js/direct.js:306
[    4950ms] [LOG] [direct] deduped player to 1 @ chrome-extension://ihaelfjohnpciodjianpgchimpgifgjk/js/direct.js:324
[    4951ms] [LOG] [direct] Download button injected (player mini) @ chrome-extension://ihaelfjohnpciodjianpgchimpgifgjk/js/direct.js:306
[    4951ms] [LOG] [direct] deduped player to 1 @ chrome-extension://ihaelfjohnpciodjianpgchimpgifgjk/js/direct.js:324
[    4952ms] [LOG] [direct] Download button injected (player mini) @ chrome-extension://ihaelfjohnpciodjianpgchimpgifgjk/js/direct.js:306
[    4952ms] [LOG] [direct] deduped player to 1 @ chrome-extension://ihaelfjohnpciodjianpgchimpgifgjk/js/direct.js:324
[    4953ms] [LOG] [direct] Download button injected (player mini) @ chrome-extension://ihaelfjohnpciodjianpgchimpgifgjk/js/direct.js:306
[    4953ms] [LOG] [direct] deduped player to 1 @ chrome-extension://ihaelfjohnpciodjianpgchimpgifgjk/js/direct.js:324
[    4955ms] [LOG] [direct] Download button injected (player mini) @ chrome-extension://ihaelfjohnpciodjianpgchimpgifgjk/js/direct.js:306
[    4956ms] [LOG] [direct] deduped player to 1 @ chrome-extension://ihaelfjohnpciodjianpgchimpgifgjk/js/direct.js:324
[    4956ms] [LOG] [direct] Download button injected (player mini) @ chrome-extension://ihaelfjohnpciodjianpgchimpgifgjk/js/direct.js:306
[    4957ms] [LOG] [direct] deduped player to 1 @ chrome-extension://ihaelfjohnpciodjianpgchimpgifgjk/js/direct.js:324
[    4957ms] [LOG] [direct] Download button injected (player mini) @ chrome-extension://ihaelfjohnpciodjianpgchimpgifgjk/js/direct.js:306
[    4958ms] [LOG] [direct] deduped player to 1 @ chrome-extension://ihaelfjohnpciodjianpgchimpgifgjk/js/direct.js:324
[    4959ms] [LOG] [direct] Download button injected (player mini) @ chrome-extension://ihaelfjohnpciodjianpgchimpgifgjk/js/direct.js:306
[    4959ms] [LOG] [direct] deduped player to 1 @ chrome-extension://ihaelfjohnpciodjianpgchimpgifgjk/js/direct.js:324
[    4960ms] [LOG] [direct] Download button injected (player mini) @ chrome-extension://ihaelfjohnpciodjianpgchimpgifgjk/js/direct.js:306
[    4961ms] [LOG] [direct] deduped player to 1 @ chrome-extension://ihaelfjohnpciodjianpgchimpgifgjk/js/direct.js:324
[    4961ms] [LOG] [direct] Download button injected (player mini) @ chrome-extension://ihaelfjohnpciodjianpgchimpgifgjk/js/direct.js:306
[    4962ms] [LOG] [direct] deduped player to 1 @ chrome-extension://ihaelfjohnpciodjianpgchimpgifgjk/js/direct.js:324
[    4962ms] [LOG] [direct] Download button injected (player mini) @ chrome-extension://ihaelfjohnpciodjianpgchimpgifgjk/js/direct.js:306
[    4962ms] [LOG] [direct] deduped player to 1 @ chrome-extension://ihaelfjohnpciodjianpgchimpgifgjk/js/direct.js:324
[    4963ms] [LOG] [direct] Download button injected (player mini) @ chrome-extension://ihaelfjohnpciodjianpgchimpgifgjk/js/direct.js:306
[    4963ms] [LOG] [direct] deduped player to 1 @ chrome-extension://ihaelfjohnpciodjianpgchimpgifgjk/js/direct.js:324
[    4964ms] [LOG] [direct] Download button injected (player mini) @ chrome-extension://ihaelfjohnpciodjianpgchimpgifgjk/js/direct.js:306
[    4964ms] [LOG] [direct] deduped player to 1 @ chrome-extension://ihaelfjohnpciodjianpgchimpgifgjk/js/direct.js:324
[    4964ms] [LOG] [direct] Download button injected (player mini) @ chrome-extension://ihaelfjohnpciodjianpgchimpgifgjk/js/direct.js:306
[    4965ms] [LOG] [direct] deduped player to 1 @ chrome-extension://ihaelfjohnpciodjianpgchimpgifgjk/js/direct.js:324
[    4965ms] [LOG] [direct] Download button injected (player mini) @ chrome-extension://ihaelfjohnpciodjianpgchimpgifgjk/js/direct.js:306
[    4965ms] [LOG] [direct] deduped player to 1 @ chrome-extension://ihaelfjohnpciodjianpgchimpgifgjk/js/direct.js:324
[    4966ms] [LOG] [direct] Download button injected (player mini) @ chrome-extension://ihaelfjohnpciodjianpgchimpgifgjk/js/direct.js:306
[    4966ms] [LOG] [direct] deduped player to 1 @ chrome-extension://ihaelfjohnpciodjianpgchimpgifgjk/js/direct.js:324
[    4967ms] [LOG] [direct] Download button injected (player mini) @ chrome-extension://ihaelfjohnpciodjianpgchimpgifgjk/js/direct.js:306
[    4967ms] [LOG] [direct] deduped player to 1 @ chrome-extension://ihaelfjohnpciodjianpgchimpgifgjk/js/direct.js:324
[    4968ms] [LOG] [direct] Download button injected (player mini) @ chrome-extension://ihaelfjohnpciodjianpgchimpgifgjk/js/direct.js:306
[    4968ms] [LOG] [direct] deduped player to 1 @ chrome-extension://ihaelfjohnpciodjianpgchimpgifgjk/js/direct.js:324
[    4969ms] [LOG] [direct] Download button injected (player mini) @ chrome-extension://ihaelfjohnpciodjianpgchimpgifgjk/js/direct.js:306
[    4969ms] [LOG] [direct] deduped player to 1 @ chrome-extension://ihaelfjohnpciodjianpgchimpgifgjk/js/direct.js:324
[    4970ms] [LOG] [direct] Download button injected (player mini) @ chrome-extension://ihaelfjohnpciodjianpgchimpgifgjk/js/direct.js:306
[    4970ms] [LOG] [direct] deduped player to 1 @ chrome-extension://ihaelfjohnpciodjianpgchimpgifgjk/js/direct.js:324
[    4971ms] [LOG] [direct] Download button injected (player mini) @ chrome-extension://ihaelfjohnpciodjianpgchimpgifgjk/js/direct.js:306
[    4971ms] [LOG] [direct] deduped player to 1 @ chrome-extension://ihaelfjohnpciodjianpgchimpgifgjk/js/direct.js:324
[    4972ms] [LOG] [direct] Download button injected (player mini) @ chrome-extension://ihaelfjohnpciodjianpgchimpgifgjk/js/direct.js:306
[    4972ms] [LOG] [direct] deduped player to 1 @ chrome-extension://ihaelfjohnpciodjianpgchimpgifgjk/js/direct.js:324
[    4973ms] [LOG] [direct] Download button injected (player mini) @ chrome-extension://ihaelfjohnpciodjianpgchimpgifgjk/js/direct.js:306
[    4973ms] [LOG] [direct] deduped player to 1 @ chrome-extension://ihaelfjohnpciodjianpgchimpgifgjk/js/direct.js:324
[    4974ms] [LOG] [direct] Download button injected (player mini) @ chrome-extension://ihaelfjohnpciodjianpgchimpgifgjk/js/direct.js:306
[    4974ms] [LOG] [direct] deduped player to 1 @ chrome-extension://ihaelfjohnpciodjianpgchimpgifgjk/js/direct.js:324
[    4975ms] [LOG] [direct] Download button injected (player mini) @ chrome-extension://ihaelfjohnpciodjianpgchimpgifgjk/js/direct.js:306
[    4975ms] [LOG] [direct] deduped player to 1 @ chrome-extension://ihaelfjohnpciodjianpgchimpgifgjk/js/direct.js:324
[    4976ms] [LOG] [direct] Download button injected (player mini) @ chrome-extension://ihaelfjohnpciodjianpgchimpgifgjk/js/direct.js:306
[    4976ms] [LOG] [direct] deduped player to 1 @ chrome-extension://ihaelfjohnpciodjianpgchimpgifgjk/js/direct.js:324
[    4977ms] [LOG] [direct] Download button injected (player mini) @ chrome-extension://ihaelfjohnpciodjianpgchimpgifgjk/js/direct.js:306
[    4977ms] [LOG] [direct] deduped player to 1 @ chrome-extension://ihaelfjohnpciodjianpgchimpgifgjk/js/direct.js:324
[    4978ms] [LOG] [direct] Download button injected (player mini) @ chrome-extension://ihaelfjohnpciodjianpgchimpgifgjk/js/direct.js:306
[    4978ms] [LOG] [direct] deduped player to 1 @ chrome-extension://ihaelfjohnpciodjianpgchimpgifgjk/js/direct.js:324
[    4979ms] [LOG] [direct] Download button injected (player mini) @ chrome-extension://ihaelfjohnpciodjianpgchimpgifgjk/js/direct.js:306
[    4979ms] [LOG] [direct] deduped player to 1 @ chrome-extension://ihaelfjohnpciodjianpgchimpgifgjk/js/direct.js:324
[    4980ms] [LOG] [direct] Download button injected (player mini) @ chrome-extension://ihaelfjohnpciodjianpgchimpgifgjk/js/direct.js:306
[    4980ms] [LOG] [direct] deduped player to 1 @ chrome-extension://ihaelfjohnpciodjianpgchimpgifgjk/js/direct.js:324
[    4980ms] [LOG] [direct] Download button injected (player mini) @ chrome-extension://ihaelfjohnpciodjianpgchimpgifgjk/js/direct.js:306
[    4980ms] [LOG] [direct] deduped player to 1 @ chrome-extension://ihaelfjohnpciodjianpgchimpgifgjk/js/direct.js:324
[    4981ms] [LOG] [direct] Download button injected (player mini) @ chrome-extension://ihaelfjohnpciodjianpgchimpgifgjk/js/direct.js:306
[    4981ms] [LOG] [direct] deduped player to 1 @ chrome-extension://ihaelfjohnpciodjianpgchimpgifgjk/js/direct.js:324
[    4982ms] [LOG] [direct] Download button injected (player mini) @ chrome-extension://ihaelfjohnpciodjianpgchimpgifgjk/js/direct.js:306
[    4982ms] [LOG] [direct] deduped player to 1 @ chrome-extension://ihaelfjohnpciodjianpgchimpgifgjk/js/direct.js:324
[    4983ms] [LOG] [direct] Download button injected (player mini) @ chrome-extension://ihaelfjohnpciodjianpgchimpgifgjk/js/direct.js:306
[    4983ms] [LOG] [direct] deduped player to 1 @ chrome-extension://ihaelfjohnpciodjianpgchimpgifgjk/js/direct.js:324
[    4983ms] [LOG] [direct] Download button injected (player mini) @ chrome-extension://ihaelfjohnpciodjianpgchimpgifgjk/js/direct.js:306
[    4983ms] [LOG] [direct] deduped player to 1 @ chrome-extension://ihaelfjohnpciodjianpgchimpgifgjk/js/direct.js:324
[    4984ms] [LOG] [direct] Download button injected (player mini) @ chrome-extension://ihaelfjohnpciodjianpgchimpgifgjk/js/direct.js:306
[    4984ms] [LOG] [direct] deduped player to 1 @ chrome-extension://ihaelfjohnpciodjianpgchimpgifgjk/js/direct.js:324
[    4985ms] [LOG] [direct] Download button injected (player mini) @ chrome-extension://ihaelfjohnpciodjianpgchimpgifgjk/js/direct.js:306
[    4985ms] [LOG] [direct] deduped player to 1 @ chrome-extension://ihaelfjohnpciodjianpgchimpgifgjk/js/direct.js:324
[    4986ms] [LOG] [direct] Download button injected (player mini) @ chrome-extension://ihaelfjohnpciodjianpgchimpgifgjk/js/direct.js:306
[    4986ms] [LOG] [direct] deduped player to 1 @ chrome-extension://ihaelfjohnpciodjianpgchimpgifgjk/js/direct.js:324
[    4987ms] [LOG] [direct] Download button injected (player mini) @ chrome-extension://ihaelfjohnpciodjianpgchimpgifgjk/js/direct.js:306
[    4987ms] [LOG] [direct] deduped player to 1 @ chrome-extension://ihaelfjohnpciodjianpgchimpgifgjk/js/direct.js:324
[    4988ms] [LOG] [direct] Download button injected (player mini) @ chrome-extension://ihaelfjohnpciodjianpgchimpgifgjk/js/direct.js:306
[    4988ms] [LOG] [direct] deduped player to 1 @ chrome-extension://ihaelfjohnpciodjianpgchimpgifgjk/js/direct.js:324
[    4989ms] [LOG] [direct] Download button injected (player mini) @ chrome-extension://ihaelfjohnpciodjianpgchimpgifgjk/js/direct.js:306
[    4989ms] [LOG] [direct] deduped player to 1 @ chrome-extension://ihaelfjohnpciodjianpgchimpgifgjk/js/direct.js:324
[    4990ms] [LOG] [direct] Download button injected (player mini) @ chrome-extension://ihaelfjohnpciodjianpgchimpgifgjk/js/direct.js:306
[    4990ms] [LOG] [direct] deduped player to 1 @ chrome-extension://ihaelfjohnpciodjianpgchimpgifgjk/js/direct.js:324
[    4991ms] [LOG] [direct] Download button injected (player mini) @ chrome-extension://ihaelfjohnpciodjianpgchimpgifgjk/js/direct.js:306
[    4991ms] [LOG] [direct] deduped player to 1 @ chrome-extension://ihaelfjohnpciodjianpgchimpgifgjk/js/direct.js:324
[    4992ms] [LOG] [direct] Download button injected (player mini) @ chrome-extension://ihaelfjohnpciodjianpgchimpgifgjk/js/direct.js:306
[    4993ms] [LOG] [direct] deduped player to 1 @ chrome-extension://ihaelfjohnpciodjianpgchimpgifgjk/js/direct.js:324
[    4994ms] [LOG] [direct] Download button injected (player mini) @ chrome-extension://ihaelfjohnpciodjianpgchimpgifgjk/js/direct.js:306
[    4994ms] [LOG] [direct] deduped player to 1 @ chrome-extension://ihaelfjohnpciodjianpgchimpgifgjk/js/direct.js:324
[    4995ms] [LOG] [direct] Download button injected (player mini) @ chrome-extension://ihaelfjohnpciodjianpgchimpgifgjk/js/direct.js:306
[    4995ms] [LOG] [direct] deduped player to 1 @ chrome-extension://ihaelfjohnpciodjianpgchimpgifgjk/js/direct.js:324
[    4996ms] [LOG] [direct] Download button injected (player mini) @ chrome-extension://ihaelfjohnpciodjianpgchimpgifgjk/js/direct.js:306
[    4997ms] [LOG] [direct] deduped player to 1 @ chrome-extension://ihaelfjohnpciodjianpgchimpgifgjk/js/direct.js:324
[    4997ms] [LOG] [direct] Download button injected (player mini) @ chrome-extension://ihaelfjohnpciodjianpgchimpgifgjk/js/direct.js:306
[    4998ms] [LOG] [direct] deduped player to 1 @ chrome-extension://ihaelfjohnpciodjianpgchimpgifgjk/js/direct.js:324
[    4999ms] [LOG] [direct] Download button injected (player mini) @ chrome-extension://ihaelfjohnpciodjianpgchimpgifgjk/js/direct.js:306
[    4999ms] [LOG] [direct] deduped player to 1 @ chrome-extension://ihaelfjohnpciodjianpgchimpgifgjk/js/direct.js:324
[    5000ms] [LOG] [direct] Download button injected (player mini) @ chrome-extension://ihaelfjohnpciodjianpgchimpgifgjk/js/direct.js:306
[    5001ms] [LOG] [direct] deduped player to 1 @ chrome-extension://ihaelfjohnpciodjianpgchimpgifgjk/js/direct.js:324
[    5001ms] [LOG] [direct] Download button injected (player mini) @ chrome-extension://ihaelfjohnpciodjianpgchimpgifgjk/js/direct.js:306
[    5002ms] [LOG] [direct] deduped player to 1 @ chrome-extension://ihaelfjohnpciodjianpgchimpgifgjk/js/direct.js:324
[    5003ms] [LOG] [direct] Download button injected (player mini) @ chrome-extension://ihaelfjohnpciodjianpgchimpgifgjk/js/direct.js:306
[    5003ms] [LOG] [direct] deduped player to 1 @ chrome-extension://ihaelfjohnpciodjianpgchimpgifgjk/js/direct.js:324
[    5004ms] [LOG] [direct] Download button injected (player mini) @ chrome-extension://ihaelfjohnpciodjianpgchimpgifgjk/js/direct.js:306
[    5005ms] [LOG] [direct] deduped player to 1 @ chrome-extension://ihaelfjohnpciodjianpgchimpgifgjk/js/direct.js:324
[    5006ms] [LOG] [direct] Download button injected (player mini) @ chrome-extension://ihaelfjohnpciodjianpgchimpgifgjk/js/direct.js:306
[    5006ms] [LOG] [direct] deduped player to 1 @ chrome-extension://ihaelfjohnpciodjianpgchimpgifgjk/js/direct.js:324
[    5007ms] [LOG] [direct] Download button injected (player mini) @ chrome-extension://ihaelfjohnpciodjianpgchimpgifgjk/js/direct.js:306
[    5007ms] [LOG] [direct] deduped player to 1 @ chrome-extension://ihaelfjohnpciodjianpgchimpgifgjk/js/direct.js:324
[    5008ms] [LOG] [direct] Download button injected (player mini) @ chrome-extension://ihaelfjohnpciodjianpgchimpgifgjk/js/direct.js:306
[    5009ms] [LOG] [direct] deduped player to 1 @ chrome-extension://ihaelfjohnpciodjianpgchimpgifgjk/js/direct.js:324
[    5010ms] [LOG] [direct] Download button injected (player mini) @ chrome-extension://ihaelfjohnpciodjianpgchimpgifgjk/js/direct.js:306
[    5010ms] [LOG] [direct] deduped player to 1 @ chrome-extension://ihaelfjohnpciodjianpgchimpgifgjk/js/direct.js:324
[    5011ms] [LOG] [direct] Download button injected (player mini) @ chrome-extension://ihaelfjohnpciodjianpgchimpgifgjk/js/direct.js:306
[    5011ms] [LOG] [direct] deduped player to 1 @ chrome-extension://ihaelfjohnpciodjianpgchimpgifgjk/js/direct.js:324
[    5012ms] [LOG] [direct] Download button injected (player mini) @ chrome-extension://ihaelfjohnpciodjianpgchimpgifgjk/js/direct.js:306
[    5013ms] [LOG] [direct] deduped player to 1 @ chrome-extension://ihaelfjohnpciodjianpgchimpgifgjk/js/direct.js:324
[    5013ms] [LOG] [direct] Download button injected (player mini) @ chrome-extension://ihaelfjohnpciodjianpgchimpgifgjk/js/direct.js:306
[    5014ms] [LOG] [direct] deduped player to 1 @ chrome-extension://ihaelfjohnpciodjianpgchimpgifgjk/js/direct.js:324
[    5015ms] [LOG] [direct] Download button injected (player mini) @ chrome-extension://ihaelfjohnpciodjianpgchimpgifgjk/js/direct.js:306
[    5015ms] [LOG] [direct] deduped player to 1 @ chrome-extension://ihaelfjohnpciodjianpgchimpgifgjk/js/direct.js:324
[    5016ms] [LOG] [direct] Download button injected (player mini) @ chrome-extension://ihaelfjohnpciodjianpgchimpgifgjk/js/direct.js:306
[    5017ms] [LOG] [direct] deduped player to 1 @ chrome-extension://ihaelfjohnpciodjianpgchimpgifgjk/js/direct.js:324
[    5017ms] [LOG] [direct] Download button injected (player mini) @ chrome-extension://ihaelfjohnpciodjianpgchimpgifgjk/js/direct.js:306
[    5018ms] [LOG] [direct] deduped player to 1 @ chrome-extension://ihaelfjohnpciodjianpgchimpgifgjk/js/direct.js:324
[    5019ms] [LOG] [direct] Download button injected (player mini) @ chrome-extension://ihaelfjohnpciodjianpgchimpgifgjk/js/direct.js:306
[    5019ms] [LOG] [direct] deduped player to 1 @ chrome-extension://ihaelfjohnpciodjianpgchimpgifgjk/js/direct.js:324
[    5020ms] [LOG] [direct] Download button injected (player mini) @ chrome-extension://ihaelfjohnpciodjianpgchimpgifgjk/js/direct.js:306
[    5020ms] [LOG] [direct] deduped player to 1 @ chrome-extension://ihaelfjohnpciodjianpgchimpgifgjk/js/direct.js:324
[    5021ms] [LOG] [direct] Download button injected (player mini) @ chrome-extension://ihaelfjohnpciodjianpgchimpgifgjk/js/direct.js:306
[    5022ms] [LOG] [direct] deduped player to 1 @ chrome-extension://ihaelfjohnpciodjianpgchimpgifgjk/js/direct.js:324
[    5023ms] [LOG] [direct] Download button injected (player mini) @ chrome-extension://ihaelfjohnpciodjianpgchimpgifgjk/js/direct.js:306
[    5023ms] [LOG] [direct] deduped player to 1 @ chrome-extension://ihaelfjohnpciodjianpgchimpgifgjk/js/direct.js:324
[    5024ms] [LOG] [direct] Download button injected (player mini) @ chrome-extension://ihaelfjohnpciodjianpgchimpgifgjk/js/direct.js:306
[    5025ms] [LOG] [direct] deduped player to 1 @ chrome-extension://ihaelfjohnpciodjianpgchimpgifgjk/js/direct.js:324
[    5027ms] [LOG] [direct] Download button injected (player mini) @ chrome-extension://ihaelfjohnpciodjianpgchimpgifgjk/js/direct.js:306
[    5027ms] [LOG] [direct] deduped player to 1 @ chrome-extension://ihaelfjohnpciodjianpgchimpgifgjk/js/direct.js:324
[    5028ms] [LOG] [direct] Download button injected (player mini) @ chrome-extension://ihaelfjohnpciodjianpgchimpgifgjk/js/direct.js:306
[    5029ms] [LOG] [direct] deduped player to 1 @ chrome-extension://ihaelfjohnpciodjianpgchimpgifgjk/js/direct.js:324
[    5030ms] [LOG] [direct] Download button injected (player mini) @ chrome-extension://ihaelfjohnpciodjianpgchimpgifgjk/js/direct.js:306
[    5031ms] [LOG] [direct] deduped player to 1 @ chrome-extension://ihaelfjohnpciodjianpgchimpgifgjk/js/direct.js:324
[    5033ms] [LOG] [direct] Download button injected (player mini) @ chrome-extension://ihaelfjohnpciodjianpgchimpgifgjk/js/direct.js:306
[    5034ms] [LOG] [direct] deduped player to 1 @ chrome-extension://ihaelfjohnpciodjianpgchimpgifgjk/js/direct.js:324
[    5035ms] [LOG] [direct] Download button injected (player mini) @ chrome-extension://ihaelfjohnpciodjianpgchimpgifgjk/js/direct.js:306
[    5035ms] [LOG] [direct] deduped player to 1 @ chrome-extension://ihaelfjohnpciodjianpgchimpgifgjk/js/direct.js:324
[    5036ms] [LOG] [direct] Download button injected (player mini) @ chrome-extension://ihaelfjohnpciodjianpgchimpgifgjk/js/direct.js:306
[    5037ms] [LOG] [direct] deduped player to 1 @ chrome-extension://ihaelfjohnpciodjianpgchimpgifgjk/js/direct.js:324
[    5038ms] [LOG] [direct] Download button injected (player mini) @ chrome-extension://ihaelfjohnpciodjianpgchimpgifgjk/js/direct.js:306
[    5038ms] [LOG] [direct] deduped player to 1 @ chrome-extension://ihaelfjohnpciodjianpgchimpgifgjk/js/direct.js:324
[    5039ms] [LOG] [direct] Download button injected (player mini) @ chrome-extension://ihaelfjohnpciodjianpgchimpgifgjk/js/direct.js:306
[    5039ms] [LOG] [direct] deduped player to 1 @ chrome-extension://ihaelfjohnpciodjianpgchimpgifgjk/js/direct.js:324
[    5041ms] [LOG] [direct] Download button injected (player mini) @ chrome-extension://ihaelfjohnpciodjianpgchimpgifgjk/js/direct.js:306
[    5042ms] [LOG] [direct] deduped player to 1 @ chrome-extension://ihaelfjohnpciodjianpgchimpgifgjk/js/direct.js:324
[    5043ms] [LOG] [direct] Download button injected (player mini) @ chrome-extension://ihaelfjohnpciodjianpgchimpgifgjk/js/direct.js:306
[    5044ms] [LOG] [direct] deduped player to 1 @ chrome-extension://ihaelfjohnpciodjianpgchimpgifgjk/js/direct.js:324
[    5045ms] [LOG] [direct] Download button injected (player mini) @ chrome-extension://ihaelfjohnpciodjianpgchimpgifgjk/js/direct.js:306
[    5045ms] [LOG] [direct] deduped player to 1 @ chrome-extension://ihaelfjohnpciodjianpgchimpgifgjk/js/direct.js:324
[    5046ms] [LOG] [direct] Download button injected (player mini) @ chrome-extension://ihaelfjohnpciodjianpgchimpgifgjk/js/direct.js:306
[    5046ms] [LOG] [direct] deduped player to 1 @ chrome-extension://ihaelfjohnpciodjianpgchimpgifgjk/js/direct.js:324
[    5047ms] [LOG] [direct] Download button injected (player mini) @ chrome-extension://ihaelfjohnpciodjianpgchimpgifgjk/js/direct.js:306
[    5048ms] [LOG] [direct] deduped player to 1 @ chrome-extension://ihaelfjohnpciodjianpgchimpgifgjk/js/direct.js:324
[    5049ms] [LOG] [direct] Download button injected (player mini) @ chrome-extension://ihaelfjohnpciodjianpgchimpgifgjk/js/direct.js:306
[    5050ms] [LOG] [direct] deduped player to 1 @ chrome-extension://ihaelfjohnpciodjianpgchimpgifgjk/js/direct.js:324
[    5051ms] [LOG] [direct] Download button injected (player mini) @ chrome-extension://ihaelfjohnpciodjianpgchimpgifgjk/js/direct.js:306
[    5051ms] [LOG] [direct] deduped player to 1 @ chrome-extension://ihaelfjohnpciodjianpgchimpgifgjk/js/direct.js:324
[    5053ms] [LOG] [direct] Download button injected (player mini) @ chrome-extension://ihaelfjohnpciodjianpgchimpgifgjk/js/direct.js:306
[    5053ms] [LOG] [direct] deduped player to 1 @ chrome-extension://ihaelfjohnpciodjianpgchimpgifgjk/js/direct.js:324
[    5054ms] [LOG] [direct] Download button injected (player mini) @ chrome-extension://ihaelfjohnpciodjianpgchimpgifgjk/js/direct.js:306
[    5054ms] [LOG] [direct] deduped player to 1 @ chrome-extension://ihaelfjohnpciodjianpgchimpgifgjk/js/direct.js:324
[    5055ms] [LOG] [direct] Download button injected (player mini) @ chrome-extension://ihaelfjohnpciodjianpgchimpgifgjk/js/direct.js:306
[    5056ms] [LOG] [direct] deduped player to 1 @ chrome-extension://ihaelfjohnpciodjianpgchimpgifgjk/js/direct.js:324
[    5057ms] [LOG] [direct] Download button injected (player mini) @ chrome-extension://ihaelfjohnpciodjianpgchimpgifgjk/js/direct.js:306
[    5057ms] [LOG] [direct] deduped player to 1 @ chrome-extension://ihaelfjohnpciodjianpgchimpgifgjk/js/direct.js:324
[    5058ms] [LOG] [direct] Download button injected (player mini) @ chrome-extension://ihaelfjohnpciodjianpgchimpgifgjk/js/direct.js:306
[    5059ms] [LOG] [direct] deduped player to 1 @ chrome-extension://ihaelfjohnpciodjianpgchimpgifgjk/js/direct.js:324
[    5060ms] [LOG] [direct] Download button injected (player mini) @ chrome-extension://ihaelfjohnpciodjianpgchimpgifgjk/js/direct.js:306
[    5061ms] [LOG] [direct] deduped player to 1 @ chrome-extension://ihaelfjohnpciodjianpgchimpgifgjk/js/direct.js:324
[    5062ms] [LOG] [direct] Download button injected (player mini) @ chrome-extension://ihaelfjohnpciodjianpgchimpgifgjk/js/direct.js:306
[    5063ms] [LOG] [direct] deduped player to 1 @ chrome-extension://ihaelfjohnpciodjianpgchimpgifgjk/js/direct.js:324
[    5064ms] [LOG] [direct] Download button injected (player mini) @ chrome-extension://ihaelfjohnpciodjianpgchimpgifgjk/js/direct.js:306
[    5064ms] [LOG] [direct] deduped player to 1 @ chrome-extension://ihaelfjohnpciodjianpgchimpgifgjk/js/direct.js:324
[    5065ms] [LOG] [direct] Download button injected (player mini) @ chrome-extension://ihaelfjohnpciodjianpgchimpgifgjk/js/direct.js:306
[    5066ms] [LOG] [direct] deduped player to 1 @ chrome-extension://ihaelfjohnpciodjianpgchimpgifgjk/js/direct.js:324
[    5067ms] [LOG] [direct] Download button injected (player mini) @ chrome-extension://ihaelfjohnpciodjianpgchimpgifgjk/js/direct.js:306
[    5067ms] [LOG] [direct] deduped player to 1 @ chrome-extension://ihaelfjohnpciodjianpgchimpgifgjk/js/direct.js:324
[    5068ms] [LOG] [direct] Download button injected (player mini) @ chrome-extension://ihaelfjohnpciodjianpgchimpgifgjk/js/direct.js:306
[    5069ms] [LOG] [direct] deduped player to 1 @ chrome-extension://ihaelfjohnpciodjianpgchimpgifgjk/js/direct.js:324
[    5070ms] [LOG] [direct] Download button injected (player mini) @ chrome-extension://ihaelfjohnpciodjianpgchimpgifgjk/js/direct.js:306
[    5071ms] [LOG] [direct] deduped player to 1 @ chrome-extension://ihaelfjohnpciodjianpgchimpgifgjk/js/direct.js:324
[    5072ms] [LOG] [direct] Download button injected (player mini) @ chrome-extension://ihaelfjohnpciodjianpgchimpgifgjk/js/direct.js:306
[    5072ms] [LOG] [direct] deduped player to 1 @ chrome-extension://ihaelfjohnpciodjianpgchimpgifgjk/js/direct.js:324
[    5073ms] [LOG] [direct] Download button injected (player mini) @ chrome-extension://ihaelfjohnpciodjianpgchimpgifgjk/js/direct.js:306
[    5074ms] [LOG] [direct] deduped player to 1 @ chrome-extension://ihaelfjohnpciodjianpgchimpgifgjk/js/direct.js:324
[    5075ms] [LOG] [direct] Download button injected (player mini) @ chrome-extension://ihaelfjohnpciodjianpgchimpgifgjk/js/direct.js:306
[    5076ms] [LOG] [direct] deduped player to 1 @ chrome-extension://ihaelfjohnpciodjianpgchimpgifgjk/js/direct.js:324
[    5077ms] [LOG] [direct] Download button injected (player mini) @ chrome-extension://ihaelfjohnpciodjianpgchimpgifgjk/js/direct.js:306
[    5077ms] [LOG] [direct] deduped player to 1 @ chrome-extension://ihaelfjohnpciodjianpgchimpgifgjk/js/direct.js:324
[    5079ms] [LOG] [direct] Download button injected (player mini) @ chrome-extension://ihaelfjohnpciodjianpgchimpgifgjk/js/direct.js:306
[    5079ms] [LOG] [direct] deduped player to 1 @ chrome-extension://ihaelfjohnpciodjianpgchimpgifgjk/js/direct.js:324
[    5080ms] [LOG] [direct] Download button injected (player mini) @ chrome-extension://ihaelfjohnpciodjianpgchimpgifgjk/js/direct.js:306
[    5081ms] [LOG] [direct] deduped player to 1 @ chrome-extension://ihaelfjohnpciodjianpgchimpgifgjk/js/direct.js:324
[    5082ms] [LOG] [direct] Download button injected (player mini) @ chrome-extension://ihaelfjohnpciodjianpgchimpgifgjk/js/direct.js:306
[    5082ms] [LOG] [direct] deduped player to 1 @ chrome-extension://ihaelfjohnpciodjianpgchimpgifgjk/js/direct.js:324
[    5083ms] [LOG] [direct] Download button injected (player mini) @ chrome-extension://ihaelfjohnpciodjianpgchimpgifgjk/js/direct.js:306
[    5084ms] [LOG] [direct] deduped player to 1 @ chrome-extension://ihaelfjohnpciodjianpgchimpgifgjk/js/direct.js:324
[    5085ms] [LOG] [direct] Download button injected (player mini) @ chrome-extension://ihaelfjohnpciodjianpgchimpgifgjk/js/direct.js:306
[    5085ms] [LOG] [direct] deduped player to 1 @ chrome-extension://ihaelfjohnpciodjianpgchimpgifgjk/js/direct.js:324
[    5086ms] [LOG] [direct] Download button injected (player mini) @ chrome-extension://ihaelfjohnpciodjianpgchimpgifgjk/js/direct.js:306
[    5087ms] [LOG] [direct] deduped player to 1 @ chrome-extension://ihaelfjohnpciodjianpgchimpgifgjk/js/direct.js:324
[    5087ms] [LOG] [direct] Download button injected (player mini) @ chrome-extension://ihaelfjohnpciodjianpgchimpgifgjk/js/direct.js:306
[    5088ms] [LOG] [direct] deduped player to 1 @ chrome-extension://ihaelfjohnpciodjianpgchimpgifgjk/js/direct.js:324
[    5089ms] [LOG] [direct] Download button injected (player mini) @ chrome-extension://ihaelfjohnpciodjianpgchimpgifgjk/js/direct.js:306
[    5089ms] [LOG] [direct] deduped player to 1 @ chrome-extension://ihaelfjohnpciodjianpgchimpgifgjk/js/direct.js:324
[    5090ms] [LOG] [direct] Download button injected (player mini) @ chrome-extension://ihaelfjohnpciodjianpgchimpgifgjk/js/direct.js:306
[    5091ms] [LOG] [direct] deduped player to 1 @ chrome-extension://ihaelfjohnpciodjianpgchimpgifgjk/js/direct.js:324
[    5092ms] [LOG] [direct] Download button injected (player mini) @ chrome-extension://ihaelfjohnpciodjianpgchimpgifgjk/js/direct.js:306
[    5092ms] [LOG] [direct] deduped player to 1 @ chrome-extension://ihaelfjohnpciodjianpgchimpgifgjk/js/direct.js:324
[    5093ms] [LOG] [direct] Download button injected (player mini) @ chrome-extension://ihaelfjohnpciodjianpgchimpgifgjk/js/direct.js:306
[    5094ms] [LOG] [direct] deduped player to 1 @ chrome-extension://ihaelfjohnpciodjianpgchimpgifgjk/js/direct.js:324
[    5095ms] [LOG] [direct] Download button injected (player mini) @ chrome-extension://ihaelfjohnpciodjianpgchimpgifgjk/js/direct.js:306
[    5095ms] [LOG] [direct] deduped player to 1 @ chrome-extension://ihaelfjohnpciodjianpgchimpgifgjk/js/direct.js:324
[    5096ms] [LOG] [direct] Download button injected (player mini) @ chrome-extension://ihaelfjohnpciodjianpgchimpgifgjk/js/direct.js:306
[    5096ms] [LOG] [direct] deduped player to 1 @ chrome-extension://ihaelfjohnpciodjianpgchimpgifgjk/js/direct.js:324
[    5097ms] [LOG] [direct] Download button injected (player mini) @ chrome-extension://ihaelfjohnpciodjianpgchimpgifgjk/js/direct.js:306
[    5098ms] [LOG] [direct] deduped player to 1 @ chrome-extension://ihaelfjohnpciodjianpgchimpgifgjk/js/direct.js:324
[    5099ms] [LOG] [direct] Download button injected (player mini) @ chrome-extension://ihaelfjohnpciodjianpgchimpgifgjk/js/direct.js:306
[    5099ms] [LOG] [direct] deduped player to 1 @ chrome-extension://ihaelfjohnpciodjianpgchimpgifgjk/js/direct.js:324
[    5100ms] [LOG] [direct] Download button injected (player mini) @ chrome-extension://ihaelfjohnpciodjianpgchimpgifgjk/js/direct.js:306
[    5101ms] [LOG] [direct] deduped player to 1 @ chrome-extension://ihaelfjohnpciodjianpgchimpgifgjk/js/direct.js:324
[    5102ms] [LOG] [direct] Download button injected (player mini) @ chrome-extension://ihaelfjohnpciodjianpgchimpgifgjk/js/direct.js:306
[    5102ms] [LOG] [direct] deduped player to 1 @ chrome-extension://ihaelfjohnpciodjianpgchimpgifgjk/js/direct.js:324
[    5103ms] [LOG] [direct] Download button injected (player mini) @ chrome-extension://ihaelfjohnpciodjianpgchimpgifgjk/js/direct.js:306
[    5104ms] [LOG] [direct] deduped player to 1 @ chrome-extension://ihaelfjohnpciodjianpgchimpgifgjk/js/direct.js:324
[    5104ms] [LOG] [direct] Download button injected (player mini) @ chrome-extension://ihaelfjohnpciodjianpgchimpgifgjk/js/direct.js:306
[    5105ms] [LOG] [direct] deduped player to 1 @ chrome-extension://ihaelfjohnpciodjianpgchimpgifgjk/js/direct.js:324
[    5105ms] [LOG] [direct] Download button injected (player mini) @ chrome-extension://ihaelfjohnpciodjianpgchimpgifgjk/js/direct.js:306
[    5106ms] [LOG] [direct] deduped player to 1 @ chrome-extension://ihaelfjohnpciodjianpgchimpgifgjk/js/direct.js:324
[    5106ms] [LOG] [direct] Download button injected (player mini) @ chrome-extension://ihaelfjohnpciodjianpgchimpgifgjk/js/direct.js:306
[    5107ms] [LOG] [direct] deduped player to 1 @ chrome-extension://ihaelfjohnpciodjianpgchimpgifgjk/js/direct.js:324
[    5108ms] [LOG] [direct] Download button injected (player mini) @ chrome-extension://ihaelfjohnpciodjianpgchimpgifgjk/js/direct.js:306
[    5109ms] [LOG] [direct] deduped player to 1 @ chrome-extension://ihaelfjohnpciodjianpgchimpgifgjk/js/direct.js:324
[    5110ms] [LOG] [direct] Download button injected (player mini) @ chrome-extension://ihaelfjohnpciodjianpgchimpgifgjk/js/direct.js:306
[    5110ms] [LOG] [direct] deduped player to 1 @ chrome-extension://ihaelfjohnpciodjianpgchimpgifgjk/js/direct.js:324
[    5112ms] [LOG] [direct] Download button injected (player mini) @ chrome-extension://ihaelfjohnpciodjianpgchimpgifgjk/js/direct.js:306
[    5112ms] [LOG] [direct] deduped player to 1 @ chrome-extension://ihaelfjohnpciodjianpgchimpgifgjk/js/direct.js:324
[    5113ms] [LOG] [direct] Download button injected (player mini) @ chrome-extension://ihaelfjohnpciodjianpgchimpgifgjk/js/direct.js:306
[    5114ms] [LOG] [direct] deduped player to 1 @ chrome-extension://ihaelfjohnpciodjianpgchimpgifgjk/js/direct.js:324
[    5114ms] [LOG] [direct] Download button injected (player mini) @ chrome-extension://ihaelfjohnpciodjianpgchimpgifgjk/js/direct.js:306
[    5115ms] [LOG] [direct] deduped player to 1 @ chrome-extension://ihaelfjohnpciodjianpgchimpgifgjk/js/direct.js:324
[    5116ms] [LOG] [direct] Download button injected (player mini) @ chrome-extension://ihaelfjohnpciodjianpgchimpgifgjk/js/direct.js:306
[    5116ms] [LOG] [direct] deduped player to 1 @ chrome-extension://ihaelfjohnpciodjianpgchimpgifgjk/js/direct.js:324
[    5117ms] [LOG] [direct] Download button injected (player mini) @ chrome-extension://ihaelfjohnpciodjianpgchimpgifgjk/js/direct.js:306
[    5117ms] [LOG] [direct] deduped player to 1 @ chrome-extension://ihaelfjohnpciodjianpgchimpgifgjk/js/direct.js:324
[    5118ms] [LOG] [direct] Download button injected (player mini) @ chrome-extension://ihaelfjohnpciodjianpgchimpgifgjk/js/direct.js:306
[    5118ms] [LOG] [direct] deduped player to 1 @ chrome-extension://ihaelfjohnpciodjianpgchimpgifgjk/js/direct.js:324
[    5119ms] [LOG] [direct] Download button injected (player mini) @ chrome-extension://ihaelfjohnpciodjianpgchimpgifgjk/js/direct.js:306
[    5120ms] [LOG] [direct] deduped player to 1 @ chrome-extension://ihaelfjohnpciodjianpgchimpgifgjk/js/direct.js:324
[    5121ms] [LOG] [direct] Download button injected (player mini) @ chrome-extension://ihaelfjohnpciodjianpgchimpgifgjk/js/direct.js:306
[    5121ms] [LOG] [direct] deduped player to 1 @ chrome-extension://ihaelfjohnpciodjianpgchimpgifgjk/js/direct.js:324
[    5122ms] [LOG] [direct] Download button injected (player mini) @ chrome-extension://ihaelfjohnpciodjianpgchimpgifgjk/js/direct.js:306
[    5122ms] [LOG] [direct] deduped player to 1 @ chrome-extension://ihaelfjohnpciodjianpgchimpgifgjk/js/direct.js:324
[    5123ms] [LOG] [direct] Download button injected (player mini) @ chrome-extension://ihaelfjohnpciodjianpgchimpgifgjk/js/direct.js:306
[    5123ms] [LOG] [direct] deduped player to 1 @ chrome-extension://ihaelfjohnpciodjianpgchimpgifgjk/js/direct.js:324
[    5124ms] [LOG] [direct] Download button injected (player mini) @ chrome-extension://ihaelfjohnpciodjianpgchimpgifgjk/js/direct.js:306
[    5124ms] [LOG] [direct] deduped player to 1 @ chrome-extension://ihaelfjohnpciodjianpgchimpgifgjk/js/direct.js:324
[    5126ms] [LOG] [direct] Download button injected (player mini) @ chrome-extension://ihaelfjohnpciodjianpgchimpgifgjk/js/direct.js:306
[    5126ms] [LOG] [direct] deduped player to 1 @ chrome-extension://ihaelfjohnpciodjianpgchimpgifgjk/js/direct.js:324
[    5128ms] [LOG] [direct] Download button injected (player mini) @ chrome-extension://ihaelfjohnpciodjianpgchimpgifgjk/js/direct.js:306
[    5128ms] [LOG] [direct] deduped player to 1 @ chrome-extension://ihaelfjohnpciodjianpgchimpgifgjk/js/direct.js:324
[    5129ms] [LOG] [direct] Download button injected (player mini) @ chrome-extension://ihaelfjohnpciodjianpgchimpgifgjk/js/direct.js:306
[    5129ms] [LOG] [direct] deduped player to 1 @ chrome-extension://ihaelfjohnpciodjianpgchimpgifgjk/js/direct.js:324
[    5130ms] [LOG] [direct] Download button injected (player mini) @ chrome-extension://ihaelfjohnpciodjianpgchimpgifgjk/js/direct.js:306
[    5130ms] [LOG] [direct] deduped player to 1 @ chrome-extension://ihaelfjohnpciodjianpgchimpgifgjk/js/direct.js:324
[    5131ms] [LOG] [direct] Download button injected (player mini) @ chrome-extension://ihaelfjohnpciodjianpgchimpgifgjk/js/direct.js:306
[    5132ms] [LOG] [direct] deduped player to 1 @ chrome-extension://ihaelfjohnpciodjianpgchimpgifgjk/js/direct.js:324
[    5133ms] [LOG] [direct] Download button injected (player mini) @ chrome-extension://ihaelfjohnpciodjianpgchimpgifgjk/js/direct.js:306
[    5133ms] [LOG] [direct] deduped player to 1 @ chrome-extension://ihaelfjohnpciodjianpgchimpgifgjk/js/direct.js:324
[    5134ms] [LOG] [direct] Download button injected (player mini) @ chrome-extension://ihaelfjohnpciodjianpgchimpgifgjk/js/direct.js:306
[    5134ms] [LOG] [direct] deduped player to 1 @ chrome-extension://ihaelfjohnpciodjianpgchimpgifgjk/js/direct.js:324
[    5135ms] [LOG] [direct] Download button injected (player mini) @ chrome-extension://ihaelfjohnpciodjianpgchimpgifgjk/js/direct.js:306
[    5136ms] [LOG] [direct] deduped player to 1 @ chrome-extension://ihaelfjohnpciodjianpgchimpgifgjk/js/direct.js:324
[    5137ms] [LOG] [direct] Download button injected (player mini) @ chrome-extension://ihaelfjohnpciodjianpgchimpgifgjk/js/direct.js:306
[    5137ms] [LOG] [direct] deduped player to 1 @ chrome-extension://ihaelfjohnpciodjianpgchimpgifgjk/js/direct.js:324
[    5138ms] [LOG] [direct] Download button injected (player mini) @ chrome-extension://ihaelfjohnpciodjianpgchimpgifgjk/js/direct.js:306
[    5139ms] [LOG] [direct] deduped player to 1 @ chrome-extension://ihaelfjohnpciodjianpgchimpgifgjk/js/direct.js:324
[    5140ms] [LOG] [direct] Download button injected (player mini) @ chrome-extension://ihaelfjohnpciodjianpgchimpgifgjk/js/direct.js:306
[    5140ms] [LOG] [direct] deduped player to 1 @ chrome-extension://ihaelfjohnpciodjianpgchimpgifgjk/js/direct.js:324
[    5141ms] [LOG] [direct] Download button injected (player mini) @ chrome-extension://ihaelfjohnpciodjianpgchimpgifgjk/js/direct.js:306
[    5141ms] [LOG] [direct] deduped player to 1 @ chrome-extension://ihaelfjohnpciodjianpgchimpgifgjk/js/direct.js:324
[    5142ms] [LOG] [direct] Download button injected (player mini) @ chrome-extension://ihaelfjohnpciodjianpgchimpgifgjk/js/direct.js:306
[    5142ms] [LOG] [direct] deduped player to 1 @ chrome-extension://ihaelfjohnpciodjianpgchimpgifgjk/js/direct.js:324
[    5143ms] [LOG] [direct] Download button injected (player mini) @ chrome-extension://ihaelfjohnpciodjianpgchimpgifgjk/js/direct.js:306
[    5144ms] [LOG] [direct] deduped player to 1 @ chrome-extension://ihaelfjohnpciodjianpgchimpgifgjk/js/direct.js:324
[    5145ms] [LOG] [direct] Download button injected (player mini) @ chrome-extension://ihaelfjohnpciodjianpgchimpgifgjk/js/direct.js:306
[    5145ms] [LOG] [direct] deduped player to 1 @ chrome-extension://ihaelfjohnpciodjianpgchimpgifgjk/js/direct.js:324
[    5146ms] [LOG] [direct] Download button injected (player mini) @ chrome-extension://ihaelfjohnpciodjianpgchimpgifgjk/js/direct.js:306
[    5146ms] [LOG] [direct] deduped player to 1 @ chrome-extension://ihaelfjohnpciodjianpgchimpgifgjk/js/direct.js:324
[    5147ms] [LOG] [direct] Download button injected (player mini) @ chrome-extension://ihaelfjohnpciodjianpgchimpgifgjk/js/direct.js:306
[    5147ms] [LOG] [direct] deduped player to 1 @ chrome-extension://ihaelfjohnpciodjianpgchimpgifgjk/js/direct.js:324
[    5148ms] [LOG] [direct] Download button injected (player mini) @ chrome-extension://ihaelfjohnpciodjianpgchimpgifgjk/js/direct.js:306
[    5149ms] [LOG] [direct] deduped player to 1 @ chrome-extension://ihaelfjohnpciodjianpgchimpgifgjk/js/direct.js:324
[    5149ms] [LOG] [direct] Download button injected (player mini) @ chrome-extension://ihaelfjohnpciodjianpgchimpgifgjk/js/direct.js:306
[    5150ms] [LOG] [direct] deduped player to 1 @ chrome-extension://ihaelfjohnpciodjianpgchimpgifgjk/js/direct.js:324
[    5151ms] [LOG] [direct] Download button injected (player mini) @ chrome-extension://ihaelfjohnpciodjianpgchimpgifgjk/js/direct.js:306
[    5151ms] [LOG] [direct] deduped player to 1 @ chrome-extension://ihaelfjohnpciodjianpgchimpgifgjk/js/direct.js:324
[    5152ms] [LOG] [direct] Download button injected (player mini) @ chrome-extension://ihaelfjohnpciodjianpgchimpgifgjk/js/direct.js:306
[    5152ms] [LOG] [direct] deduped player to 1 @ chrome-extension://ihaelfjohnpciodjianpgchimpgifgjk/js/direct.js:324
[    5153ms] [LOG] [direct] Download button injected (player mini) @ chrome-extension://ihaelfjohnpciodjianpgchimpgifgjk/js/direct.js:306
[    5154ms] [LOG] [direct] deduped player to 1 @ chrome-extension://ihaelfjohnpciodjianpgchimpgifgjk/js/direct.js:324
[    5154ms] [LOG] [direct] Download button injected (player mini) @ chrome-extension://ihaelfjohnpciodjianpgchimpgifgjk/js/direct.js:306
[    5155ms] [LOG] [direct] deduped player to 1 @ chrome-extension://ihaelfjohnpciodjianpgchimpgifgjk/js/direct.js:324
[    5156ms] [LOG] [direct] Download button injected (player mini) @ chrome-extension://ihaelfjohnpciodjianpgchimpgifgjk/js/direct.js:306
[    5156ms] [LOG] [direct] deduped player to 1 @ chrome-extension://ihaelfjohnpciodjianpgchimpgifgjk/js/direct.js:324
[    5157ms] [LOG] [direct] Download button injected (player mini) @ chrome-extension://ihaelfjohnpciodjianpgchimpgifgjk/js/direct.js:306
[    5157ms] [LOG] [direct] deduped player to 1 @ chrome-extension://ihaelfjohnpciodjianpgchimpgifgjk/js/direct.js:324
[    5158ms] [LOG] [direct] Download button injected (player mini) @ chrome-extension://ihaelfjohnpciodjianpgchimpgifgjk/js/direct.js:306
[    5158ms] [LOG] [direct] deduped player to 1 @ chrome-extension://ihaelfjohnpciodjianpgchimpgifgjk/js/direct.js:324
[    5159ms] [LOG] [direct] Download button injected (player mini) @ chrome-extension://ihaelfjohnpciodjianpgchimpgifgjk/js/direct.js:306
[    5159ms] [LOG] [direct] deduped player to 1 @ chrome-extension://ihaelfjohnpciodjianpgchimpgifgjk/js/direct.js:324
[    5161ms] [LOG] [direct] Download button injected (player mini) @ chrome-extension://ihaelfjohnpciodjianpgchimpgifgjk/js/direct.js:306
[    5161ms] [LOG] [direct] deduped player to 1 @ chrome-extension://ihaelfjohnpciodjianpgchimpgifgjk/js/direct.js:324
[    5162ms] [LOG] [direct] Download button injected (player mini) @ chrome-extension://ihaelfjohnpciodjianpgchimpgifgjk/js/direct.js:306
[    5162ms] [LOG] [direct] deduped player to 1 @ chrome-extension://ihaelfjohnpciodjianpgchimpgifgjk/js/direct.js:324
[    5163ms] [LOG] [direct] Download button injected (player mini) @ chrome-extension://ihaelfjohnpciodjianpgchimpgifgjk/js/direct.js:306
[    5163ms] [LOG] [direct] deduped player to 1 @ chrome-extension://ihaelfjohnpciodjianpgchimpgifgjk/js/direct.js:324
[    5163ms] [LOG] [direct] Download button injected (player mini) @ chrome-extension://ihaelfjohnpciodjianpgchimpgifgjk/js/direct.js:306
[    5164ms] [LOG] [direct] deduped player to 1 @ chrome-extension://ihaelfjohnpciodjianpgchimpgifgjk/js/direct.js:324
[    5164ms] [LOG] [direct] Download button injected (player mini) @ chrome-extension://ihaelfjohnpciodjianpgchimpgifgjk/js/direct.js:306
[    5164ms] [LOG] [direct] deduped player to 1 @ chrome-extension://ihaelfjohnpciodjianpgchimpgifgjk/js/direct.js:324
[    5165ms] [LOG] [direct] Download button injected (player mini) @ chrome-extension://ihaelfjohnpciodjianpgchimpgifgjk/js/direct.js:306
[    5165ms] [LOG] [direct] deduped player to 1 @ chrome-extension://ihaelfjohnpciodjianpgchimpgifgjk/js/direct.js:324
[    5166ms] [LOG] [direct] Download button injected (player mini) @ chrome-extension://ihaelfjohnpciodjianpgchimpgifgjk/js/direct.js:306
[    5166ms] [LOG] [direct] deduped player to 1 @ chrome-extension://ihaelfjohnpciodjianpgchimpgifgjk/js/direct.js:324
[    5167ms] [LOG] [direct] Download button injected (player mini) @ chrome-extension://ihaelfjohnpciodjianpgchimpgifgjk/js/direct.js:306
[    5167ms] [LOG] [direct] deduped player to 1 @ chrome-extension://ihaelfjohnpciodjianpgchimpgifgjk/js/direct.js:324
[    5168ms] [LOG] [direct] Download button injected (player mini) @ chrome-extension://ihaelfjohnpciodjianpgchimpgifgjk/js/direct.js:306
[    5168ms] [LOG] [direct] deduped player to 1 @ chrome-extension://ihaelfjohnpciodjianpgchimpgifgjk/js/direct.js:324
[    5170ms] [LOG] [direct] Download button injected (player mini) @ chrome-extension://ihaelfjohnpciodjianpgchimpgifgjk/js/direct.js:306
[    5170ms] [LOG] [direct] deduped player to 1 @ chrome-extension://ihaelfjohnpciodjianpgchimpgifgjk/js/direct.js:324
[    5171ms] [LOG] [direct] Download button injected (player mini) @ chrome-extension://ihaelfjohnpciodjianpgchimpgifgjk/js/direct.js:306
[    5171ms] [LOG] [direct] deduped player to 1 @ chrome-extension://ihaelfjohnpciodjianpgchimpgifgjk/js/direct.js:324
[    5172ms] [LOG] [direct] Download button injected (player mini) @ chrome-extension://ihaelfjohnpciodjianpgchimpgifgjk/js/direct.js:306
[    5172ms] [LOG] [direct] deduped player to 1 @ chrome-extension://ihaelfjohnpciodjianpgchimpgifgjk/js/direct.js:324
[    5173ms] [LOG] [direct] Download button injected (player mini) @ chrome-extension://ihaelfjohnpciodjianpgchimpgifgjk/js/direct.js:306
[    5174ms] [LOG] [direct] deduped player to 1 @ chrome-extension://ihaelfjohnpciodjianpgchimpgifgjk/js/direct.js:324
[    5175ms] [LOG] [direct] Download button injected (player mini) @ chrome-extension://ihaelfjohnpciodjianpgchimpgifgjk/js/direct.js:306
[    5175ms] [LOG] [direct] deduped player to 1 @ chrome-extension://ihaelfjohnpciodjianpgchimpgifgjk/js/direct.js:324
[    5176ms] [LOG] [direct] Download button injected (player mini) @ chrome-extension://ihaelfjohnpciodjianpgchimpgifgjk/js/direct.js:306
[    5177ms] [LOG] [direct] deduped player to 1 @ chrome-extension://ihaelfjohnpciodjianpgchimpgifgjk/js/direct.js:324
[    5178ms] [LOG] [direct] Download button injected (player mini) @ chrome-extension://ihaelfjohnpciodjianpgchimpgifgjk/js/direct.js:306
[    5178ms] [LOG] [direct] deduped player to 1 @ chrome-extension://ihaelfjohnpciodjianpgchimpgifgjk/js/direct.js:324
[    5179ms] [LOG] [direct] Download button injected (player mini) @ chrome-extension://ihaelfjohnpciodjianpgchimpgifgjk/js/direct.js:306
[    5179ms] [LOG] [direct] deduped player to 1 @ chrome-extension://ihaelfjohnpciodjianpgchimpgifgjk/js/direct.js:324
[    5180ms] [LOG] [direct] Download button injected (player mini) @ chrome-extension://ihaelfjohnpciodjianpgchimpgifgjk/js/direct.js:306
[    5180ms] [LOG] [direct] deduped player to 1 @ chrome-extension://ihaelfjohnpciodjianpgchimpgifgjk/js/direct.js:324
[    5181ms] [LOG] [direct] Download button injected (player mini) @ chrome-extension://ihaelfjohnpciodjianpgchimpgifgjk/js/direct.js:306
[    5181ms] [LOG] [direct] deduped player to 1 @ chrome-extension://ihaelfjohnpciodjianpgchimpgifgjk/js/direct.js:324
[    5182ms] [LOG] [direct] Download button injected (player mini) @ chrome-extension://ihaelfjohnpciodjianpgchimpgifgjk/js/direct.js:306
[    5182ms] [LOG] [direct] deduped player to 1 @ chrome-extension://ihaelfjohnpciodjianpgchimpgifgjk/js/direct.js:324
[    5183ms] [LOG] [direct] Download button injected (player mini) @ chrome-extension://ihaelfjohnpciodjianpgchimpgifgjk/js/direct.js:306
[    5183ms] [LOG] [direct] deduped player to 1 @ chrome-extension://ihaelfjohnpciodjianpgchimpgifgjk/js/direct.js:324
[    5184ms] [LOG] [direct] Download button injected (player mini) @ chrome-extension://ihaelfjohnpciodjianpgchimpgifgjk/js/direct.js:306
[    5185ms] [LOG] [direct] deduped player to 1 @ chrome-extension://ihaelfjohnpciodjianpgchimpgifgjk/js/direct.js:324
[    5186ms] [LOG] [direct] Download button injected (player mini) @ chrome-extension://ihaelfjohnpciodjianpgchimpgifgjk/js/direct.js:306
[    5186ms] [LOG] [direct] deduped player to 1 @ chrome-extension://ihaelfjohnpciodjianpgchimpgifgjk/js/direct.js:324
[    5187ms] [LOG] [direct] Download button injected (player mini) @ chrome-extension://ihaelfjohnpciodjianpgchimpgifgjk/js/direct.js:306
[    5187ms] [LOG] [direct] deduped player to 1 @ chrome-extension://ihaelfjohnpciodjianpgchimpgifgjk/js/direct.js:324
[    5188ms] [LOG] [direct] Download button injected (player mini) @ chrome-extension://ihaelfjohnpciodjianpgchimpgifgjk/js/direct.js:306
[    5188ms] [LOG] [direct] deduped player to 1 @ chrome-extension://ihaelfjohnpciodjianpgchimpgifgjk/js/direct.js:324
[    5189ms] [LOG] [direct] Download button injected (player mini) @ chrome-extension://ihaelfjohnpciodjianpgchimpgifgjk/js/direct.js:306
[    5189ms] [LOG] [direct] deduped player to 1 @ chrome-extension://ihaelfjohnpciodjianpgchimpgifgjk/js/direct.js:324
[    5190ms] [LOG] [direct] Download button injected (player mini) @ chrome-extension://ihaelfjohnpciodjianpgchimpgifgjk/js/direct.js:306
[    5190ms] [LOG] [direct] deduped player to 1 @ chrome-extension://ihaelfjohnpciodjianpgchimpgifgjk/js/direct.js:324
[    5190ms] [LOG] [direct] Download button injected (player mini) @ chrome-extension://ihaelfjohnpciodjianpgchimpgifgjk/js/direct.js:306
[    5191ms] [LOG] [direct] deduped player to 1 @ chrome-extension://ihaelfjohnpciodjianpgchimpgifgjk/js/direct.js:324
[    5192ms] [LOG] [direct] Download button injected (player mini) @ chrome-extension://ihaelfjohnpciodjianpgchimpgifgjk/js/direct.js:306
[    5192ms] [LOG] [direct] deduped player to 1 @ chrome-extension://ihaelfjohnpciodjianpgchimpgifgjk/js/direct.js:324
[    5193ms] [LOG] [direct] Download button injected (player mini) @ chrome-extension://ihaelfjohnpciodjianpgchimpgifgjk/js/direct.js:306
[    5194ms] [LOG] [direct] deduped player to 1 @ chrome-extension://ihaelfjohnpciodjianpgchimpgifgjk/js/direct.js:324
[    5195ms] [LOG] [direct] Download button injected (player mini) @ chrome-extension://ihaelfjohnpciodjianpgchimpgifgjk/js/direct.js:306
[    5195ms] [LOG] [direct] deduped player to 1 @ chrome-extension://ihaelfjohnpciodjianpgchimpgifgjk/js/direct.js:324
[    5196ms] [LOG] [direct] Download button injected (player mini) @ chrome-extension://ihaelfjohnpciodjianpgchimpgifgjk/js/direct.js:306
[    5196ms] [LOG] [direct] deduped player to 1 @ chrome-extension://ihaelfjohnpciodjianpgchimpgifgjk/js/direct.js:324
[    5197ms] [LOG] [direct] Download button injected (player mini) @ chrome-extension://ihaelfjohnpciodjianpgchimpgifgjk/js/direct.js:306
[    5198ms] [LOG] [direct] deduped player to 1 @ chrome-extension://ihaelfjohnpciodjianpgchimpgifgjk/js/direct.js:324
[    5198ms] [LOG] [direct] Download button injected (player mini) @ chrome-extension://ihaelfjohnpciodjianpgchimpgifgjk/js/direct.js:306
[    5199ms] [LOG] [direct] deduped player to 1 @ chrome-extension://ihaelfjohnpciodjianpgchimpgifgjk/js/direct.js:324
[    5199ms] [LOG] [direct] Download button injected (player mini) @ chrome-extension://ihaelfjohnpciodjianpgchimpgifgjk/js/direct.js:306
[    5200ms] [LOG] [direct] deduped player to 1 @ chrome-extension://ihaelfjohnpciodjianpgchimpgifgjk/js/direct.js:324
[    5200ms] [LOG] [direct] Download button injected (player mini) @ chrome-extension://ihaelfjohnpciodjianpgchimpgifgjk/js/direct.js:306
[    5201ms] [LOG] [direct] deduped player to 1 @ chrome-extension://ihaelfjohnpciodjianpgchimpgifgjk/js/direct.js:324
[    5201ms] [LOG] [direct] Download button injected (player mini) @ chrome-extension://ihaelfjohnpciodjianpgchimpgifgjk/js/direct.js:306
[    5202ms] [LOG] [direct] deduped player to 1 @ chrome-extension://ihaelfjohnpciodjianpgchimpgifgjk/js/direct.js:324
[    5202ms] [LOG] [direct] Download button injected (player mini) @ chrome-extension://ihaelfjohnpciodjianpgchimpgifgjk/js/direct.js:306
[    5203ms] [LOG] [direct] deduped player to 1 @ chrome-extension://ihaelfjohnpciodjianpgchimpgifgjk/js/direct.js:324
[    5204ms] [LOG] [direct] Download button injected (player mini) @ chrome-extension://ihaelfjohnpciodjianpgchimpgifgjk/js/direct.js:306
[    5204ms] [LOG] [direct] deduped player to 1 @ chrome-extension://ihaelfjohnpciodjianpgchimpgifgjk/js/direct.js:324
[    5204ms] [LOG] [direct] Download button injected (player mini) @ chrome-extension://ihaelfjohnpciodjianpgchimpgifgjk/js/direct.js:306
[    5205ms] [LOG] [direct] deduped player to 1 @ chrome-extension://ihaelfjohnpciodjianpgchimpgifgjk/js/direct.js:324
[    5205ms] [LOG] [direct] Download button injected (player mini) @ chrome-extension://ihaelfjohnpciodjianpgchimpgifgjk/js/direct.js:306
[    5205ms] [LOG] [direct] deduped player to 1 @ chrome-extension://ihaelfjohnpciodjianpgchimpgifgjk/js/direct.js:324
[    5206ms] [LOG] [direct] Download button injected (player mini) @ chrome-extension://ihaelfjohnpciodjianpgchimpgifgjk/js/direct.js:306
[    5206ms] [LOG] [direct] deduped player to 1 @ chrome-extension://ihaelfjohnpciodjianpgchimpgifgjk/js/direct.js:324
[    5207ms] [LOG] [direct] Download button injected (player mini) @ chrome-extension://ihaelfjohnpciodjianpgchimpgifgjk/js/direct.js:306
[    5208ms] [LOG] [direct] deduped player to 1 @ chrome-extension://ihaelfjohnpciodjianpgchimpgifgjk/js/direct.js:324
[    5208ms] [LOG] [direct] Download button injected (player mini) @ chrome-extension://ihaelfjohnpciodjianpgchimpgifgjk/js/direct.js:306
[    5209ms] [LOG] [direct] deduped player to 1 @ chrome-extension://ihaelfjohnpciodjianpgchimpgifgjk/js/direct.js:324
[    5210ms] [LOG] [direct] Download button injected (player mini) @ chrome-extension://ihaelfjohnpciodjianpgchimpgifgjk/js/direct.js:306
[    5210ms] [LOG] [direct] deduped player to 1 @ chrome-extension://ihaelfjohnpciodjianpgchimpgifgjk/js/direct.js:324
[    5211ms] [LOG] [direct] Download button injected (player mini) @ chrome-extension://ihaelfjohnpciodjianpgchimpgifgjk/js/direct.js:306
[    5211ms] [LOG] [direct] deduped player to 1 @ chrome-extension://ihaelfjohnpciodjianpgchimpgifgjk/js/direct.js:324
[    5212ms] [LOG] [direct] Download button injected (player mini) @ chrome-extension://ihaelfjohnpciodjianpgchimpgifgjk/js/direct.js:306
[    5213ms] [LOG] [direct] deduped player to 1 @ chrome-extension://ihaelfjohnpciodjianpgchimpgifgjk/js/direct.js:324
[    5214ms] [LOG] [direct] Download button injected (player mini) @ chrome-extension://ihaelfjohnpciodjianpgchimpgifgjk/js/direct.js:306
[    5214ms] [LOG] [direct] deduped player to 1 @ chrome-extension://ihaelfjohnpciodjianpgchimpgifgjk/js/direct.js:324
[    5214ms] [LOG] [direct] Download button injected (player mini) @ chrome-extension://ihaelfjohnpciodjianpgchimpgifgjk/js/direct.js:306
[    5215ms] [LOG] [direct] deduped player to 1 @ chrome-extension://ihaelfjohnpciodjianpgchimpgifgjk/js/direct.js:324
[    5215ms] [LOG] [direct] Download button injected (player mini) @ chrome-extension://ihaelfjohnpciodjianpgchimpgifgjk/js/direct.js:306
[    5215ms] [LOG] [direct] deduped player to 1 @ chrome-extension://ihaelfjohnpciodjianpgchimpgifgjk/js/direct.js:324
[    5216ms] [LOG] [direct] Download button injected (player mini) @ chrome-extension://ihaelfjohnpciodjianpgchimpgifgjk/js/direct.js:306
[    5217ms] [LOG] [direct] deduped player to 1 @ chrome-extension://ihaelfjohnpciodjianpgchimpgifgjk/js/direct.js:324
[    5217ms] [LOG] [direct] Download button injected (player mini) @ chrome-extension://ihaelfjohnpciodjianpgchimpgifgjk/js/direct.js:306
[    5218ms] [LOG] [direct] deduped player to 1 @ chrome-extension://ihaelfjohnpciodjianpgchimpgifgjk/js/direct.js:324
[    5218ms] [LOG] [direct] Download button injected (player mini) @ chrome-extension://ihaelfjohnpciodjianpgchimpgifgjk/js/direct.js:306
[    5219ms] [LOG] [direct] deduped player to 1 @ chrome-extension://ihaelfjohnpciodjianpgchimpgifgjk/js/direct.js:324
[    5219ms] [LOG] [direct] Download button injected (player mini) @ chrome-extension://ihaelfjohnpciodjianpgchimpgifgjk/js/direct.js:306
[    5220ms] [LOG] [direct] deduped player to 1 @ chrome-extension://ihaelfjohnpciodjianpgchimpgifgjk/js/direct.js:324
[    5220ms] [LOG] [direct] Download button injected (player mini) @ chrome-extension://ihaelfjohnpciodjianpgchimpgifgjk/js/direct.js:306
[    5220ms] [LOG] [direct] deduped player to 1 @ chrome-extension://ihaelfjohnpciodjianpgchimpgifgjk/js/direct.js:324
[    5221ms] [LOG] [direct] Download button injected (player mini) @ chrome-extension://ihaelfjohnpciodjianpgchimpgifgjk/js/direct.js:306
[    5222ms] [LOG] [direct] deduped player to 1 @ chrome-extension://ihaelfjohnpciodjianpgchimpgifgjk/js/direct.js:324
[    5222ms] [LOG] [direct] Download button injected (player mini) @ chrome-extension://ihaelfjohnpciodjianpgchimpgifgjk/js/direct.js:306
[    5223ms] [LOG] [direct] deduped player to 1 @ chrome-extension://ihaelfjohnpciodjianpgchimpgifgjk/js/direct.js:324
[    5223ms] [LOG] [direct] Download button injected (player mini) @ chrome-extension://ihaelfjohnpciodjianpgchimpgifgjk/js/direct.js:306
[    5224ms] [LOG] [direct] deduped player to 1 @ chrome-extension://ihaelfjohnpciodjianpgchimpgifgjk/js/direct.js:324
[    5224ms] [LOG] [direct] Download button injected (player mini) @ chrome-extension://ihaelfjohnpciodjianpgchimpgifgjk/js/direct.js:306
[    5224ms] [LOG] [direct] deduped player to 1 @ chrome-extension://ihaelfjohnpciodjianpgchimpgifgjk/js/direct.js:324
[    5225ms] [LOG] [direct] Download button injected (player mini) @ chrome-extension://ihaelfjohnpciodjianpgchimpgifgjk/js/direct.js:306
[    5226ms] [LOG] [direct] deduped player to 1 @ chrome-extension://ihaelfjohnpciodjianpgchimpgifgjk/js/direct.js:324
[    5226ms] [LOG] [direct] Download button injected (player mini) @ chrome-extension://ihaelfjohnpciodjianpgchimpgifgjk/js/direct.js:306
[    5227ms] [LOG] [direct] deduped player to 1 @ chrome-extension://ihaelfjohnpciodjianpgchimpgifgjk/js/direct.js:324
[    5228ms] [LOG] [direct] Download button injected (player mini) @ chrome-extension://ihaelfjohnpciodjianpgchimpgifgjk/js/direct.js:306
[    5228ms] [LOG] [direct] deduped player to 1 @ chrome-extension://ihaelfjohnpciodjianpgchimpgifgjk/js/direct.js:324
[    5229ms] [LOG] [direct] Download button injected (player mini) @ chrome-extension://ihaelfjohnpciodjianpgchimpgifgjk/js/direct.js:306
[    5229ms] [LOG] [direct] deduped player to 1 @ chrome-extension://ihaelfjohnpciodjianpgchimpgifgjk/js/direct.js:324
[    5230ms] [LOG] [direct] Download button injected (player mini) @ chrome-extension://ihaelfjohnpciodjianpgchimpgifgjk/js/direct.js:306
[    5230ms] [LOG] [direct] deduped player to 1 @ chrome-extension://ihaelfjohnpciodjianpgchimpgifgjk/js/direct.js:324
[    5231ms] [LOG] [direct] Download button injected (player mini) @ chrome-extension://ihaelfjohnpciodjianpgchimpgifgjk/js/direct.js:306
[    5231ms] [LOG] [direct] deduped player to 1 @ chrome-extension://ihaelfjohnpciodjianpgchimpgifgjk/js/direct.js:324
[    5232ms] [LOG] [direct] Download button injected (player mini) @ chrome-extension://ihaelfjohnpciodjianpgchimpgifgjk/js/direct.js:306
[    5232ms] [LOG] [direct] deduped player to 1 @ chrome-extension://ihaelfjohnpciodjianpgchimpgifgjk/js/direct.js:324
[    5233ms] [LOG] [direct] Download button injected (player mini) @ chrome-extension://ihaelfjohnpciodjianpgchimpgifgjk/js/direct.js:306
[    5233ms] [LOG] [direct] deduped player to 1 @ chrome-extension://ihaelfjohnpciodjianpgchimpgifgjk/js/direct.js:324
[    5234ms] [LOG] [direct] Download button injected (player mini) @ chrome-extension://ihaelfjohnpciodjianpgchimpgifgjk/js/direct.js:306
[    5234ms] [LOG] [direct] deduped player to 1 @ chrome-extension://ihaelfjohnpciodjianpgchimpgifgjk/js/direct.js:324
[    5235ms] [LOG] [direct] Download button injected (player mini) @ chrome-extension://ihaelfjohnpciodjianpgchimpgifgjk/js/direct.js:306
[    5235ms] [LOG] [direct] deduped player to 1 @ chrome-extension://ihaelfjohnpciodjianpgchimpgifgjk/js/direct.js:324
[    5236ms] [LOG] [direct] Download button injected (player mini) @ chrome-extension://ihaelfjohnpciodjianpgchimpgifgjk/js/direct.js:306
[    5236ms] [LOG] [direct] deduped player to 1 @ chrome-extension://ihaelfjohnpciodjianpgchimpgifgjk/js/direct.js:324
[    5238ms] [LOG] [direct] Download button injected (player mini) @ chrome-extension://ihaelfjohnpciodjianpgchimpgifgjk/js/direct.js:306
[    5238ms] [LOG] [direct] deduped player to 1 @ chrome-extension://ihaelfjohnpciodjianpgchimpgifgjk/js/direct.js:324
[    5239ms] [LOG] [direct] Download button injected (player mini) @ chrome-extension://ihaelfjohnpciodjianpgchimpgifgjk/js/direct.js:306
[    5239ms] [LOG] [direct] deduped player to 1 @ chrome-extension://ihaelfjohnpciodjianpgchimpgifgjk/js/direct.js:324
[    5240ms] [LOG] [direct] Download button injected (player mini) @ chrome-extension://ihaelfjohnpciodjianpgchimpgifgjk/js/direct.js:306
[    5240ms] [LOG] [direct] deduped player to 1 @ chrome-extension://ihaelfjohnpciodjianpgchimpgifgjk/js/direct.js:324
[    5241ms] [LOG] [direct] Download button injected (player mini) @ chrome-extension://ihaelfjohnpciodjianpgchimpgifgjk/js/direct.js:306
[    5241ms] [LOG] [direct] deduped player to 1 @ chrome-extension://ihaelfjohnpciodjianpgchimpgifgjk/js/direct.js:324
[    5242ms] [LOG] [direct] Download button injected (player mini) @ chrome-extension://ihaelfjohnpciodjianpgchimpgifgjk/js/direct.js:306
[    5242ms] [LOG] [direct] deduped player to 1 @ chrome-extension://ihaelfjohnpciodjianpgchimpgifgjk/js/direct.js:324
[    5243ms] [LOG] [direct] Download button injected (player mini) @ chrome-extension://ihaelfjohnpciodjianpgchimpgifgjk/js/direct.js:306
[    5243ms] [LOG] [direct] deduped player to 1 @ chrome-extension://ihaelfjohnpciodjianpgchimpgifgjk/js/direct.js:324
[    5244ms] [LOG] [direct] Download button injected (player mini) @ chrome-extension://ihaelfjohnpciodjianpgchimpgifgjk/js/direct.js:306
[    5244ms] [LOG] [direct] deduped player to 1 @ chrome-extension://ihaelfjohnpciodjianpgchimpgifgjk/js/direct.js:324
[    5245ms] [LOG] [direct] Download button injected (player mini) @ chrome-extension://ihaelfjohnpciodjianpgchimpgifgjk/js/direct.js:306
[    5245ms] [LOG] [direct] deduped player to 1 @ chrome-extension://ihaelfjohnpciodjianpgchimpgifgjk/js/direct.js:324
[    5246ms] [LOG] [direct] Download button injected (player mini) @ chrome-extension://ihaelfjohnpciodjianpgchimpgifgjk/js/direct.js:306
[    5246ms] [LOG] [direct] deduped player to 1 @ chrome-extension://ihaelfjohnpciodjianpgchimpgifgjk/js/direct.js:324
[    5247ms] [LOG] [direct] Download button injected (player mini) @ chrome-extension://ihaelfjohnpciodjianpgchimpgifgjk/js/direct.js:306
[    5247ms] [LOG] [direct] deduped player to 1 @ chrome-extension://ihaelfjohnpciodjianpgchimpgifgjk/js/direct.js:324
[    5248ms] [LOG] [direct] Download button injected (player mini) @ chrome-extension://ihaelfjohnpciodjianpgchimpgifgjk/js/direct.js:306
[    5249ms] [LOG] [direct] deduped player to 1 @ chrome-extension://ihaelfjohnpciodjianpgchimpgifgjk/js/direct.js:324
[    5249ms] [LOG] [direct] Download button injected (player mini) @ chrome-extension://ihaelfjohnpciodjianpgchimpgifgjk/js/direct.js:306
[    5250ms] [LOG] [direct] deduped player to 1 @ chrome-extension://ihaelfjohnpciodjianpgchimpgifgjk/js/direct.js:324
[    5250ms] [LOG] [direct] Download button injected (player mini) @ chrome-extension://ihaelfjohnpciodjianpgchimpgifgjk/js/direct.js:306
[    5251ms] [LOG] [direct] deduped player to 1 @ chrome-extension://ihaelfjohnpciodjianpgchimpgifgjk/js/direct.js:324
[    5251ms] [LOG] [direct] Download button injected (player mini) @ chrome-extension://ihaelfjohnpciodjianpgchimpgifgjk/js/direct.js:306
[    5252ms] [LOG] [direct] deduped player to 1 @ chrome-extension://ihaelfjohnpciodjianpgchimpgifgjk/js/direct.js:324
[    5253ms] [LOG] [direct] Download button injected (player mini) @ chrome-extension://ihaelfjohnpciodjianpgchimpgifgjk/js/direct.js:306
[    5253ms] [LOG] [direct] deduped player to 1 @ chrome-extension://ihaelfjohnpciodjianpgchimpgifgjk/js/direct.js:324
[    5253ms] [LOG] [direct] Download button injected (player mini) @ chrome-extension://ihaelfjohnpciodjianpgchimpgifgjk/js/direct.js:306
[    5254ms] [LOG] [direct] deduped player to 1 @ chrome-extension://ihaelfjohnpciodjianpgchimpgifgjk/js/direct.js:324
[    5254ms] [LOG] [direct] Download button injected (player mini) @ chrome-extension://ihaelfjohnpciodjianpgchimpgifgjk/js/direct.js:306
[    5255ms] [LOG] [direct] deduped player to 1 @ chrome-extension://ihaelfjohnpciodjianpgchimpgifgjk/js/direct.js:324
[    5255ms] [LOG] [direct] Download button injected (player mini) @ chrome-extension://ihaelfjohnpciodjianpgchimpgifgjk/js/direct.js:306
[    5256ms] [LOG] [direct] deduped player to 1 @ chrome-extension://ihaelfjohnpciodjianpgchimpgifgjk/js/direct.js:324
[    5257ms] [LOG] [direct] Download button injected (player mini) @ chrome-extension://ihaelfjohnpciodjianpgchimpgifgjk/js/direct.js:306
[    5257ms] [LOG] [direct] deduped player to 1 @ chrome-extension://ihaelfjohnpciodjianpgchimpgifgjk/js/direct.js:324
[    5258ms] [LOG] [direct] Download button injected (player mini) @ chrome-extension://ihaelfjohnpciodjianpgchimpgifgjk/js/direct.js:306
[    5258ms] [LOG] [direct] deduped player to 1 @ chrome-extension://ihaelfjohnpciodjianpgchimpgifgjk/js/direct.js:324
[    5259ms] [LOG] [direct] Download button injected (player mini) @ chrome-extension://ihaelfjohnpciodjianpgchimpgifgjk/js/direct.js:306
[    5259ms] [LOG] [direct] deduped player to 1 @ chrome-extension://ihaelfjohnpciodjianpgchimpgifgjk/js/direct.js:324
[    5260ms] [LOG] [direct] Download button injected (player mini) @ chrome-extension://ihaelfjohnpciodjianpgchimpgifgjk/js/direct.js:306
[    5260ms] [LOG] [direct] deduped player to 1 @ chrome-extension://ihaelfjohnpciodjianpgchimpgifgjk/js/direct.js:324
[    5260ms] [LOG] [direct] Download button injected (player mini) @ chrome-extension://ihaelfjohnpciodjianpgchimpgifgjk/js/direct.js:306
[    5261ms] [LOG] [direct] deduped player to 1 @ chrome-extension://ihaelfjohnpciodjianpgchimpgifgjk/js/direct.js:324
[    5261ms] [LOG] [direct] Download button injected (player mini) @ chrome-extension://ihaelfjohnpciodjianpgchimpgifgjk/js/direct.js:306
[    5262ms] [LOG] [direct] deduped player to 1 @ chrome-extension://ihaelfjohnpciodjianpgchimpgifgjk/js/direct.js:324
[    5262ms] [LOG] [direct] Download button injected (player mini) @ chrome-extension://ihaelfjohnpciodjianpgchimpgifgjk/js/direct.js:306
[    5262ms] [LOG] [direct] deduped player to 1 @ chrome-extension://ihaelfjohnpciodjianpgchimpgifgjk/js/direct.js:324
[    5263ms] [LOG] [direct] Download button injected (player mini) @ chrome-extension://ihaelfjohnpciodjianpgchimpgifgjk/js/direct.js:306
[    5263ms] [LOG] [direct] deduped player to 1 @ chrome-extension://ihaelfjohnpciodjianpgchimpgifgjk/js/direct.js:324
[    5264ms] [LOG] [direct] Download button injected (player mini) @ chrome-extension://ihaelfjohnpciodjianpgchimpgifgjk/js/direct.js:306
[    5264ms] [LOG] [direct] deduped player to 1 @ chrome-extension://ihaelfjohnpciodjianpgchimpgifgjk/js/direct.js:324
[    5265ms] [LOG] [direct] Download button injected (player mini) @ chrome-extension://ihaelfjohnpciodjianpgchimpgifgjk/js/direct.js:306
[    5265ms] [LOG] [direct] deduped player to 1 @ chrome-extension://ihaelfjohnpciodjianpgchimpgifgjk/js/direct.js:324
[    5266ms] [LOG] [direct] Download button injected (player mini) @ chrome-extension://ihaelfjohnpciodjianpgchimpgifgjk/js/direct.js:306
[    5266ms] [LOG] [direct] deduped player to 1 @ chrome-extension://ihaelfjohnpciodjianpgchimpgifgjk/js/direct.js:324
[    5267ms] [LOG] [direct] Download button injected (player mini) @ chrome-extension://ihaelfjohnpciodjianpgchimpgifgjk/js/direct.js:306
[    5267ms] [LOG] [direct] deduped player to 1 @ chrome-extension://ihaelfjohnpciodjianpgchimpgifgjk/js/direct.js:324
[    5268ms] [LOG] [direct] Download button injected (player mini) @ chrome-extension://ihaelfjohnpciodjianpgchimpgifgjk/js/direct.js:306
[    5268ms] [LOG] [direct] deduped player to 1 @ chrome-extension://ihaelfjohnpciodjianpgchimpgifgjk/js/direct.js:324
[    5269ms] [LOG] [direct] Download button injected (player mini) @ chrome-extension://ihaelfjohnpciodjianpgchimpgifgjk/js/direct.js:306
[    5269ms] [LOG] [direct] deduped player to 1 @ chrome-extension://ihaelfjohnpciodjianpgchimpgifgjk/js/direct.js:324
[    5270ms] [LOG] [direct] Download button injected (player mini) @ chrome-extension://ihaelfjohnpciodjianpgchimpgifgjk/js/direct.js:306
[    5270ms] [LOG] [direct] deduped player to 1 @ chrome-extension://ihaelfjohnpciodjianpgchimpgifgjk/js/direct.js:324
[    5270ms] [LOG] [direct] Download button injected (player mini) @ chrome-extension://ihaelfjohnpciodjianpgchimpgifgjk/js/direct.js:306
[    5271ms] [LOG] [direct] deduped player to 1 @ chrome-extension://ihaelfjohnpciodjianpgchimpgifgjk/js/direct.js:324
[    5271ms] [LOG] [direct] Download button injected (player mini) @ chrome-extension://ihaelfjohnpciodjianpgchimpgifgjk/js/direct.js:306
[    5272ms] [LOG] [direct] deduped player to 1 @ chrome-extension://ihaelfjohnpciodjianpgchimpgifgjk/js/direct.js:324
[    5272ms] [LOG] [direct] Download button injected (player mini) @ chrome-extension://ihaelfjohnpciodjianpgchimpgifgjk/js/direct.js:306
[    5272ms] [LOG] [direct] deduped player to 1 @ chrome-extension://ihaelfjohnpciodjianpgchimpgifgjk/js/direct.js:324
[    5273ms] [LOG] [direct] Download button injected (player mini) @ chrome-extension://ihaelfjohnpciodjianpgchimpgifgjk/js/direct.js:306
[    5273ms] [LOG] [direct] deduped player to 1 @ chrome-extension://ihaelfjohnpciodjianpgchimpgifgjk/js/direct.js:324
[    5274ms] [LOG] [direct] Download button injected (player mini) @ chrome-extension://ihaelfjohnpciodjianpgchimpgifgjk/js/direct.js:306
[    5274ms] [LOG] [direct] deduped player to 1 @ chrome-extension://ihaelfjohnpciodjianpgchimpgifgjk/js/direct.js:324
[    5275ms] [LOG] [direct] Download button injected (player mini) @ chrome-extension://ihaelfjohnpciodjianpgchimpgifgjk/js/direct.js:306
[    5275ms] [LOG] [direct] deduped player to 1 @ chrome-extension://ihaelfjohnpciodjianpgchimpgifgjk/js/direct.js:324
[    5276ms] [LOG] [direct] Download button injected (player mini) @ chrome-extension://ihaelfjohnpciodjianpgchimpgifgjk/js/direct.js:306
[    5276ms] [LOG] [direct] deduped player to 1 @ chrome-extension://ihaelfjohnpciodjianpgchimpgifgjk/js/direct.js:324
[    5276ms] [LOG] [direct] Download button injected (player mini) @ chrome-extension://ihaelfjohnpciodjianpgchimpgifgjk/js/direct.js:306
[    5277ms] [LOG] [direct] deduped player to 1 @ chrome-extension://ihaelfjohnpciodjianpgchimpgifgjk/js/direct.js:324
[    5277ms] [LOG] [direct] Download button injected (player mini) @ chrome-extension://ihaelfjohnpciodjianpgchimpgifgjk/js/direct.js:306
[    5278ms] [LOG] [direct] deduped player to 1 @ chrome-extension://ihaelfjohnpciodjianpgchimpgifgjk/js/direct.js:324
[    5278ms] [LOG] [direct] Download button injected (player mini) @ chrome-extension://ihaelfjohnpciodjianpgchimpgifgjk/js/direct.js:306
[    5279ms] [LOG] [direct] deduped player to 1 @ chrome-extension://ihaelfjohnpciodjianpgchimpgifgjk/js/direct.js:324
[    5279ms] [LOG] [direct] Download button injected (player mini) @ chrome-extension://ihaelfjohnpciodjianpgchimpgifgjk/js/direct.js:306
[    5279ms] [LOG] [direct] deduped player to 1 @ chrome-extension://ihaelfjohnpciodjianpgchimpgifgjk/js/direct.js:324
[    5280ms] [LOG] [direct] Download button injected (player mini) @ chrome-extension://ihaelfjohnpciodjianpgchimpgifgjk/js/direct.js:306
[    5280ms] [LOG] [direct] deduped player to 1 @ chrome-extension://ihaelfjohnpciodjianpgchimpgifgjk/js/direct.js:324
[    5281ms] [LOG] [direct] Download button injected (player mini) @ chrome-extension://ihaelfjohnpciodjianpgchimpgifgjk/js/direct.js:306
[    5281ms] [LOG] [direct] deduped player to 1 @ chrome-extension://ihaelfjohnpciodjianpgchimpgifgjk/js/direct.js:324
[    5282ms] [LOG] [direct] Download button injected (player mini) @ chrome-extension://ihaelfjohnpciodjianpgchimpgifgjk/js/direct.js:306
[    5282ms] [LOG] [direct] deduped player to 1 @ chrome-extension://ihaelfjohnpciodjianpgchimpgifgjk/js/direct.js:324
[    5283ms] [LOG] [direct] Download button injected (player mini) @ chrome-extension://ihaelfjohnpciodjianpgchimpgifgjk/js/direct.js:306
[    5283ms] [LOG] [direct] deduped player to 1 @ chrome-extension://ihaelfjohnpciodjianpgchimpgifgjk/js/direct.js:324
[    5283ms] [LOG] [direct] Download button injected (player mini) @ chrome-extension://ihaelfjohnpciodjianpgchimpgifgjk/js/direct.js:306
[    5284ms] [LOG] [direct] deduped player to 1 @ chrome-extension://ihaelfjohnpciodjianpgchimpgifgjk/js/direct.js:324
[    5284ms] [LOG] [direct] Download button injected (player mini) @ chrome-extension://ihaelfjohnpciodjianpgchimpgifgjk/js/direct.js:306
[    5285ms] [LOG] [direct] deduped player to 1 @ chrome-extension://ihaelfjohnpciodjianpgchimpgifgjk/js/direct.js:324
[    5285ms] [LOG] [direct] Download button injected (player mini) @ chrome-extension://ihaelfjohnpciodjianpgchimpgifgjk/js/direct.js:306
[    5285ms] [LOG] [direct] deduped player to 1 @ chrome-extension://ihaelfjohnpciodjianpgchimpgifgjk/js/direct.js:324
[    5286ms] [LOG] [direct] Download button injected (player mini) @ chrome-extension://ihaelfjohnpciodjianpgchimpgifgjk/js/direct.js:306
[    5286ms] [LOG] [direct] deduped player to 1 @ chrome-extension://ihaelfjohnpciodjianpgchimpgifgjk/js/direct.js:324
[    5287ms] [LOG] [direct] Download button injected (player mini) @ chrome-extension://ihaelfjohnpciodjianpgchimpgifgjk/js/direct.js:306
[    5287ms] [LOG] [direct] deduped player to 1 @ chrome-extension://ihaelfjohnpciodjianpgchimpgifgjk/js/direct.js:324
[    5287ms] [LOG] [direct] Download button injected (player mini) @ chrome-extension://ihaelfjohnpciodjianpgchimpgifgjk/js/direct.js:306
[    5288ms] [LOG] [direct] deduped player to 1 @ chrome-extension://ihaelfjohnpciodjianpgchimpgifgjk/js/direct.js:324
[    5289ms] [LOG] [direct] Download button injected (player mini) @ chrome-extension://ihaelfjohnpciodjianpgchimpgifgjk/js/direct.js:306
[    5289ms] [LOG] [direct] deduped player to 1 @ chrome-extension://ihaelfjohnpciodjianpgchimpgifgjk/js/direct.js:324
[    5289ms] [LOG] [direct] Download button injected (player mini) @ chrome-extension://ihaelfjohnpciodjianpgchimpgifgjk/js/direct.js:306
[    5290ms] [LOG] [direct] deduped player to 1 @ chrome-extension://ihaelfjohnpciodjianpgchimpgifgjk/js/direct.js:324
[    5290ms] [LOG] [direct] Download button injected (player mini) @ chrome-extension://ihaelfjohnpciodjianpgchimpgifgjk/js/direct.js:306
[    5290ms] [LOG] [direct] deduped player to 1 @ chrome-extension://ihaelfjohnpciodjianpgchimpgifgjk/js/direct.js:324
[    5291ms] [LOG] [direct] Download button injected (player mini) @ chrome-extension://ihaelfjohnpciodjianpgchimpgifgjk/js/direct.js:306
[    5291ms] [LOG] [direct] deduped player to 1 @ chrome-extension://ihaelfjohnpciodjianpgchimpgifgjk/js/direct.js:324
[    5292ms] [LOG] [direct] Download button injected (player mini) @ chrome-extension://ihaelfjohnpciodjianpgchimpgifgjk/js/direct.js:306
[    5293ms] [LOG] [direct] deduped player to 1 @ chrome-extension://ihaelfjohnpciodjianpgchimpgifgjk/js/direct.js:324
[    5295ms] [LOG] [direct] Download button injected (player mini) @ chrome-extension://ihaelfjohnpciodjianpgchimpgifgjk/js/direct.js:306
[    5296ms] [LOG] [direct] deduped player to 1 @ chrome-extension://ihaelfjohnpciodjianpgchimpgifgjk/js/direct.js:324
[    5296ms] [LOG] [direct] Download button injected (player mini) @ chrome-extension://ihaelfjohnpciodjianpgchimpgifgjk/js/direct.js:306
[    5296ms] [LOG] [direct] deduped player to 1 @ chrome-extension://ihaelfjohnpciodjianpgchimpgifgjk/js/direct.js:324
[    5297ms] [LOG] [direct] Download button injected (player mini) @ chrome-extension://ihaelfjohnpciodjianpgchimpgifgjk/js/direct.js:306
[    5297ms] [LOG] [direct] deduped player to 1 @ chrome-extension://ihaelfjohnpciodjianpgchimpgifgjk/js/direct.js:324
[    5298ms] [LOG] [direct] Download button injected (player mini) @ chrome-extension://ihaelfjohnpciodjianpgchimpgifgjk/js/direct.js:306
[    5298ms] [LOG] [direct] deduped player to 1 @ chrome-extension://ihaelfjohnpciodjianpgchimpgifgjk/js/direct.js:324
[    5298ms] [LOG] [direct] Download button injected (player mini) @ chrome-extension://ihaelfjohnpciodjianpgchimpgifgjk/js/direct.js:306
[    5298ms] [LOG] [direct] deduped player to 1 @ chrome-extension://ihaelfjohnpciodjianpgchimpgifgjk/js/direct.js:324
[    5299ms] [LOG] [direct] Download button injected (player mini) @ chrome-extension://ihaelfjohnpciodjianpgchimpgifgjk/js/direct.js:306
[    5299ms] [LOG] [direct] deduped player to 1 @ chrome-extension://ihaelfjohnpciodjianpgchimpgifgjk/js/direct.js:324
[    5300ms] [LOG] [direct] Download button injected (player mini) @ chrome-extension://ihaelfjohnpciodjianpgchimpgifgjk/js/direct.js:306
[    5300ms] [LOG] [direct] deduped player to 1 @ chrome-extension://ihaelfjohnpciodjianpgchimpgifgjk/js/direct.js:324
[    5300ms] [LOG] [direct] Download button injected (player mini) @ chrome-extension://ihaelfjohnpciodjianpgchimpgifgjk/js/direct.js:306
[    5301ms] [LOG] [direct] deduped player to 1 @ chrome-extension://ihaelfjohnpciodjianpgchimpgifgjk/js/direct.js:324
[    5301ms] [LOG] [direct] Download button injected (player mini) @ chrome-extension://ihaelfjohnpciodjianpgchimpgifgjk/js/direct.js:306
[    5301ms] [LOG] [direct] deduped player to 1 @ chrome-extension://ihaelfjohnpciodjianpgchimpgifgjk/js/direct.js:324
[    5302ms] [LOG] [direct] Download button injected (player mini) @ chrome-extension://ihaelfjohnpciodjianpgchimpgifgjk/js/direct.js:306
[    5302ms] [LOG] [direct] deduped player to 1 @ chrome-extension://ihaelfjohnpciodjianpgchimpgifgjk/js/direct.js:324
[    5303ms] [LOG] [direct] Download button injected (player mini) @ chrome-extension://ihaelfjohnpciodjianpgchimpgifgjk/js/direct.js:306
[    5303ms] [LOG] [direct] deduped player to 1 @ chrome-extension://ihaelfjohnpciodjianpgchimpgifgjk/js/direct.js:324
[    5303ms] [LOG] [direct] Download button injected (player mini) @ chrome-extension://ihaelfjohnpciodjianpgchimpgifgjk/js/direct.js:306
[    5304ms] [LOG] [direct] deduped player to 1 @ chrome-extension://ihaelfjohnpciodjianpgchimpgifgjk/js/direct.js:324
[    5305ms] [LOG] [direct] Download button injected (player mini) @ chrome-extension://ihaelfjohnpciodjianpgchimpgifgjk/js/direct.js:306
[    5305ms] [LOG] [direct] deduped player to 1 @ chrome-extension://ihaelfjohnpciodjianpgchimpgifgjk/js/direct.js:324
[    5306ms] [LOG] [direct] Download button injected (player mini) @ chrome-extension://ihaelfjohnpciodjianpgchimpgifgjk/js/direct.js:306
[    5306ms] [LOG] [direct] deduped player to 1 @ chrome-extension://ihaelfjohnpciodjianpgchimpgifgjk/js/direct.js:324
[    5307ms] [LOG] [direct] Download button injected (player mini) @ chrome-extension://ihaelfjohnpciodjianpgchimpgifgjk/js/direct.js:306
[    5307ms] [LOG] [direct] deduped player to 1 @ chrome-extension://ihaelfjohnpciodjianpgchimpgifgjk/js/direct.js:324
[    5308ms] [LOG] [direct] Download button injected (player mini) @ chrome-extension://ihaelfjohnpciodjianpgchimpgifgjk/js/direct.js:306
[    5308ms] [LOG] [direct] deduped player to 1 @ chrome-extension://ihaelfjohnpciodjianpgchimpgifgjk/js/direct.js:324
[    5309ms] [LOG] [direct] Download button injected (player mini) @ chrome-extension://ihaelfjohnpciodjianpgchimpgifgjk/js/direct.js:306
[    5309ms] [LOG] [direct] deduped player to 1 @ chrome-extension://ihaelfjohnpciodjianpgchimpgifgjk/js/direct.js:324
[    5310ms] [LOG] [direct] Download button injected (player mini) @ chrome-extension://ihaelfjohnpciodjianpgchimpgifgjk/js/direct.js:306
[    5310ms] [LOG] [direct] deduped player to 1 @ chrome-extension://ihaelfjohnpciodjianpgchimpgifgjk/js/direct.js:324
[    5311ms] [LOG] [direct] Download button injected (player mini) @ chrome-extension://ihaelfjohnpciodjianpgchimpgifgjk/js/direct.js:306
[    5311ms] [LOG] [direct] deduped player to 1 @ chrome-extension://ihaelfjohnpciodjianpgchimpgifgjk/js/direct.js:324
[    5312ms] [LOG] [direct] Download button injected (player mini) @ chrome-extension://ihaelfjohnpciodjianpgchimpgifgjk/js/direct.js:306
[    5313ms] [LOG] [direct] deduped player to 1 @ chrome-extension://ihaelfjohnpciodjianpgchimpgifgjk/js/direct.js:324
[    5314ms] [LOG] [direct] Download button injected (player mini) @ chrome-extension://ihaelfjohnpciodjianpgchimpgifgjk/js/direct.js:306
[    5314ms] [LOG] [direct] deduped player to 1 @ chrome-extension://ihaelfjohnpciodjianpgchimpgifgjk/js/direct.js:324
[    5315ms] [LOG] [direct] Download button injected (player mini) @ chrome-extension://ihaelfjohnpciodjianpgchimpgifgjk/js/direct.js:306
[    5315ms] [LOG] [direct] deduped player to 1 @ chrome-extension://ihaelfjohnpciodjianpgchimpgifgjk/js/direct.js:324
[    5315ms] [LOG] [direct] Download button injected (player mini) @ chrome-extension://ihaelfjohnpciodjianpgchimpgifgjk/js/direct.js:306
[    5316ms] [LOG] [direct] deduped player to 1 @ chrome-extension://ihaelfjohnpciodjianpgchimpgifgjk/js/direct.js:324
[    5316ms] [LOG] [direct] Download button injected (player mini) @ chrome-extension://ihaelfjohnpciodjianpgchimpgifgjk/js/direct.js:306
[    5317ms] [LOG] [direct] deduped player to 1 @ chrome-extension://ihaelfjohnpciodjianpgchimpgifgjk/js/direct.js:324
[    5318ms] [LOG] [direct] Download button injected (player mini) @ chrome-extension://ihaelfjohnpciodjianpgchimpgifgjk/js/direct.js:306
[    5319ms] [LOG] [direct] deduped player to 1 @ chrome-extension://ihaelfjohnpciodjianpgchimpgifgjk/js/direct.js:324
[    5320ms] [LOG] [direct] Download button injected (player mini) @ chrome-extension://ihaelfjohnpciodjianpgchimpgifgjk/js/direct.js:306
[    5320ms] [LOG] [direct] deduped player to 1 @ chrome-extension://ihaelfjohnpciodjianpgchimpgifgjk/js/direct.js:324
[    5321ms] [LOG] [direct] Download button injected (player mini) @ chrome-extension://ihaelfjohnpciodjianpgchimpgifgjk/js/direct.js:306
[    5322ms] [LOG] [direct] deduped player to 1 @ chrome-extension://ihaelfjohnpciodjianpgchimpgifgjk/js/direct.js:324
[    5322ms] [LOG] [direct] Download button injected (player mini) @ chrome-extension://ihaelfjohnpciodjianpgchimpgifgjk/js/direct.js:306
[    5323ms] [LOG] [direct] deduped player to 1 @ chrome-extension://ihaelfjohnpciodjianpgchimpgifgjk/js/direct.js:324
[    5323ms] [LOG] [direct] Download button injected (player mini) @ chrome-extension://ihaelfjohnpciodjianpgchimpgifgjk/js/direct.js:306
[    5323ms] [LOG] [direct] deduped player to 1 @ chrome-extension://ihaelfjohnpciodjianpgchimpgifgjk/js/direct.js:324
[    5324ms] [LOG] [direct] Download button injected (player mini) @ chrome-extension://ihaelfjohnpciodjianpgchimpgifgjk/js/direct.js:306
[    5324ms] [LOG] [direct] deduped player to 1 @ chrome-extension://ihaelfjohnpciodjianpgchimpgifgjk/js/direct.js:324
[    5324ms] [LOG] [direct] Download button injected (player mini) @ chrome-extension://ihaelfjohnpciodjianpgchimpgifgjk/js/direct.js:306
[    5325ms] [LOG] [direct] deduped player to 1 @ chrome-extension://ihaelfjohnpciodjianpgchimpgifgjk/js/direct.js:324
[    5326ms] [LOG] [direct] Download button injected (player mini) @ chrome-extension://ihaelfjohnpciodjianpgchimpgifgjk/js/direct.js:306
[    5326ms] [LOG] [direct] deduped player to 1 @ chrome-extension://ihaelfjohnpciodjianpgchimpgifgjk/js/direct.js:324
[    5326ms] [LOG] [direct] Download button injected (player mini) @ chrome-extension://ihaelfjohnpciodjianpgchimpgifgjk/js/direct.js:306
[    5327ms] [LOG] [direct] deduped player to 1 @ chrome-extension://ihaelfjohnpciodjianpgchimpgifgjk/js/direct.js:324
[    5327ms] [LOG] [direct] Download button injected (player mini) @ chrome-extension://ihaelfjohnpciodjianpgchimpgifgjk/js/direct.js:306
[    5328ms] [LOG] [direct] deduped player to 1 @ chrome-extension://ihaelfjohnpciodjianpgchimpgifgjk/js/direct.js:324
[    5328ms] [LOG] [direct] Download button injected (player mini) @ chrome-extension://ihaelfjohnpciodjianpgchimpgifgjk/js/direct.js:306
[    5328ms] [LOG] [direct] deduped player to 1 @ chrome-extension://ihaelfjohnpciodjianpgchimpgifgjk/js/direct.js:324
[    5329ms] [LOG] [direct] Download button injected (player mini) @ chrome-extension://ihaelfjohnpciodjianpgchimpgifgjk/js/direct.js:306
[    5329ms] [LOG] [direct] deduped player to 1 @ chrome-extension://ihaelfjohnpciodjianpgchimpgifgjk/js/direct.js:324
[    5330ms] [LOG] [direct] Download button injected (player mini) @ chrome-extension://ihaelfjohnpciodjianpgchimpgifgjk/js/direct.js:306
[    5330ms] [LOG] [direct] deduped player to 1 @ chrome-extension://ihaelfjohnpciodjianpgchimpgifgjk/js/direct.js:324
[    5330ms] [LOG] [direct] Download button injected (player mini) @ chrome-extension://ihaelfjohnpciodjianpgchimpgifgjk/js/direct.js:306
[    5330ms] [LOG] [direct] deduped player to 1 @ chrome-extension://ihaelfjohnpciodjianpgchimpgifgjk/js/direct.js:324
[    5331ms] [LOG] [direct] Download button injected (player mini) @ chrome-extension://ihaelfjohnpciodjianpgchimpgifgjk/js/direct.js:306
[    5331ms] [LOG] [direct] deduped player to 1 @ chrome-extension://ihaelfjohnpciodjianpgchimpgifgjk/js/direct.js:324
[    5332ms] [LOG] [direct] Download button injected (player mini) @ chrome-extension://ihaelfjohnpciodjianpgchimpgifgjk/js/direct.js:306
[    5332ms] [LOG] [direct] deduped player to 1 @ chrome-extension://ihaelfjohnpciodjianpgchimpgifgjk/js/direct.js:324
[    5332ms] [LOG] [direct] Download button injected (player mini) @ chrome-extension://ihaelfjohnpciodjianpgchimpgifgjk/js/direct.js:306
[    5333ms] [LOG] [direct] deduped player to 1 @ chrome-extension://ihaelfjohnpciodjianpgchimpgifgjk/js/direct.js:324
[    5333ms] [LOG] [direct] Download button injected (player mini) @ chrome-extension://ihaelfjohnpciodjianpgchimpgifgjk/js/direct.js:306
[    5333ms] [LOG] [direct] deduped player to 1 @ chrome-extension://ihaelfjohnpciodjianpgchimpgifgjk/js/direct.js:324
[    5334ms] [LOG] [direct] Download button injected (player mini) @ chrome-extension://ihaelfjohnpciodjianpgchimpgifgjk/js/direct.js:306
[    5334ms] [LOG] [direct] deduped player to 1 @ chrome-extension://ihaelfjohnpciodjianpgchimpgifgjk/js/direct.js:324
[    5335ms] [LOG] [direct] Download button injected (player mini) @ chrome-extension://ihaelfjohnpciodjianpgchimpgifgjk/js/direct.js:306
[    5335ms] [LOG] [direct] deduped player to 1 @ chrome-extension://ihaelfjohnpciodjianpgchimpgifgjk/js/direct.js:324
[    5336ms] [LOG] [direct] Download button injected (player mini) @ chrome-extension://ihaelfjohnpciodjianpgchimpgifgjk/js/direct.js:306
[    5336ms] [LOG] [direct] deduped player to 1 @ chrome-extension://ihaelfjohnpciodjianpgchimpgifgjk/js/direct.js:324
[    5337ms] [LOG] [direct] Download button injected (player mini) @ chrome-extension://ihaelfjohnpciodjianpgchimpgifgjk/js/direct.js:306
[    5337ms] [LOG] [direct] deduped player to 1 @ chrome-extension://ihaelfjohnpciodjianpgchimpgifgjk/js/direct.js:324
[    5338ms] [LOG] [direct] Download button injected (player mini) @ chrome-extension://ihaelfjohnpciodjianpgchimpgifgjk/js/direct.js:306
[    5338ms] [LOG] [direct] deduped player to 1 @ chrome-extension://ihaelfjohnpciodjianpgchimpgifgjk/js/direct.js:324
[    5339ms] [LOG] [direct] Download button injected (player mini) @ chrome-extension://ihaelfjohnpciodjianpgchimpgifgjk/js/direct.js:306
[    5339ms] [LOG] [direct] deduped player to 1 @ chrome-extension://ihaelfjohnpciodjianpgchimpgifgjk/js/direct.js:324
[    5340ms] [LOG] [direct] Download button injected (player mini) @ chrome-extension://ihaelfjohnpciodjianpgchimpgifgjk/js/direct.js:306
[    5340ms] [LOG] [direct] deduped player to 1 @ chrome-extension://ihaelfjohnpciodjianpgchimpgifgjk/js/direct.js:324
[    5341ms] [LOG] [direct] Download button injected (player mini) @ chrome-extension://ihaelfjohnpciodjianpgchimpgifgjk/js/direct.js:306
[    5341ms] [LOG] [direct] deduped player to 1 @ chrome-extension://ihaelfjohnpciodjianpgchimpgifgjk/js/direct.js:324
[    5342ms] [LOG] [direct] Download button injected (player mini) @ chrome-extension://ihaelfjohnpciodjianpgchimpgifgjk/js/direct.js:306
[    5342ms] [LOG] [direct] deduped player to 1 @ chrome-extension://ihaelfjohnpciodjianpgchimpgifgjk/js/direct.js:324
[    5343ms] [LOG] [direct] Download button injected (player mini) @ chrome-extension://ihaelfjohnpciodjianpgchimpgifgjk/js/direct.js:306
[    5344ms] [LOG] [direct] deduped player to 1 @ chrome-extension://ihaelfjohnpciodjianpgchimpgifgjk/js/direct.js:324
[    5344ms] [LOG] [direct] Download button injected (player mini) @ chrome-extension://ihaelfjohnpciodjianpgchimpgifgjk/js/direct.js:306
[    5345ms] [LOG] [direct] deduped player to 1 @ chrome-extension://ihaelfjohnpciodjianpgchimpgifgjk/js/direct.js:324
[    5345ms] [LOG] [direct] Download button injected (player mini) @ chrome-extension://ihaelfjohnpciodjianpgchimpgifgjk/js/direct.js:306
[    5346ms] [LOG] [direct] deduped player to 1 @ chrome-extension://ihaelfjohnpciodjianpgchimpgifgjk/js/direct.js:324
[    5347ms] [LOG] [direct] Download button injected (player mini) @ chrome-extension://ihaelfjohnpciodjianpgchimpgifgjk/js/direct.js:306
[    5347ms] [LOG] [direct] deduped player to 1 @ chrome-extension://ihaelfjohnpciodjianpgchimpgifgjk/js/direct.js:324
[    5348ms] [LOG] [direct] Download button injected (player mini) @ chrome-extension://ihaelfjohnpciodjianpgchimpgifgjk/js/direct.js:306
[    5348ms] [LOG] [direct] deduped player to 1 @ chrome-extension://ihaelfjohnpciodjianpgchimpgifgjk/js/direct.js:324
[    5348ms] [LOG] [direct] Download button injected (player mini) @ chrome-extension://ihaelfjohnpciodjianpgchimpgifgjk/js/direct.js:306
[    5349ms] [LOG] [direct] deduped player to 1 @ chrome-extension://ihaelfjohnpciodjianpgchimpgifgjk/js/direct.js:324
[    5350ms] [LOG] [direct] Download button injected (player mini) @ chrome-extension://ihaelfjohnpciodjianpgchimpgifgjk/js/direct.js:306
[    5350ms] [LOG] [direct] deduped player to 1 @ chrome-extension://ihaelfjohnpciodjianpgchimpgifgjk/js/direct.js:324
[    5351ms] [LOG] [direct] Download button injected (player mini) @ chrome-extension://ihaelfjohnpciodjianpgchimpgifgjk/js/direct.js:306
[    5351ms] [LOG] [direct] deduped player to 1 @ chrome-extension://ihaelfjohnpciodjianpgchimpgifgjk/js/direct.js:324
[    5352ms] [LOG] [direct] Download button injected (player mini) @ chrome-extension://ihaelfjohnpciodjianpgchimpgifgjk/js/direct.js:306
[    5352ms] [LOG] [direct] deduped player to 1 @ chrome-extension://ihaelfjohnpciodjianpgchimpgifgjk/js/direct.js:324
[    5353ms] [LOG] [direct] Download button injected (player mini) @ chrome-extension://ihaelfjohnpciodjianpgchimpgifgjk/js/direct.js:306
[    5353ms] [LOG] [direct] deduped player to 1 @ chrome-extension://ihaelfjohnpciodjianpgchimpgifgjk/js/direct.js:324
[    5354ms] [LOG] [direct] Download button injected (player mini) @ chrome-extension://ihaelfjohnpciodjianpgchimpgifgjk/js/direct.js:306
[    5354ms] [LOG] [direct] deduped player to 1 @ chrome-extension://ihaelfjohnpciodjianpgchimpgifgjk/js/direct.js:324
[    5354ms] [LOG] [direct] Download button injected (player mini) @ chrome-extension://ihaelfjohnpciodjianpgchimpgifgjk/js/direct.js:306
[    5355ms] [LOG] [direct] deduped player to 1 @ chrome-extension://ihaelfjohnpciodjianpgchimpgifgjk/js/direct.js:324
[    5356ms] [LOG] [direct] Download button injected (player mini) @ chrome-extension://ihaelfjohnpciodjianpgchimpgifgjk/js/direct.js:306
[    5356ms] [LOG] [direct] deduped player to 1 @ chrome-extension://ihaelfjohnpciodjianpgchimpgifgjk/js/direct.js:324
[    5357ms] [LOG] [direct] Download button injected (player mini) @ chrome-extension://ihaelfjohnpciodjianpgchimpgifgjk/js/direct.js:306
[    5357ms] [LOG] [direct] deduped player to 1 @ chrome-extension://ihaelfjohnpciodjianpgchimpgifgjk/js/direct.js:324
[    5358ms] [LOG] [direct] Download button injected (player mini) @ chrome-extension://ihaelfjohnpciodjianpgchimpgifgjk/js/direct.js:306
[    5358ms] [LOG] [direct] deduped player to 1 @ chrome-extension://ihaelfjohnpciodjianpgchimpgifgjk/js/direct.js:324
[    5359ms] [LOG] [direct] Download button injected (player mini) @ chrome-extension://ihaelfjohnpciodjianpgchimpgifgjk/js/direct.js:306
[    5359ms] [LOG] [direct] deduped player to 1 @ chrome-extension://ihaelfjohnpciodjianpgchimpgifgjk/js/direct.js:324
[    5360ms] [LOG] [direct] Download button injected (player mini) @ chrome-extension://ihaelfjohnpciodjianpgchimpgifgjk/js/direct.js:306
[    5360ms] [LOG] [direct] deduped player to 1 @ chrome-extension://ihaelfjohnpciodjianpgchimpgifgjk/js/direct.js:324
[    5361ms] [LOG] [direct] Download button injected (player mini) @ chrome-extension://ihaelfjohnpciodjianpgchimpgifgjk/js/direct.js:306
[    5361ms] [LOG] [direct] deduped player to 1 @ chrome-extension://ihaelfjohnpciodjianpgchimpgifgjk/js/direct.js:324
[    5362ms] [LOG] [direct] Download button injected (player mini) @ chrome-extension://ihaelfjohnpciodjianpgchimpgifgjk/js/direct.js:306
[    5363ms] [LOG] [direct] deduped player to 1 @ chrome-extension://ihaelfjohnpciodjianpgchimpgifgjk/js/direct.js:324
[    5363ms] [LOG] [direct] Download button injected (player mini) @ chrome-extension://ihaelfjohnpciodjianpgchimpgifgjk/js/direct.js:306
[    5363ms] [LOG] [direct] deduped player to 1 @ chrome-extension://ihaelfjohnpciodjianpgchimpgifgjk/js/direct.js:324
[    5364ms] [LOG] [direct] Download button injected (player mini) @ chrome-extension://ihaelfjohnpciodjianpgchimpgifgjk/js/direct.js:306
[    5364ms] [LOG] [direct] deduped player to 1 @ chrome-extension://ihaelfjohnpciodjianpgchimpgifgjk/js/direct.js:324
[    5365ms] [LOG] [direct] Download button injected (player mini) @ chrome-extension://ihaelfjohnpciodjianpgchimpgifgjk/js/direct.js:306
[    5365ms] [LOG] [direct] deduped player to 1 @ chrome-extension://ihaelfjohnpciodjianpgchimpgifgjk/js/direct.js:324
[    5366ms] [LOG] [direct] Download button injected (player mini) @ chrome-extension://ihaelfjohnpciodjianpgchimpgifgjk/js/direct.js:306
[    5367ms] [LOG] [direct] deduped player to 1 @ chrome-extension://ihaelfjohnpciodjianpgchimpgifgjk/js/direct.js:324
[    5367ms] [LOG] [direct] Download button injected (player mini) @ chrome-extension://ihaelfjohnpciodjianpgchimpgifgjk/js/direct.js:306
[    5368ms] [LOG] [direct] deduped player to 1 @ chrome-extension://ihaelfjohnpciodjianpgchimpgifgjk/js/direct.js:324
[    5368ms] [LOG] [direct] Download button injected (player mini) @ chrome-extension://ihaelfjohnpciodjianpgchimpgifgjk/js/direct.js:306
[    5368ms] [LOG] [direct] deduped player to 1 @ chrome-extension://ihaelfjohnpciodjianpgchimpgifgjk/js/direct.js:324
[    5369ms] [LOG] [direct] Download button injected (player mini) @ chrome-extension://ihaelfjohnpciodjianpgchimpgifgjk/js/direct.js:306
[    5369ms] [LOG] [direct] deduped player to 1 @ chrome-extension://ihaelfjohnpciodjianpgchimpgifgjk/js/direct.js:324
[    5370ms] [LOG] [direct] Download button injected (player mini) @ chrome-extension://ihaelfjohnpciodjianpgchimpgifgjk/js/direct.js:306
[    5370ms] [LOG] [direct] deduped player to 1 @ chrome-extension://ihaelfjohnpciodjianpgchimpgifgjk/js/direct.js:324
[    5371ms] [LOG] [direct] Download button injected (player mini) @ chrome-extension://ihaelfjohnpciodjianpgchimpgifgjk/js/direct.js:306
[    5371ms] [LOG] [direct] deduped player to 1 @ chrome-extension://ihaelfjohnpciodjianpgchimpgifgjk/js/direct.js:324
[    5372ms] [LOG] [direct] Download button injected (player mini) @ chrome-extension://ihaelfjohnpciodjianpgchimpgifgjk/js/direct.js:306
[    5372ms] [LOG] [direct] deduped player to 1 @ chrome-extension://ihaelfjohnpciodjianpgchimpgifgjk/js/direct.js:324
[    5373ms] [LOG] [direct] Download button injected (player mini) @ chrome-extension://ihaelfjohnpciodjianpgchimpgifgjk/js/direct.js:306
[    5373ms] [LOG] [direct] deduped player to 1 @ chrome-extension://ihaelfjohnpciodjianpgchimpgifgjk/js/direct.js:324
[    5374ms] [LOG] [direct] Download button injected (player mini) @ chrome-extension://ihaelfjohnpciodjianpgchimpgifgjk/js/direct.js:306
[    5374ms] [LOG] [direct] deduped player to 1 @ chrome-extension://ihaelfjohnpciodjianpgchimpgifgjk/js/direct.js:324
[    5374ms] [LOG] [direct] Download button injected (player mini) @ chrome-extension://ihaelfjohnpciodjianpgchimpgifgjk/js/direct.js:306
[    5375ms] [LOG] [direct] deduped player to 1 @ chrome-extension://ihaelfjohnpciodjianpgchimpgifgjk/js/direct.js:324
[    5375ms] [LOG] [direct] Download button injected (player mini) @ chrome-extension://ihaelfjohnpciodjianpgchimpgifgjk/js/direct.js:306
[    5376ms] [LOG] [direct] deduped player to 1 @ chrome-extension://ihaelfjohnpciodjianpgchimpgifgjk/js/direct.js:324
[    5377ms] [LOG] [direct] Download button injected (player mini) @ chrome-extension://ihaelfjohnpciodjianpgchimpgifgjk/js/direct.js:306
[    5377ms] [LOG] [direct] deduped player to 1 @ chrome-extension://ihaelfjohnpciodjianpgchimpgifgjk/js/direct.js:324
[    5378ms] [LOG] [direct] Download button injected (player mini) @ chrome-extension://ihaelfjohnpciodjianpgchimpgifgjk/js/direct.js:306
[    5378ms] [LOG] [direct] deduped player to 1 @ chrome-extension://ihaelfjohnpciodjianpgchimpgifgjk/js/direct.js:324
[    5379ms] [LOG] [direct] Download button injected (player mini) @ chrome-extension://ihaelfjohnpciodjianpgchimpgifgjk/js/direct.js:306
[    5379ms] [LOG] [direct] deduped player to 1 @ chrome-extension://ihaelfjohnpciodjianpgchimpgifgjk/js/direct.js:324
[    5380ms] [LOG] [direct] Download button injected (player mini) @ chrome-extension://ihaelfjohnpciodjianpgchimpgifgjk/js/direct.js:306
[    5380ms] [LOG] [direct] deduped player to 1 @ chrome-extension://ihaelfjohnpciodjianpgchimpgifgjk/js/direct.js:324
[    5381ms] [LOG] [direct] Download button injected (player mini) @ chrome-extension://ihaelfjohnpciodjianpgchimpgifgjk/js/direct.js:306
[    5381ms] [LOG] [direct] deduped player to 1 @ chrome-extension://ihaelfjohnpciodjianpgchimpgifgjk/js/direct.js:324
[    5382ms] [LOG] [direct] Download button injected (player mini) @ chrome-extension://ihaelfjohnpciodjianpgchimpgifgjk/js/direct.js:306
[    5382ms] [LOG] [direct] deduped player to 1 @ chrome-extension://ihaelfjohnpciodjianpgchimpgifgjk/js/direct.js:324
[    5383ms] [LOG] [direct] Download button injected (player mini) @ chrome-extension://ihaelfjohnpciodjianpgchimpgifgjk/js/direct.js:306
[    5383ms] [LOG] [direct] deduped player to 1 @ chrome-extension://ihaelfjohnpciodjianpgchimpgifgjk/js/direct.js:324
[    5384ms] [LOG] [direct] Download button injected (player mini) @ chrome-extension://ihaelfjohnpciodjianpgchimpgifgjk/js/direct.js:306
[    5384ms] [LOG] [direct] deduped player to 1 @ chrome-extension://ihaelfjohnpciodjianpgchimpgifgjk/js/direct.js:324
[    5385ms] [LOG] [direct] Download button injected (player mini) @ chrome-extension://ihaelfjohnpciodjianpgchimpgifgjk/js/direct.js:306
[    5385ms] [LOG] [direct] deduped player to 1 @ chrome-extension://ihaelfjohnpciodjianpgchimpgifgjk/js/direct.js:324
[    5386ms] [LOG] [direct] Download button injected (player mini) @ chrome-extension://ihaelfjohnpciodjianpgchimpgifgjk/js/direct.js:306
[    5386ms] [LOG] [direct] deduped player to 1 @ chrome-extension://ihaelfjohnpciodjianpgchimpgifgjk/js/direct.js:324
[    5387ms] [LOG] [direct] Download button injected (player mini) @ chrome-extension://ihaelfjohnpciodjianpgchimpgifgjk/js/direct.js:306
[    5387ms] [LOG] [direct] deduped player to 1 @ chrome-extension://ihaelfjohnpciodjianpgchimpgifgjk/js/direct.js:324
[    5387ms] [LOG] [direct] Download button injected (player mini) @ chrome-extension://ihaelfjohnpciodjianpgchimpgifgjk/js/direct.js:306
[    5388ms] [LOG] [direct] deduped player to 1 @ chrome-extension://ihaelfjohnpciodjianpgchimpgifgjk/js/direct.js:324
[    5388ms] [LOG] [direct] Download button injected (player mini) @ chrome-extension://ihaelfjohnpciodjianpgchimpgifgjk/js/direct.js:306
[    5389ms] [LOG] [direct] deduped player to 1 @ chrome-extension://ihaelfjohnpciodjianpgchimpgifgjk/js/direct.js:324
[    5389ms] [LOG] [direct] Download button injected (player mini) @ chrome-extension://ihaelfjohnpciodjianpgchimpgifgjk/js/direct.js:306
[    5390ms] [LOG] [direct] deduped player to 1 @ chrome-extension://ihaelfjohnpciodjianpgchimpgifgjk/js/direct.js:324
[    5390ms] [LOG] [direct] Download button injected (player mini) @ chrome-extension://ihaelfjohnpciodjianpgchimpgifgjk/js/direct.js:306
[    5391ms] [LOG] [direct] deduped player to 1 @ chrome-extension://ihaelfjohnpciodjianpgchimpgifgjk/js/direct.js:324
[    5391ms] [LOG] [direct] Download button injected (player mini) @ chrome-extension://ihaelfjohnpciodjianpgchimpgifgjk/js/direct.js:306
[    5392ms] [LOG] [direct] deduped player to 1 @ chrome-extension://ihaelfjohnpciodjianpgchimpgifgjk/js/direct.js:324
[    5393ms] [LOG] [direct] Download button injected (player mini) @ chrome-extension://ihaelfjohnpciodjianpgchimpgifgjk/js/direct.js:306
[    5393ms] [LOG] [direct] deduped player to 1 @ chrome-extension://ihaelfjohnpciodjianpgchimpgifgjk/js/direct.js:324
[    5394ms] [LOG] [direct] Download button injected (player mini) @ chrome-extension://ihaelfjohnpciodjianpgchimpgifgjk/js/direct.js:306
[    5394ms] [LOG] [direct] deduped player to 1 @ chrome-extension://ihaelfjohnpciodjianpgchimpgifgjk/js/direct.js:324
[    5395ms] [LOG] [direct] Download button injected (player mini) @ chrome-extension://ihaelfjohnpciodjianpgchimpgifgjk/js/direct.js:306
[    5395ms] [LOG] [direct] deduped player to 1 @ chrome-extension://ihaelfjohnpciodjianpgchimpgifgjk/js/direct.js:324
[    5396ms] [LOG] [direct] Download button injected (player mini) @ chrome-extension://ihaelfjohnpciodjianpgchimpgifgjk/js/direct.js:306
[    5396ms] [LOG] [direct] deduped player to 1 @ chrome-extension://ihaelfjohnpciodjianpgchimpgifgjk/js/direct.js:324
[    5397ms] [LOG] [direct] Download button injected (player mini) @ chrome-extension://ihaelfjohnpciodjianpgchimpgifgjk/js/direct.js:306
[    5397ms] [LOG] [direct] deduped player to 1 @ chrome-extension://ihaelfjohnpciodjianpgchimpgifgjk/js/direct.js:324
[    5397ms] [LOG] [direct] Download button injected (player mini) @ chrome-extension://ihaelfjohnpciodjianpgchimpgifgjk/js/direct.js:306
[    5397ms] [LOG] [direct] deduped player to 1 @ chrome-extension://ihaelfjohnpciodjianpgchimpgifgjk/js/direct.js:324
[    5398ms] [LOG] [direct] Download button injected (player mini) @ chrome-extension://ihaelfjohnpciodjianpgchimpgifgjk/js/direct.js:306
[    5398ms] [LOG] [direct] deduped player to 1 @ chrome-extension://ihaelfjohnpciodjianpgchimpgifgjk/js/direct.js:324
[    5399ms] [LOG] [direct] Download button injected (player mini) @ chrome-extension://ihaelfjohnpciodjianpgchimpgifgjk/js/direct.js:306
[    5399ms] [LOG] [direct] deduped player to 1 @ chrome-extension://ihaelfjohnpciodjianpgchimpgifgjk/js/direct.js:324
[    5399ms] [LOG] [direct] Download button injected (player mini) @ chrome-extension://ihaelfjohnpciodjianpgchimpgifgjk/js/direct.js:306
[    5400ms] [LOG] [direct] deduped player to 1 @ chrome-extension://ihaelfjohnpciodjianpgchimpgifgjk/js/direct.js:324
[    5400ms] [LOG] [direct] Download button injected (player mini) @ chrome-extension://ihaelfjohnpciodjianpgchimpgifgjk/js/direct.js:306
[    5401ms] [LOG] [direct] deduped player to 1 @ chrome-extension://ihaelfjohnpciodjianpgchimpgifgjk/js/direct.js:324
[    5401ms] [LOG] [direct] Download button injected (player mini) @ chrome-extension://ihaelfjohnpciodjianpgchimpgifgjk/js/direct.js:306
[    5402ms] [LOG] [direct] deduped player to 1 @ chrome-extension://ihaelfjohnpciodjianpgchimpgifgjk/js/direct.js:324
[    5402ms] [LOG] [direct] Download button injected (player mini) @ chrome-extension://ihaelfjohnpciodjianpgchimpgifgjk/js/direct.js:306
[    5403ms] [LOG] [direct] deduped player to 1 @ chrome-extension://ihaelfjohnpciodjianpgchimpgifgjk/js/direct.js:324
[    5403ms] [LOG] [direct] Download button injected (player mini) @ chrome-extension://ihaelfjohnpciodjianpgchimpgifgjk/js/direct.js:306
[    5403ms] [LOG] [direct] deduped player to 1 @ chrome-extension://ihaelfjohnpciodjianpgchimpgifgjk/js/direct.js:324
[    5404ms] [LOG] [direct] Download button injected (player mini) @ chrome-extension://ihaelfjohnpciodjianpgchimpgifgjk/js/direct.js:306
[    5404ms] [LOG] [direct] deduped player to 1 @ chrome-extension://ihaelfjohnpciodjianpgchimpgifgjk/js/direct.js:324
[    5405ms] [LOG] [direct] Download button injected (player mini) @ chrome-extension://ihaelfjohnpciodjianpgchimpgifgjk/js/direct.js:306
[    5405ms] [LOG] [direct] deduped player to 1 @ chrome-extension://ihaelfjohnpciodjianpgchimpgifgjk/js/direct.js:324
[    5406ms] [LOG] [direct] Download button injected (player mini) @ chrome-extension://ihaelfjohnpciodjianpgchimpgifgjk/js/direct.js:306
[    5406ms] [LOG] [direct] deduped player to 1 @ chrome-extension://ihaelfjohnpciodjianpgchimpgifgjk/js/direct.js:324
[    5407ms] [LOG] [direct] Download button injected (player mini) @ chrome-extension://ihaelfjohnpciodjianpgchimpgifgjk/js/direct.js:306
[    5408ms] [LOG] [direct] deduped player to 1 @ chrome-extension://ihaelfjohnpciodjianpgchimpgifgjk/js/direct.js:324
[    5409ms] [LOG] [direct] Download button injected (player mini) @ chrome-extension://ihaelfjohnpciodjianpgchimpgifgjk/js/direct.js:306
[    5409ms] [LOG] [direct] deduped player to 1 @ chrome-extension://ihaelfjohnpciodjianpgchimpgifgjk/js/direct.js:324
[    5410ms] [LOG] [direct] Download button injected (player mini) @ chrome-extension://ihaelfjohnpciodjianpgchimpgifgjk/js/direct.js:306
[    5410ms] [LOG] [direct] deduped player to 1 @ chrome-extension://ihaelfjohnpciodjianpgchimpgifgjk/js/direct.js:324
[    5411ms] [LOG] [direct] Download button injected (player mini) @ chrome-extension://ihaelfjohnpciodjianpgchimpgifgjk/js/direct.js:306
[    5411ms] [LOG] [direct] deduped player to 1 @ chrome-extension://ihaelfjohnpciodjianpgchimpgifgjk/js/direct.js:324
[    5411ms] [LOG] [direct] Download button injected (player mini) @ chrome-extension://ihaelfjohnpciodjianpgchimpgifgjk/js/direct.js:306
[    5412ms] [LOG] [direct] deduped player to 1 @ chrome-extension://ihaelfjohnpciodjianpgchimpgifgjk/js/direct.js:324
[    5412ms] [LOG] [direct] Download button injected (player mini) @ chrome-extension://ihaelfjohnpciodjianpgchimpgifgjk/js/direct.js:306
[    5413ms] [LOG] [direct] deduped player to 1 @ chrome-extension://ihaelfjohnpciodjianpgchimpgifgjk/js/direct.js:324
[    5413ms] [LOG] [direct] Download button injected (player mini) @ chrome-extension://ihaelfjohnpciodjianpgchimpgifgjk/js/direct.js:306
[    5414ms] [LOG] [direct] deduped player to 1 @ chrome-extension://ihaelfjohnpciodjianpgchimpgifgjk/js/direct.js:324
[    5414ms] [LOG] [direct] Download button injected (player mini) @ chrome-extension://ihaelfjohnpciodjianpgchimpgifgjk/js/direct.js:306
[    5414ms] [LOG] [direct] deduped player to 1 @ chrome-extension://ihaelfjohnpciodjianpgchimpgifgjk/js/direct.js:324
[    5415ms] [LOG] [direct] Download button injected (player mini) @ chrome-extension://ihaelfjohnpciodjianpgchimpgifgjk/js/direct.js:306
[    5415ms] [LOG] [direct] deduped player to 1 @ chrome-extension://ihaelfjohnpciodjianpgchimpgifgjk/js/direct.js:324
[    5416ms] [LOG] [direct] Download button injected (player mini) @ chrome-extension://ihaelfjohnpciodjianpgchimpgifgjk/js/direct.js:306
[    5416ms] [LOG] [direct] deduped player to 1 @ chrome-extension://ihaelfjohnpciodjianpgchimpgifgjk/js/direct.js:324
[    5417ms] [LOG] [direct] Download button injected (player mini) @ chrome-extension://ihaelfjohnpciodjianpgchimpgifgjk/js/direct.js:306
[    5417ms] [LOG] [direct] deduped player to 1 @ chrome-extension://ihaelfjohnpciodjianpgchimpgifgjk/js/direct.js:324
[    5418ms] [LOG] [direct] Download button injected (player mini) @ chrome-extension://ihaelfjohnpciodjianpgchimpgifgjk/js/direct.js:306
[    5418ms] [LOG] [direct] deduped player to 1 @ chrome-extension://ihaelfjohnpciodjianpgchimpgifgjk/js/direct.js:324
[    5419ms] [LOG] [direct] Download button injected (player mini) @ chrome-extension://ihaelfjohnpciodjianpgchimpgifgjk/js/direct.js:306
[    5419ms] [LOG] [direct] deduped player to 1 @ chrome-extension://ihaelfjohnpciodjianpgchimpgifgjk/js/direct.js:324
[    5420ms] [LOG] [direct] Download button injected (player mini) @ chrome-extension://ihaelfjohnpciodjianpgchimpgifgjk/js/direct.js:306
[    5420ms] [LOG] [direct] deduped player to 1 @ chrome-extension://ihaelfjohnpciodjianpgchimpgifgjk/js/direct.js:324
[    5421ms] [LOG] [direct] Download button injected (player mini) @ chrome-extension://ihaelfjohnpciodjianpgchimpgifgjk/js/direct.js:306
[    5421ms] [LOG] [direct] deduped player to 1 @ chrome-extension://ihaelfjohnpciodjianpgchimpgifgjk/js/direct.js:324
[    5421ms] [LOG] [direct] Download button injected (player mini) @ chrome-extension://ihaelfjohnpciodjianpgchimpgifgjk/js/direct.js:306
[    5422ms] [LOG] [direct] deduped player to 1 @ chrome-extension://ihaelfjohnpciodjianpgchimpgifgjk/js/direct.js:324
[    5422ms] [LOG] [direct] Download button injected (player mini) @ chrome-extension://ihaelfjohnpciodjianpgchimpgifgjk/js/direct.js:306
[    5423ms] [LOG] [direct] deduped player to 1 @ chrome-extension://ihaelfjohnpciodjianpgchimpgifgjk/js/direct.js:324
[    5423ms] [LOG] [direct] Download button injected (player mini) @ chrome-extension://ihaelfjohnpciodjianpgchimpgifgjk/js/direct.js:306
[    5424ms] [LOG] [direct] deduped player to 1 @ chrome-extension://ihaelfjohnpciodjianpgchimpgifgjk/js/direct.js:324
[    5424ms] [LOG] [direct] Download button injected (player mini) @ chrome-extension://ihaelfjohnpciodjianpgchimpgifgjk/js/direct.js:306
[    5424ms] [LOG] [direct] deduped player to 1 @ chrome-extension://ihaelfjohnpciodjianpgchimpgifgjk/js/direct.js:324
[    5426ms] [LOG] [direct] Download button injected (player mini) @ chrome-extension://ihaelfjohnpciodjianpgchimpgifgjk/js/direct.js:306
[    5426ms] [LOG] [direct] deduped player to 1 @ chrome-extension://ihaelfjohnpciodjianpgchimpgifgjk/js/direct.js:324
[    5426ms] [LOG] [direct] Download button injected (player mini) @ chrome-extension://ihaelfjohnpciodjianpgchimpgifgjk/js/direct.js:306
[    5427ms] [LOG] [direct] deduped player to 1 @ chrome-extension://ihaelfjohnpciodjianpgchimpgifgjk/js/direct.js:324
[    5427ms] [LOG] [direct] Download button injected (player mini) @ chrome-extension://ihaelfjohnpciodjianpgchimpgifgjk/js/direct.js:306
[    5427ms] [LOG] [direct] deduped player to 1 @ chrome-extension://ihaelfjohnpciodjianpgchimpgifgjk/js/direct.js:324
[    5428ms] [LOG] [direct] Download button injected (player mini) @ chrome-extension://ihaelfjohnpciodjianpgchimpgifgjk/js/direct.js:306
[    5428ms] [LOG] [direct] deduped player to 1 @ chrome-extension://ihaelfjohnpciodjianpgchimpgifgjk/js/direct.js:324
[    5429ms] [LOG] [direct] Download button injected (player mini) @ chrome-extension://ihaelfjohnpciodjianpgchimpgifgjk/js/direct.js:306
[    5429ms] [LOG] [direct] deduped player to 1 @ chrome-extension://ihaelfjohnpciodjianpgchimpgifgjk/js/direct.js:324
[    5429ms] [LOG] [direct] Download button injected (player mini) @ chrome-extension://ihaelfjohnpciodjianpgchimpgifgjk/js/direct.js:306
[    5430ms] [LOG] [direct] deduped player to 1 @ chrome-extension://ihaelfjohnpciodjianpgchimpgifgjk/js/direct.js:324
[    5430ms] [LOG] [direct] Download button injected (player mini) @ chrome-extension://ihaelfjohnpciodjianpgchimpgifgjk/js/direct.js:306
[    5431ms] [LOG] [direct] deduped player to 1 @ chrome-extension://ihaelfjohnpciodjianpgchimpgifgjk/js/direct.js:324
[    5432ms] [LOG] [direct] Download button injected (player mini) @ chrome-extension://ihaelfjohnpciodjianpgchimpgifgjk/js/direct.js:306
[    5432ms] [LOG] [direct] deduped player to 1 @ chrome-extension://ihaelfjohnpciodjianpgchimpgifgjk/js/direct.js:324
[    5432ms] [LOG] [direct] Download button injected (player mini) @ chrome-extension://ihaelfjohnpciodjianpgchimpgifgjk/js/direct.js:306
[    5433ms] [LOG] [direct] deduped player to 1 @ chrome-extension://ihaelfjohnpciodjianpgchimpgifgjk/js/direct.js:324
[    5433ms] [LOG] [direct] Download button injected (player mini) @ chrome-extension://ihaelfjohnpciodjianpgchimpgifgjk/js/direct.js:306
[    5433ms] [LOG] [direct] deduped player to 1 @ chrome-extension://ihaelfjohnpciodjianpgchimpgifgjk/js/direct.js:324
[    5434ms] [LOG] [direct] Download button injected (player mini) @ chrome-extension://ihaelfjohnpciodjianpgchimpgifgjk/js/direct.js:306
[    5434ms] [LOG] [direct] deduped player to 1 @ chrome-extension://ihaelfjohnpciodjianpgchimpgifgjk/js/direct.js:324
[    5435ms] [LOG] [direct] Download button injected (player mini) @ chrome-extension://ihaelfjohnpciodjianpgchimpgifgjk/js/direct.js:306
[    5435ms] [LOG] [direct] deduped player to 1 @ chrome-extension://ihaelfjohnpciodjianpgchimpgifgjk/js/direct.js:324
[    5436ms] [LOG] [direct] Download button injected (player mini) @ chrome-extension://ihaelfjohnpciodjianpgchimpgifgjk/js/direct.js:306
[    5436ms] [LOG] [direct] deduped player to 1 @ chrome-extension://ihaelfjohnpciodjianpgchimpgifgjk/js/direct.js:324
[    5437ms] [LOG] [direct] Download button injected (player mini) @ chrome-extension://ihaelfjohnpciodjianpgchimpgifgjk/js/direct.js:306
[    5437ms] [LOG] [direct] deduped player to 1 @ chrome-extension://ihaelfjohnpciodjianpgchimpgifgjk/js/direct.js:324
[    5438ms] [LOG] [direct] Download button injected (player mini) @ chrome-extension://ihaelfjohnpciodjianpgchimpgifgjk/js/direct.js:306
[    5438ms] [LOG] [direct] deduped player to 1 @ chrome-extension://ihaelfjohnpciodjianpgchimpgifgjk/js/direct.js:324
[    5439ms] [LOG] [direct] Download button injected (player mini) @ chrome-extension://ihaelfjohnpciodjianpgchimpgifgjk/js/direct.js:306
[    5439ms] [LOG] [direct] deduped player to 1 @ chrome-extension://ihaelfjohnpciodjianpgchimpgifgjk/js/direct.js:324
[    5439ms] [LOG] [direct] Download button injected (player mini) @ chrome-extension://ihaelfjohnpciodjianpgchimpgifgjk/js/direct.js:306
[    5440ms] [LOG] [direct] deduped player to 1 @ chrome-extension://ihaelfjohnpciodjianpgchimpgifgjk/js/direct.js:324
[    5441ms] [LOG] [direct] Download button injected (player mini) @ chrome-extension://ihaelfjohnpciodjianpgchimpgifgjk/js/direct.js:306
[    5441ms] [LOG] [direct] deduped player to 1 @ chrome-extension://ihaelfjohnpciodjianpgchimpgifgjk/js/direct.js:324
[    5442ms] [LOG] [direct] Download button injected (player mini) @ chrome-extension://ihaelfjohnpciodjianpgchimpgifgjk/js/direct.js:306
[    5443ms] [LOG] [direct] deduped player to 1 @ chrome-extension://ihaelfjohnpciodjianpgchimpgifgjk/js/direct.js:324
[    5444ms] [LOG] [direct] Download button injected (player mini) @ chrome-extension://ihaelfjohnpciodjianpgchimpgifgjk/js/direct.js:306
[    5445ms] [LOG] [direct] deduped player to 1 @ chrome-extension://ihaelfjohnpciodjianpgchimpgifgjk/js/direct.js:324
[    5446ms] [LOG] [direct] Download button injected (player mini) @ chrome-extension://ihaelfjohnpciodjianpgchimpgifgjk/js/direct.js:306
[    5446ms] [LOG] [direct] deduped player to 1 @ chrome-extension://ihaelfjohnpciodjianpgchimpgifgjk/js/direct.js:324
[    5447ms] [LOG] [direct] Download button injected (player mini) @ chrome-extension://ihaelfjohnpciodjianpgchimpgifgjk/js/direct.js:306
[    5447ms] [LOG] [direct] deduped player to 1 @ chrome-extension://ihaelfjohnpciodjianpgchimpgifgjk/js/direct.js:324
[    5448ms] [LOG] [direct] Download button injected (player mini) @ chrome-extension://ihaelfjohnpciodjianpgchimpgifgjk/js/direct.js:306
[    5449ms] [LOG] [direct] deduped player to 1 @ chrome-extension://ihaelfjohnpciodjianpgchimpgifgjk/js/direct.js:324
[    5450ms] [LOG] [direct] Download button injected (player mini) @ chrome-extension://ihaelfjohnpciodjianpgchimpgifgjk/js/direct.js:306
[    5450ms] [LOG] [direct] deduped player to 1 @ chrome-extension://ihaelfjohnpciodjianpgchimpgifgjk/js/direct.js:324
[    5451ms] [LOG] [direct] Download button injected (player mini) @ chrome-extension://ihaelfjohnpciodjianpgchimpgifgjk/js/direct.js:306
[    5451ms] [LOG] [direct] deduped player to 1 @ chrome-extension://ihaelfjohnpciodjianpgchimpgifgjk/js/direct.js:324
[    5452ms] [LOG] [direct] Download button injected (player mini) @ chrome-extension://ihaelfjohnpciodjianpgchimpgifgjk/js/direct.js:306
[    5453ms] [LOG] [direct] deduped player to 1 @ chrome-extension://ihaelfjohnpciodjianpgchimpgifgjk/js/direct.js:324
[    5453ms] [LOG] [direct] Download button injected (player mini) @ chrome-extension://ihaelfjohnpciodjianpgchimpgifgjk/js/direct.js:306
[    5454ms] [LOG] [direct] deduped player to 1 @ chrome-extension://ihaelfjohnpciodjianpgchimpgifgjk/js/direct.js:324
[    5454ms] [LOG] [direct] Download button injected (player mini) @ chrome-extension://ihaelfjohnpciodjianpgchimpgifgjk/js/direct.js:306
[    5455ms] [LOG] [direct] deduped player to 1 @ chrome-extension://ihaelfjohnpciodjianpgchimpgifgjk/js/direct.js:324
[    5456ms] [LOG] [direct] Download button injected (player mini) @ chrome-extension://ihaelfjohnpciodjianpgchimpgifgjk/js/direct.js:306
[    5456ms] [LOG] [direct] deduped player to 1 @ chrome-extension://ihaelfjohnpciodjianpgchimpgifgjk/js/direct.js:324
[    5457ms] [LOG] [direct] Download button injected (player mini) @ chrome-extension://ihaelfjohnpciodjianpgchimpgifgjk/js/direct.js:306
[    5457ms] [LOG] [direct] deduped player to 1 @ chrome-extension://ihaelfjohnpciodjianpgchimpgifgjk/js/direct.js:324
[    5458ms] [LOG] [direct] Download button injected (player mini) @ chrome-extension://ihaelfjohnpciodjianpgchimpgifgjk/js/direct.js:306
[    5459ms] [LOG] [direct] deduped player to 1 @ chrome-extension://ihaelfjohnpciodjianpgchimpgifgjk/js/direct.js:324
[    5460ms] [LOG] [direct] Download button injected (player mini) @ chrome-extension://ihaelfjohnpciodjianpgchimpgifgjk/js/direct.js:306
[    5460ms] [LOG] [direct] deduped player to 1 @ chrome-extension://ihaelfjohnpciodjianpgchimpgifgjk/js/direct.js:324
[    5461ms] [LOG] [direct] Download button injected (player mini) @ chrome-extension://ihaelfjohnpciodjianpgchimpgifgjk/js/direct.js:306
[    5461ms] [LOG] [direct] deduped player to 1 @ chrome-extension://ihaelfjohnpciodjianpgchimpgifgjk/js/direct.js:324
[    5462ms] [LOG] [direct] Download button injected (player mini) @ chrome-extension://ihaelfjohnpciodjianpgchimpgifgjk/js/direct.js:306
[    5462ms] [LOG] [direct] deduped player to 1 @ chrome-extension://ihaelfjohnpciodjianpgchimpgifgjk/js/direct.js:324
[    5463ms] [LOG] [direct] Download button injected (player mini) @ chrome-extension://ihaelfjohnpciodjianpgchimpgifgjk/js/direct.js:306
[    5463ms] [LOG] [direct] deduped player to 1 @ chrome-extension://ihaelfjohnpciodjianpgchimpgifgjk/js/direct.js:324
[    5464ms] [LOG] [direct] Download button injected (player mini) @ chrome-extension://ihaelfjohnpciodjianpgchimpgifgjk/js/direct.js:306
[    5464ms] [LOG] [direct] deduped player to 1 @ chrome-extension://ihaelfjohnpciodjianpgchimpgifgjk/js/direct.js:324
[    5465ms] [LOG] [direct] Download button injected (player mini) @ chrome-extension://ihaelfjohnpciodjianpgchimpgifgjk/js/direct.js:306
[    5465ms] [LOG] [direct] deduped player to 1 @ chrome-extension://ihaelfjohnpciodjianpgchimpgifgjk/js/direct.js:324
[    5466ms] [LOG] [direct] Download button injected (player mini) @ chrome-extension://ihaelfjohnpciodjianpgchimpgifgjk/js/direct.js:306
[    5466ms] [LOG] [direct] deduped player to 1 @ chrome-extension://ihaelfjohnpciodjianpgchimpgifgjk/js/direct.js:324
[    5467ms] [LOG] [direct] Download button injected (player mini) @ chrome-extension://ihaelfjohnpciodjianpgchimpgifgjk/js/direct.js:306
[    5467ms] [LOG] [direct] deduped player to 1 @ chrome-extension://ihaelfjohnpciodjianpgchimpgifgjk/js/direct.js:324
[    5468ms] [LOG] [direct] Download button injected (player mini) @ chrome-extension://ihaelfjohnpciodjianpgchimpgifgjk/js/direct.js:306
[    5468ms] [LOG] [direct] deduped player to 1 @ chrome-extension://ihaelfjohnpciodjianpgchimpgifgjk/js/direct.js:324
[    5469ms] [LOG] [direct] Download button injected (player mini) @ chrome-extension://ihaelfjohnpciodjianpgchimpgifgjk/js/direct.js:306
[    5469ms] [LOG] [direct] deduped player to 1 @ chrome-extension://ihaelfjohnpciodjianpgchimpgifgjk/js/direct.js:324
[    5471ms] [LOG] [direct] Download button injected (player mini) @ chrome-extension://ihaelfjohnpciodjianpgchimpgifgjk/js/direct.js:306
[    5471ms] [LOG] [direct] deduped player to 1 @ chrome-extension://ihaelfjohnpciodjianpgchimpgifgjk/js/direct.js:324
[    5472ms] [LOG] [direct] Download button injected (player mini) @ chrome-extension://ihaelfjohnpciodjianpgchimpgifgjk/js/direct.js:306
[    5473ms] [LOG] [direct] deduped player to 1 @ chrome-extension://ihaelfjohnpciodjianpgchimpgifgjk/js/direct.js:324
[    5473ms] [LOG] [direct] Download button injected (player mini) @ chrome-extension://ihaelfjohnpciodjianpgchimpgifgjk/js/direct.js:306
[    5474ms] [LOG] [direct] deduped player to 1 @ chrome-extension://ihaelfjohnpciodjianpgchimpgifgjk/js/direct.js:324
[    5474ms] [LOG] [direct] Download button injected (player mini) @ chrome-extension://ihaelfjohnpciodjianpgchimpgifgjk/js/direct.js:306
[    5475ms] [LOG] [direct] deduped player to 1 @ chrome-extension://ihaelfjohnpciodjianpgchimpgifgjk/js/direct.js:324
[    5476ms] [LOG] [direct] Download button injected (player mini) @ chrome-extension://ihaelfjohnpciodjianpgchimpgifgjk/js/direct.js:306
[    5477ms] [LOG] [direct] deduped player to 1 @ chrome-extension://ihaelfjohnpciodjianpgchimpgifgjk/js/direct.js:324
[    5477ms] [LOG] [direct] Download button injected (player mini) @ chrome-extension://ihaelfjohnpciodjianpgchimpgifgjk/js/direct.js:306
[    5478ms] [LOG] [direct] deduped player to 1 @ chrome-extension://ihaelfjohnpciodjianpgchimpgifgjk/js/direct.js:324
[    5479ms] [LOG] [direct] Download button injected (player mini) @ chrome-extension://ihaelfjohnpciodjianpgchimpgifgjk/js/direct.js:306
[    5479ms] [LOG] [direct] deduped player to 1 @ chrome-extension://ihaelfjohnpciodjianpgchimpgifgjk/js/direct.js:324
[    5480ms] [LOG] [direct] Download button injected (player mini) @ chrome-extension://ihaelfjohnpciodjianpgchimpgifgjk/js/direct.js:306
[    5480ms] [LOG] [direct] deduped player to 1 @ chrome-extension://ihaelfjohnpciodjianpgchimpgifgjk/js/direct.js:324
[    5481ms] [LOG] [direct] Download button injected (player mini) @ chrome-extension://ihaelfjohnpciodjianpgchimpgifgjk/js/direct.js:306
[    5481ms] [LOG] [direct] deduped player to 1 @ chrome-extension://ihaelfjohnpciodjianpgchimpgifgjk/js/direct.js:324
[    5482ms] [LOG] [direct] Download button injected (player mini) @ chrome-extension://ihaelfjohnpciodjianpgchimpgifgjk/js/direct.js:306
[    5482ms] [LOG] [direct] deduped player to 1 @ chrome-extension://ihaelfjohnpciodjianpgchimpgifgjk/js/direct.js:324
[    5482ms] [LOG] [direct] Download button injected (player mini) @ chrome-extension://ihaelfjohnpciodjianpgchimpgifgjk/js/direct.js:306
[    5482ms] [LOG] [direct] deduped player to 1 @ chrome-extension://ihaelfjohnpciodjianpgchimpgifgjk/js/direct.js:324
[    5483ms] [LOG] [direct] Download button injected (player mini) @ chrome-extension://ihaelfjohnpciodjianpgchimpgifgjk/js/direct.js:306
[    5483ms] [LOG] [direct] deduped player to 1 @ chrome-extension://ihaelfjohnpciodjianpgchimpgifgjk/js/direct.js:324
[    5484ms] [LOG] [direct] Download button injected (player mini) @ chrome-extension://ihaelfjohnpciodjianpgchimpgifgjk/js/direct.js:306
[    5484ms] [LOG] [direct] deduped player to 1 @ chrome-extension://ihaelfjohnpciodjianpgchimpgifgjk/js/direct.js:324
[    5485ms] [LOG] [direct] Download button injected (player mini) @ chrome-extension://ihaelfjohnpciodjianpgchimpgifgjk/js/direct.js:306
[    5486ms] [LOG] [direct] deduped player to 1 @ chrome-extension://ihaelfjohnpciodjianpgchimpgifgjk/js/direct.js:324
[    5486ms] [LOG] [direct] Download button injected (player mini) @ chrome-extension://ihaelfjohnpciodjianpgchimpgifgjk/js/direct.js:306
[    5487ms] [LOG] [direct] deduped player to 1 @ chrome-extension://ihaelfjohnpciodjianpgchimpgifgjk/js/direct.js:324
[    5487ms] [LOG] [direct] Download button injected (player mini) @ chrome-extension://ihaelfjohnpciodjianpgchimpgifgjk/js/direct.js:306
[    5488ms] [LOG] [direct] deduped player to 1 @ chrome-extension://ihaelfjohnpciodjianpgchimpgifgjk/js/direct.js:324
[    5489ms] [LOG] [direct] Download button injected (player mini) @ chrome-extension://ihaelfjohnpciodjianpgchimpgifgjk/js/direct.js:306
[    5489ms] [LOG] [direct] deduped player to 1 @ chrome-extension://ihaelfjohnpciodjianpgchimpgifgjk/js/direct.js:324
[    5490ms] [LOG] [direct] Download button injected (player mini) @ chrome-extension://ihaelfjohnpciodjianpgchimpgifgjk/js/direct.js:306
[    5490ms] [LOG] [direct] deduped player to 1 @ chrome-extension://ihaelfjohnpciodjianpgchimpgifgjk/js/direct.js:324
[    5491ms] [LOG] [direct] Download button injected (player mini) @ chrome-extension://ihaelfjohnpciodjianpgchimpgifgjk/js/direct.js:306
[    5491ms] [LOG] [direct] deduped player to 1 @ chrome-extension://ihaelfjohnpciodjianpgchimpgifgjk/js/direct.js:324
[    5492ms] [LOG] [direct] Download button injected (player mini) @ chrome-extension://ihaelfjohnpciodjianpgchimpgifgjk/js/direct.js:306
[    5492ms] [LOG] [direct] deduped player to 1 @ chrome-extension://ihaelfjohnpciodjianpgchimpgifgjk/js/direct.js:324
[    5493ms] [LOG] [direct] Download button injected (player mini) @ chrome-extension://ihaelfjohnpciodjianpgchimpgifgjk/js/direct.js:306
[    5493ms] [LOG] [direct] deduped player to 1 @ chrome-extension://ihaelfjohnpciodjianpgchimpgifgjk/js/direct.js:324
[    5494ms] [LOG] [direct] Download button injected (player mini) @ chrome-extension://ihaelfjohnpciodjianpgchimpgifgjk/js/direct.js:306
[    5494ms] [LOG] [direct] deduped player to 1 @ chrome-extension://ihaelfjohnpciodjianpgchimpgifgjk/js/direct.js:324
[    5495ms] [LOG] [direct] Download button injected (player mini) @ chrome-extension://ihaelfjohnpciodjianpgchimpgifgjk/js/direct.js:306
[    5495ms] [LOG] [direct] deduped player to 1 @ chrome-extension://ihaelfjohnpciodjianpgchimpgifgjk/js/direct.js:324
[    5496ms] [LOG] [direct] Download button injected (player mini) @ chrome-extension://ihaelfjohnpciodjianpgchimpgifgjk/js/direct.js:306
[    5496ms] [LOG] [direct] deduped player to 1 @ chrome-extension://ihaelfjohnpciodjianpgchimpgifgjk/js/direct.js:324
[    5497ms] [LOG] [direct] Download button injected (player mini) @ chrome-extension://ihaelfjohnpciodjianpgchimpgifgjk/js/direct.js:306
[    5497ms] [LOG] [direct] deduped player to 1 @ chrome-extension://ihaelfjohnpciodjianpgchimpgifgjk/js/direct.js:324
[    5498ms] [LOG] [direct] Download button injected (player mini) @ chrome-extension://ihaelfjohnpciodjianpgchimpgifgjk/js/direct.js:306
[    5498ms] [LOG] [direct] deduped player to 1 @ chrome-extension://ihaelfjohnpciodjianpgchimpgifgjk/js/direct.js:324
[    5499ms] [LOG] [direct] Download button injected (player mini) @ chrome-extension://ihaelfjohnpciodjianpgchimpgifgjk/js/direct.js:306
[    5499ms] [LOG] [direct] deduped player to 1 @ chrome-extension://ihaelfjohnpciodjianpgchimpgifgjk/js/direct.js:324
[    5500ms] [LOG] [direct] Download button injected (player mini) @ chrome-extension://ihaelfjohnpciodjianpgchimpgifgjk/js/direct.js:306
[    5501ms] [LOG] [direct] deduped player to 1 @ chrome-extension://ihaelfjohnpciodjianpgchimpgifgjk/js/direct.js:324
[    5502ms] [LOG] [direct] Download button injected (player mini) @ chrome-extension://ihaelfjohnpciodjianpgchimpgifgjk/js/direct.js:306
[    5502ms] [LOG] [direct] deduped player to 1 @ chrome-extension://ihaelfjohnpciodjianpgchimpgifgjk/js/direct.js:324
[    5503ms] [LOG] [direct] Download button injected (player mini) @ chrome-extension://ihaelfjohnpciodjianpgchimpgifgjk/js/direct.js:306
[    5503ms] [LOG] [direct] deduped player to 1 @ chrome-extension://ihaelfjohnpciodjianpgchimpgifgjk/js/direct.js:324
[    5504ms] [LOG] [direct] Download button injected (player mini) @ chrome-extension://ihaelfjohnpciodjianpgchimpgifgjk/js/direct.js:306
[    5504ms] [LOG] [direct] deduped player to 1 @ chrome-extension://ihaelfjohnpciodjianpgchimpgifgjk/js/direct.js:324
[    5506ms] [LOG] [direct] Download button injected (player mini) @ chrome-extension://ihaelfjohnpciodjianpgchimpgifgjk/js/direct.js:306
[    5506ms] [LOG] [direct] deduped player to 1 @ chrome-extension://ihaelfjohnpciodjianpgchimpgifgjk/js/direct.js:324
[    5507ms] [LOG] [direct] Download button injected (player mini) @ chrome-extension://ihaelfjohnpciodjianpgchimpgifgjk/js/direct.js:306
[    5508ms] [LOG] [direct] deduped player to 1 @ chrome-extension://ihaelfjohnpciodjianpgchimpgifgjk/js/direct.js:324
[    5509ms] [LOG] [direct] Download button injected (player mini) @ chrome-extension://ihaelfjohnpciodjianpgchimpgifgjk/js/direct.js:306
[    5510ms] [LOG] [direct] deduped player to 1 @ chrome-extension://ihaelfjohnpciodjianpgchimpgifgjk/js/direct.js:324
[    5511ms] [LOG] [direct] Download button injected (player mini) @ chrome-extension://ihaelfjohnpciodjianpgchimpgifgjk/js/direct.js:306
[    5511ms] [LOG] [direct] deduped player to 1 @ chrome-extension://ihaelfjohnpciodjianpgchimpgifgjk/js/direct.js:324
[    5512ms] [LOG] [direct] Download button injected (player mini) @ chrome-extension://ihaelfjohnpciodjianpgchimpgifgjk/js/direct.js:306
[    5512ms] [LOG] [direct] deduped player to 1 @ chrome-extension://ihaelfjohnpciodjianpgchimpgifgjk/js/direct.js:324
[    5513ms] [LOG] [direct] Download button injected (player mini) @ chrome-extension://ihaelfjohnpciodjianpgchimpgifgjk/js/direct.js:306
[    5514ms] [LOG] [direct] deduped player to 1 @ chrome-extension://ihaelfjohnpciodjianpgchimpgifgjk/js/direct.js:324
[    5515ms] [LOG] [direct] Download button injected (player mini) @ chrome-extension://ihaelfjohnpciodjianpgchimpgifgjk/js/direct.js:306
[    5515ms] [LOG] [direct] deduped player to 1 @ chrome-extension://ihaelfjohnpciodjianpgchimpgifgjk/js/direct.js:324
[    5516ms] [LOG] [direct] Download button injected (player mini) @ chrome-extension://ihaelfjohnpciodjianpgchimpgifgjk/js/direct.js:306
[    5516ms] [LOG] [direct] deduped player to 1 @ chrome-extension://ihaelfjohnpciodjianpgchimpgifgjk/js/direct.js:324
[    5517ms] [LOG] [direct] Download button injected (player mini) @ chrome-extension://ihaelfjohnpciodjianpgchimpgifgjk/js/direct.js:306
[    5517ms] [LOG] [direct] deduped player to 1 @ chrome-extension://ihaelfjohnpciodjianpgchimpgifgjk/js/direct.js:324
[    5518ms] [LOG] [direct] Download button injected (player mini) @ chrome-extension://ihaelfjohnpciodjianpgchimpgifgjk/js/direct.js:306
[    5519ms] [LOG] [direct] deduped player to 1 @ chrome-extension://ihaelfjohnpciodjianpgchimpgifgjk/js/direct.js:324
[    5520ms] [LOG] [direct] Download button injected (player mini) @ chrome-extension://ihaelfjohnpciodjianpgchimpgifgjk/js/direct.js:306
[    5520ms] [LOG] [direct] deduped player to 1 @ chrome-extension://ihaelfjohnpciodjianpgchimpgifgjk/js/direct.js:324
[    5521ms] [LOG] [direct] Download button injected (player mini) @ chrome-extension://ihaelfjohnpciodjianpgchimpgifgjk/js/direct.js:306
[    5521ms] [LOG] [direct] deduped player to 1 @ chrome-extension://ihaelfjohnpciodjianpgchimpgifgjk/js/direct.js:324
[    5522ms] [LOG] [direct] Download button injected (player mini) @ chrome-extension://ihaelfjohnpciodjianpgchimpgifgjk/js/direct.js:306
[    5523ms] [LOG] [direct] deduped player to 1 @ chrome-extension://ihaelfjohnpciodjianpgchimpgifgjk/js/direct.js:324
[    5523ms] [LOG] [direct] Download button injected (player mini) @ chrome-extension://ihaelfjohnpciodjianpgchimpgifgjk/js/direct.js:306
[    5524ms] [LOG] [direct] deduped player to 1 @ chrome-extension://ihaelfjohnpciodjianpgchimpgifgjk/js/direct.js:324
[    5525ms] [LOG] [direct] Download button injected (player mini) @ chrome-extension://ihaelfjohnpciodjianpgchimpgifgjk/js/direct.js:306
[    5525ms] [LOG] [direct] deduped player to 1 @ chrome-extension://ihaelfjohnpciodjianpgchimpgifgjk/js/direct.js:324
[    5526ms] [LOG] [direct] Download button injected (player mini) @ chrome-extension://ihaelfjohnpciodjianpgchimpgifgjk/js/direct.js:306
[    5526ms] [LOG] [direct] deduped player to 1 @ chrome-extension://ihaelfjohnpciodjianpgchimpgifgjk/js/direct.js:324
[    5528ms] [LOG] [direct] Download button injected (player mini) @ chrome-extension://ihaelfjohnpciodjianpgchimpgifgjk/js/direct.js:306
[    5528ms] [LOG] [direct] deduped player to 1 @ chrome-extension://ihaelfjohnpciodjianpgchimpgifgjk/js/direct.js:324
[    5530ms] [LOG] [direct] Download button injected (player mini) @ chrome-extension://ihaelfjohnpciodjianpgchimpgifgjk/js/direct.js:306
[    5530ms] [LOG] [direct] deduped player to 1 @ chrome-extension://ihaelfjohnpciodjianpgchimpgifgjk/js/direct.js:324
[    5531ms] [LOG] [direct] Download button injected (player mini) @ chrome-extension://ihaelfjohnpciodjianpgchimpgifgjk/js/direct.js:306
[    5532ms] [LOG] [direct] deduped player to 1 @ chrome-extension://ihaelfjohnpciodjianpgchimpgifgjk/js/direct.js:324
[    5533ms] [LOG] [direct] Download button injected (player mini) @ chrome-extension://ihaelfjohnpciodjianpgchimpgifgjk/js/direct.js:306
[    5533ms] [LOG] [direct] deduped player to 1 @ chrome-extension://ihaelfjohnpciodjianpgchimpgifgjk/js/direct.js:324
[    5534ms] [LOG] [direct] Download button injected (player mini) @ chrome-extension://ihaelfjohnpciodjianpgchimpgifgjk/js/direct.js:306
[    5535ms] [LOG] [direct] deduped player to 1 @ chrome-extension://ihaelfjohnpciodjianpgchimpgifgjk/js/direct.js:324
[    5536ms] [LOG] [direct] Download button injected (player mini) @ chrome-extension://ihaelfjohnpciodjianpgchimpgifgjk/js/direct.js:306
[    5536ms] [LOG] [direct] deduped player to 1 @ chrome-extension://ihaelfjohnpciodjianpgchimpgifgjk/js/direct.js:324
[    5537ms] [LOG] [direct] Download button injected (player mini) @ chrome-extension://ihaelfjohnpciodjianpgchimpgifgjk/js/direct.js:306
[    5538ms] [LOG] [direct] deduped player to 1 @ chrome-extension://ihaelfjohnpciodjianpgchimpgifgjk/js/direct.js:324
[    5540ms] [LOG] [direct] Download button injected (player mini) @ chrome-extension://ihaelfjohnpciodjianpgchimpgifgjk/js/direct.js:306
[    5540ms] [LOG] [direct] deduped player to 1 @ chrome-extension://ihaelfjohnpciodjianpgchimpgifgjk/js/direct.js:324
[    5541ms] [LOG] [direct] Download button injected (player mini) @ chrome-extension://ihaelfjohnpciodjianpgchimpgifgjk/js/direct.js:306
[    5542ms] [LOG] [direct] deduped player to 1 @ chrome-extension://ihaelfjohnpciodjianpgchimpgifgjk/js/direct.js:324
[    5543ms] [LOG] [direct] Download button injected (player mini) @ chrome-extension://ihaelfjohnpciodjianpgchimpgifgjk/js/direct.js:306
[    5544ms] [LOG] [direct] deduped player to 1 @ chrome-extension://ihaelfjohnpciodjianpgchimpgifgjk/js/direct.js:324
[    5545ms] [LOG] [direct] Download button injected (player mini) @ chrome-extension://ihaelfjohnpciodjianpgchimpgifgjk/js/direct.js:306
[    5546ms] [LOG] [direct] deduped player to 1 @ chrome-extension://ihaelfjohnpciodjianpgchimpgifgjk/js/direct.js:324
[    5547ms] [LOG] [direct] Download button injected (player mini) @ chrome-extension://ihaelfjohnpciodjianpgchimpgifgjk/js/direct.js:306
[    5547ms] [LOG] [direct] deduped player to 1 @ chrome-extension://ihaelfjohnpciodjianpgchimpgifgjk/js/direct.js:324
[    5548ms] [LOG] [direct] Download button injected (player mini) @ chrome-extension://ihaelfjohnpciodjianpgchimpgifgjk/js/direct.js:306
[    5549ms] [LOG] [direct] deduped player to 1 @ chrome-extension://ihaelfjohnpciodjianpgchimpgifgjk/js/direct.js:324
[    5549ms] [LOG] [direct] Download button injected (player mini) @ chrome-extension://ihaelfjohnpciodjianpgchimpgifgjk/js/direct.js:306
[    5550ms] [LOG] [direct] deduped player to 1 @ chrome-extension://ihaelfjohnpciodjianpgchimpgifgjk/js/direct.js:324
[    5551ms] [LOG] [direct] Download button injected (player mini) @ chrome-extension://ihaelfjohnpciodjianpgchimpgifgjk/js/direct.js:306
[    5551ms] [LOG] [direct] deduped player to 1 @ chrome-extension://ihaelfjohnpciodjianpgchimpgifgjk/js/direct.js:324
[    5552ms] [LOG] [direct] Download button injected (player mini) @ chrome-extension://ihaelfjohnpciodjianpgchimpgifgjk/js/direct.js:306
[    5553ms] [LOG] [direct] deduped player to 1 @ chrome-extension://ihaelfjohnpciodjianpgchimpgifgjk/js/direct.js:324
[    5554ms] [LOG] [direct] Download button injected (player mini) @ chrome-extension://ihaelfjohnpciodjianpgchimpgifgjk/js/direct.js:306
[    5554ms] [LOG] [direct] deduped player to 1 @ chrome-extension://ihaelfjohnpciodjianpgchimpgifgjk/js/direct.js:324
[    5556ms] [LOG] [direct] Download button injected (player mini) @ chrome-extension://ihaelfjohnpciodjianpgchimpgifgjk/js/direct.js:306
[    5556ms] [LOG] [direct] deduped player to 1 @ chrome-extension://ihaelfjohnpciodjianpgchimpgifgjk/js/direct.js:324
[    5557ms] [LOG] [direct] Download button injected (player mini) @ chrome-extension://ihaelfjohnpciodjianpgchimpgifgjk/js/direct.js:306
[    5558ms] [LOG] [direct] deduped player to 1 @ chrome-extension://ihaelfjohnpciodjianpgchimpgifgjk/js/direct.js:324
[    5559ms] [LOG] [direct] Download button injected (player mini) @ chrome-extension://ihaelfjohnpciodjianpgchimpgifgjk/js/direct.js:306
[    5559ms] [LOG] [direct] deduped player to 1 @ chrome-extension://ihaelfjohnpciodjianpgchimpgifgjk/js/direct.js:324
[    5561ms] [LOG] [direct] Download button injected (player mini) @ chrome-extension://ihaelfjohnpciodjianpgchimpgifgjk/js/direct.js:306
[    5561ms] [LOG] [direct] deduped player to 1 @ chrome-extension://ihaelfjohnpciodjianpgchimpgifgjk/js/direct.js:324
[    5562ms] [LOG] [direct] Download button injected (player mini) @ chrome-extension://ihaelfjohnpciodjianpgchimpgifgjk/js/direct.js:306
[    5563ms] [LOG] [direct] deduped player to 1 @ chrome-extension://ihaelfjohnpciodjianpgchimpgifgjk/js/direct.js:324
[    5564ms] [LOG] [direct] Download button injected (player mini) @ chrome-extension://ihaelfjohnpciodjianpgchimpgifgjk/js/direct.js:306
[    5564ms] [LOG] [direct] deduped player to 1 @ chrome-extension://ihaelfjohnpciodjianpgchimpgifgjk/js/direct.js:324
[    5565ms] [LOG] [direct] Download button injected (player mini) @ chrome-extension://ihaelfjohnpciodjianpgchimpgifgjk/js/direct.js:306
[    5566ms] [LOG] [direct] deduped player to 1 @ chrome-extension://ihaelfjohnpciodjianpgchimpgifgjk/js/direct.js:324
[    5567ms] [LOG] [direct] Download button injected (player mini) @ chrome-extension://ihaelfjohnpciodjianpgchimpgifgjk/js/direct.js:306
[    5567ms] [LOG] [direct] deduped player to 1 @ chrome-extension://ihaelfjohnpciodjianpgchimpgifgjk/js/direct.js:324
[    5568ms] [LOG] [direct] Download button injected (player mini) @ chrome-extension://ihaelfjohnpciodjianpgchimpgifgjk/js/direct.js:306
[    5569ms] [LOG] [direct] deduped player to 1 @ chrome-extension://ihaelfjohnpciodjianpgchimpgifgjk/js/direct.js:324
[    5570ms] [LOG] [direct] Download button injected (player mini) @ chrome-extension://ihaelfjohnpciodjianpgchimpgifgjk/js/direct.js:306
[    5571ms] [LOG] [direct] deduped player to 1 @ chrome-extension://ihaelfjohnpciodjianpgchimpgifgjk/js/direct.js:324
[    5572ms] [LOG] [direct] Download button injected (player mini) @ chrome-extension://ihaelfjohnpciodjianpgchimpgifgjk/js/direct.js:306
[    5572ms] [LOG] [direct] deduped player to 1 @ chrome-extension://ihaelfjohnpciodjianpgchimpgifgjk/js/direct.js:324
[    5573ms] [LOG] [direct] Download button injected (player mini) @ chrome-extension://ihaelfjohnpciodjianpgchimpgifgjk/js/direct.js:306
[    5574ms] [LOG] [direct] deduped player to 1 @ chrome-extension://ihaelfjohnpciodjianpgchimpgifgjk/js/direct.js:324
[    5575ms] [LOG] [direct] Download button injected (player mini) @ chrome-extension://ihaelfjohnpciodjianpgchimpgifgjk/js/direct.js:306
[    5575ms] [LOG] [direct] deduped player to 1 @ chrome-extension://ihaelfjohnpciodjianpgchimpgifgjk/js/direct.js:324
[    5577ms] [LOG] [direct] Download button injected (player mini) @ chrome-extension://ihaelfjohnpciodjianpgchimpgifgjk/js/direct.js:306
[    5577ms] [LOG] [direct] deduped player to 1 @ chrome-extension://ihaelfjohnpciodjianpgchimpgifgjk/js/direct.js:324
[    5578ms] [LOG] [direct] Download button injected (player mini) @ chrome-extension://ihaelfjohnpciodjianpgchimpgifgjk/js/direct.js:306
[    5578ms] [LOG] [direct] deduped player to 1 @ chrome-extension://ihaelfjohnpciodjianpgchimpgifgjk/js/direct.js:324
[    5579ms] [LOG] [direct] Download button injected (player mini) @ chrome-extension://ihaelfjohnpciodjianpgchimpgifgjk/js/direct.js:306
[    5580ms] [LOG] [direct] deduped player to 1 @ chrome-extension://ihaelfjohnpciodjianpgchimpgifgjk/js/direct.js:324
[    5581ms] [LOG] [direct] Download button injected (player mini) @ chrome-extension://ihaelfjohnpciodjianpgchimpgifgjk/js/direct.js:306
[    5581ms] [LOG] [direct] deduped player to 1 @ chrome-extension://ihaelfjohnpciodjianpgchimpgifgjk/js/direct.js:324
[    5582ms] [LOG] [direct] Download button injected (player mini) @ chrome-extension://ihaelfjohnpciodjianpgchimpgifgjk/js/direct.js:306
[    5583ms] [LOG] [direct] deduped player to 1 @ chrome-extension://ihaelfjohnpciodjianpgchimpgifgjk/js/direct.js:324
[    5584ms] [LOG] [direct] Download button injected (player mini) @ chrome-extension://ihaelfjohnpciodjianpgchimpgifgjk/js/direct.js:306
[    5585ms] [LOG] [direct] deduped player to 1 @ chrome-extension://ihaelfjohnpciodjianpgchimpgifgjk/js/direct.js:324
[    5586ms] [LOG] [direct] Download button injected (player mini) @ chrome-extension://ihaelfjohnpciodjianpgchimpgifgjk/js/direct.js:306
[    5586ms] [LOG] [direct] deduped player to 1 @ chrome-extension://ihaelfjohnpciodjianpgchimpgifgjk/js/direct.js:324
[    5588ms] [LOG] [direct] Download button injected (player mini) @ chrome-extension://ihaelfjohnpciodjianpgchimpgifgjk/js/direct.js:306
[    5588ms] [LOG] [direct] deduped player to 1 @ chrome-extension://ihaelfjohnpciodjianpgchimpgifgjk/js/direct.js:324
[    5589ms] [LOG] [direct] Download button injected (player mini) @ chrome-extension://ihaelfjohnpciodjianpgchimpgifgjk/js/direct.js:306
[    5590ms] [LOG] [direct] deduped player to 1 @ chrome-extension://ihaelfjohnpciodjianpgchimpgifgjk/js/direct.js:324
[    5591ms] [LOG] [direct] Download button injected (player mini) @ chrome-extension://ihaelfjohnpciodjianpgchimpgifgjk/js/direct.js:306
[    5592ms] [LOG] [direct] deduped player to 1 @ chrome-extension://ihaelfjohnpciodjianpgchimpgifgjk/js/direct.js:324
[    5593ms] [LOG] [direct] Download button injected (player mini) @ chrome-extension://ihaelfjohnpciodjianpgchimpgifgjk/js/direct.js:306
[    5594ms] [LOG] [direct] deduped player to 1 @ chrome-extension://ihaelfjohnpciodjianpgchimpgifgjk/js/direct.js:324
[    5594ms] [LOG] [direct] Download button injected (player mini) @ chrome-extension://ihaelfjohnpciodjianpgchimpgifgjk/js/direct.js:306
[    5595ms] [LOG] [direct] deduped player to 1 @ chrome-extension://ihaelfjohnpciodjianpgchimpgifgjk/js/direct.js:324
[    5595ms] [LOG] [direct] Download button injected (player mini) @ chrome-extension://ihaelfjohnpciodjianpgchimpgifgjk/js/direct.js:306
[    5596ms] [LOG] [direct] deduped player to 1 @ chrome-extension://ihaelfjohnpciodjianpgchimpgifgjk/js/direct.js:324
[    5597ms] [LOG] [direct] Download button injected (player mini) @ chrome-extension://ihaelfjohnpciodjianpgchimpgifgjk/js/direct.js:306
[    5597ms] [LOG] [direct] deduped player to 1 @ chrome-extension://ihaelfjohnpciodjianpgchimpgifgjk/js/direct.js:324
[    5598ms] [LOG] [direct] Download button injected (player mini) @ chrome-extension://ihaelfjohnpciodjianpgchimpgifgjk/js/direct.js:306
[    5599ms] [LOG] [direct] deduped player to 1 @ chrome-extension://ihaelfjohnpciodjianpgchimpgifgjk/js/direct.js:324
[    5600ms] [LOG] [direct] Download button injected (player mini) @ chrome-extension://ihaelfjohnpciodjianpgchimpgifgjk/js/direct.js:306
[    5600ms] [LOG] [direct] deduped player to 1 @ chrome-extension://ihaelfjohnpciodjianpgchimpgifgjk/js/direct.js:324
[    5602ms] [LOG] [direct] Download button injected (player mini) @ chrome-extension://ihaelfjohnpciodjianpgchimpgifgjk/js/direct.js:306
[    5602ms] [LOG] [direct] deduped player to 1 @ chrome-extension://ihaelfjohnpciodjianpgchimpgifgjk/js/direct.js:324
[    5603ms] [LOG] [direct] Download button injected (player mini) @ chrome-extension://ihaelfjohnpciodjianpgchimpgifgjk/js/direct.js:306
[    5604ms] [LOG] [direct] deduped player to 1 @ chrome-extension://ihaelfjohnpciodjianpgchimpgifgjk/js/direct.js:324
[    5605ms] [LOG] [direct] Download button injected (player mini) @ chrome-extension://ihaelfjohnpciodjianpgchimpgifgjk/js/direct.js:306
[    5605ms] [LOG] [direct] deduped player to 1 @ chrome-extension://ihaelfjohnpciodjianpgchimpgifgjk/js/direct.js:324
[    5606ms] [LOG] [direct] Download button injected (player mini) @ chrome-extension://ihaelfjohnpciodjianpgchimpgifgjk/js/direct.js:306
[    5606ms] [LOG] [direct] deduped player to 1 @ chrome-extension://ihaelfjohnpciodjianpgchimpgifgjk/js/direct.js:324
[    5607ms] [LOG] [direct] Download button injected (player mini) @ chrome-extension://ihaelfjohnpciodjianpgchimpgifgjk/js/direct.js:306
[    5607ms] [LOG] [direct] deduped player to 1 @ chrome-extension://ihaelfjohnpciodjianpgchimpgifgjk/js/direct.js:324
[    5609ms] [LOG] [direct] Download button injected (player mini) @ chrome-extension://ihaelfjohnpciodjianpgchimpgifgjk/js/direct.js:306
[    5609ms] [LOG] [direct] deduped player to 1 @ chrome-extension://ihaelfjohnpciodjianpgchimpgifgjk/js/direct.js:324
[    5610ms] [LOG] [direct] Download button injected (player mini) @ chrome-extension://ihaelfjohnpciodjianpgchimpgifgjk/js/direct.js:306
[    5611ms] [LOG] [direct] deduped player to 1 @ chrome-extension://ihaelfjohnpciodjianpgchimpgifgjk/js/direct.js:324
[    5611ms] [LOG] [direct] Download button injected (player mini) @ chrome-extension://ihaelfjohnpciodjianpgchimpgifgjk/js/direct.js:306
[    5612ms] [LOG] [direct] deduped player to 1 @ chrome-extension://ihaelfjohnpciodjianpgchimpgifgjk/js/direct.js:324
[    5612ms] [LOG] [direct] Download button injected (player mini) @ chrome-extension://ihaelfjohnpciodjianpgchimpgifgjk/js/direct.js:306
[    5613ms] [LOG] [direct] deduped player to 1 @ chrome-extension://ihaelfjohnpciodjianpgchimpgifgjk/js/direct.js:324
[    5613ms] [LOG] [direct] Download button injected (player mini) @ chrome-extension://ihaelfjohnpciodjianpgchimpgifgjk/js/direct.js:306
[    5614ms] [LOG] [direct] deduped player to 1 @ chrome-extension://ihaelfjohnpciodjianpgchimpgifgjk/js/direct.js:324
[    5615ms] [LOG] [direct] Download button injected (player mini) @ chrome-extension://ihaelfjohnpciodjianpgchimpgifgjk/js/direct.js:306
[    5615ms] [LOG] [direct] deduped player to 1 @ chrome-extension://ihaelfjohnpciodjianpgchimpgifgjk/js/direct.js:324
[    5616ms] [LOG] [direct] Download button injected (player mini) @ chrome-extension://ihaelfjohnpciodjianpgchimpgifgjk/js/direct.js:306
[    5616ms] [LOG] [direct] deduped player to 1 @ chrome-extension://ihaelfjohnpciodjianpgchimpgifgjk/js/direct.js:324
[    5617ms] [LOG] [direct] Download button injected (player mini) @ chrome-extension://ihaelfjohnpciodjianpgchimpgifgjk/js/direct.js:306
[    5618ms] [LOG] [direct] deduped player to 1 @ chrome-extension://ihaelfjohnpciodjianpgchimpgifgjk/js/direct.js:324
[    5619ms] [LOG] [direct] Download button injected (player mini) @ chrome-extension://ihaelfjohnpciodjianpgchimpgifgjk/js/direct.js:306
[    5619ms] [LOG] [direct] deduped player to 1 @ chrome-extension://ihaelfjohnpciodjianpgchimpgifgjk/js/direct.js:324
[    5620ms] [LOG] [direct] Download button injected (player mini) @ chrome-extension://ihaelfjohnpciodjianpgchimpgifgjk/js/direct.js:306
[    5620ms] [LOG] [direct] deduped player to 1 @ chrome-extension://ihaelfjohnpciodjianpgchimpgifgjk/js/direct.js:324
[    5623ms] [LOG] [direct] Download button injected (player mini) @ chrome-extension://ihaelfjohnpciodjianpgchimpgifgjk/js/direct.js:306
[    5623ms] [LOG] [direct] deduped player to 1 @ chrome-extension://ihaelfjohnpciodjianpgchimpgifgjk/js/direct.js:324
[    5624ms] [LOG] [direct] Download button injected (player mini) @ chrome-extension://ihaelfjohnpciodjianpgchimpgifgjk/js/direct.js:306
[    5624ms] [LOG] [direct] deduped player to 1 @ chrome-extension://ihaelfjohnpciodjianpgchimpgifgjk/js/direct.js:324
[    5625ms] [LOG] [direct] Download button injected (player mini) @ chrome-extension://ihaelfjohnpciodjianpgchimpgifgjk/js/direct.js:306
[    5626ms] [LOG] [direct] deduped player to 1 @ chrome-extension://ihaelfjohnpciodjianpgchimpgifgjk/js/direct.js:324
[    5626ms] [LOG] [direct] Download button injected (player mini) @ chrome-extension://ihaelfjohnpciodjianpgchimpgifgjk/js/direct.js:306
[    5627ms] [LOG] [direct] deduped player to 1 @ chrome-extension://ihaelfjohnpciodjianpgchimpgifgjk/js/direct.js:324
[    5628ms] [LOG] [direct] Download button injected (player mini) @ chrome-extension://ihaelfjohnpciodjianpgchimpgifgjk/js/direct.js:306
[    5628ms] [LOG] [direct] deduped player to 1 @ chrome-extension://ihaelfjohnpciodjianpgchimpgifgjk/js/direct.js:324
[    5629ms] [LOG] [direct] Download button injected (player mini) @ chrome-extension://ihaelfjohnpciodjianpgchimpgifgjk/js/direct.js:306
[    5629ms] [LOG] [direct] deduped player to 1 @ chrome-extension://ihaelfjohnpciodjianpgchimpgifgjk/js/direct.js:324
[    5630ms] [LOG] [direct] Download button injected (player mini) @ chrome-extension://ihaelfjohnpciodjianpgchimpgifgjk/js/direct.js:306
[    5630ms] [LOG] [direct] deduped player to 1 @ chrome-extension://ihaelfjohnpciodjianpgchimpgifgjk/js/direct.js:324
[    5631ms] [LOG] [direct] Download button injected (player mini) @ chrome-extension://ihaelfjohnpciodjianpgchimpgifgjk/js/direct.js:306
[    5631ms] [LOG] [direct] deduped player to 1 @ chrome-extension://ihaelfjohnpciodjianpgchimpgifgjk/js/direct.js:324
[    5632ms] [LOG] [direct] Download button injected (player mini) @ chrome-extension://ihaelfjohnpciodjianpgchimpgifgjk/js/direct.js:306
[    5633ms] [LOG] [direct] deduped player to 1 @ chrome-extension://ihaelfjohnpciodjianpgchimpgifgjk/js/direct.js:324
[    5634ms] [LOG] [direct] Download button injected (player mini) @ chrome-extension://ihaelfjohnpciodjianpgchimpgifgjk/js/direct.js:306
[    5634ms] [LOG] [direct] deduped player to 1 @ chrome-extension://ihaelfjohnpciodjianpgchimpgifgjk/js/direct.js:324
[    5635ms] [LOG] [direct] Download button injected (player mini) @ chrome-extension://ihaelfjohnpciodjianpgchimpgifgjk/js/direct.js:306
[    5635ms] [LOG] [direct] deduped player to 1 @ chrome-extension://ihaelfjohnpciodjianpgchimpgifgjk/js/direct.js:324
[    5636ms] [LOG] [direct] Download button injected (player mini) @ chrome-extension://ihaelfjohnpciodjianpgchimpgifgjk/js/direct.js:306
[    5636ms] [LOG] [direct] deduped player to 1 @ chrome-extension://ihaelfjohnpciodjianpgchimpgifgjk/js/direct.js:324
[    5637ms] [LOG] [direct] Download button injected (player mini) @ chrome-extension://ihaelfjohnpciodjianpgchimpgifgjk/js/direct.js:306
[    5637ms] [LOG] [direct] deduped player to 1 @ chrome-extension://ihaelfjohnpciodjianpgchimpgifgjk/js/direct.js:324
[    5638ms] [LOG] [direct] Download button injected (player mini) @ chrome-extension://ihaelfjohnpciodjianpgchimpgifgjk/js/direct.js:306
[    5638ms] [LOG] [direct] deduped player to 1 @ chrome-extension://ihaelfjohnpciodjianpgchimpgifgjk/js/direct.js:324
[    5639ms] [LOG] [direct] Download button injected (player mini) @ chrome-extension://ihaelfjohnpciodjianpgchimpgifgjk/js/direct.js:306
[    5639ms] [LOG] [direct] deduped player to 1 @ chrome-extension://ihaelfjohnpciodjianpgchimpgifgjk/js/direct.js:324
[    5640ms] [LOG] [direct] Download button injected (player mini) @ chrome-extension://ihaelfjohnpciodjianpgchimpgifgjk/js/direct.js:306
[    5640ms] [LOG] [direct] deduped player to 1 @ chrome-extension://ihaelfjohnpciodjianpgchimpgifgjk/js/direct.js:324
[    5641ms] [LOG] [direct] Download button injected (player mini) @ chrome-extension://ihaelfjohnpciodjianpgchimpgifgjk/js/direct.js:306
[    5642ms] [LOG] [direct] deduped player to 1 @ chrome-extension://ihaelfjohnpciodjianpgchimpgifgjk/js/direct.js:324
[    5643ms] [LOG] [direct] Download button injected (player mini) @ chrome-extension://ihaelfjohnpciodjianpgchimpgifgjk/js/direct.js:306
[    5643ms] [LOG] [direct] deduped player to 1 @ chrome-extension://ihaelfjohnpciodjianpgchimpgifgjk/js/direct.js:324
[    5644ms] [LOG] [direct] Download button injected (player mini) @ chrome-extension://ihaelfjohnpciodjianpgchimpgifgjk/js/direct.js:306
[    5644ms] [LOG] [direct] deduped player to 1 @ chrome-extension://ihaelfjohnpciodjianpgchimpgifgjk/js/direct.js:324
[    5645ms] [LOG] [direct] Download button injected (player mini) @ chrome-extension://ihaelfjohnpciodjianpgchimpgifgjk/js/direct.js:306
[    5645ms] [LOG] [direct] deduped player to 1 @ chrome-extension://ihaelfjohnpciodjianpgchimpgifgjk/js/direct.js:324
[    5646ms] [LOG] [direct] Download button injected (player mini) @ chrome-extension://ihaelfjohnpciodjianpgchimpgifgjk/js/direct.js:306
[    5646ms] [LOG] [direct] deduped player to 1 @ chrome-extension://ihaelfjohnpciodjianpgchimpgifgjk/js/direct.js:324
[    5647ms] [LOG] [direct] Download button injected (player mini) @ chrome-extension://ihaelfjohnpciodjianpgchimpgifgjk/js/direct.js:306
[    5648ms] [LOG] [direct] deduped player to 1 @ chrome-extension://ihaelfjohnpciodjianpgchimpgifgjk/js/direct.js:324
[    5649ms] [LOG] [direct] Download button injected (player mini) @ chrome-extension://ihaelfjohnpciodjianpgchimpgifgjk/js/direct.js:306
[    5649ms] [LOG] [direct] deduped player to 1 @ chrome-extension://ihaelfjohnpciodjianpgchimpgifgjk/js/direct.js:324
[    5650ms] [LOG] [direct] Download button injected (player mini) @ chrome-extension://ihaelfjohnpciodjianpgchimpgifgjk/js/direct.js:306
[    5650ms] [LOG] [direct] deduped player to 1 @ chrome-extension://ihaelfjohnpciodjianpgchimpgifgjk/js/direct.js:324
[    5651ms] [LOG] [direct] Download button injected (player mini) @ chrome-extension://ihaelfjohnpciodjianpgchimpgifgjk/js/direct.js:306
[    5652ms] [LOG] [direct] deduped player to 1 @ chrome-extension://ihaelfjohnpciodjianpgchimpgifgjk/js/direct.js:324
[    5653ms] [LOG] [direct] Download button injected (player mini) @ chrome-extension://ihaelfjohnpciodjianpgchimpgifgjk/js/direct.js:306
[    5653ms] [LOG] [direct] deduped player to 1 @ chrome-extension://ihaelfjohnpciodjianpgchimpgifgjk/js/direct.js:324
[    5654ms] [LOG] [direct] Download button injected (player mini) @ chrome-extension://ihaelfjohnpciodjianpgchimpgifgjk/js/direct.js:306
[    5654ms] [LOG] [direct] deduped player to 1 @ chrome-extension://ihaelfjohnpciodjianpgchimpgifgjk/js/direct.js:324
[    5655ms] [LOG] [direct] Download button injected (player mini) @ chrome-extension://ihaelfjohnpciodjianpgchimpgifgjk/js/direct.js:306
[    5656ms] [LOG] [direct] deduped player to 1 @ chrome-extension://ihaelfjohnpciodjianpgchimpgifgjk/js/direct.js:324
[    5656ms] [LOG] [direct] Download button injected (player mini) @ chrome-extension://ihaelfjohnpciodjianpgchimpgifgjk/js/direct.js:306
[    5657ms] [LOG] [direct] deduped player to 1 @ chrome-extension://ihaelfjohnpciodjianpgchimpgifgjk/js/direct.js:324
[    5658ms] [LOG] [direct] Download button injected (player mini) @ chrome-extension://ihaelfjohnpciodjianpgchimpgifgjk/js/direct.js:306
[    5659ms] [LOG] [direct] deduped player to 1 @ chrome-extension://ihaelfjohnpciodjianpgchimpgifgjk/js/direct.js:324
[    5660ms] [LOG] [direct] Download button injected (player mini) @ chrome-extension://ihaelfjohnpciodjianpgchimpgifgjk/js/direct.js:306
[    5661ms] [LOG] [direct] deduped player to 1 @ chrome-extension://ihaelfjohnpciodjianpgchimpgifgjk/js/direct.js:324
[    5662ms] [LOG] [direct] Download button injected (player mini) @ chrome-extension://ihaelfjohnpciodjianpgchimpgifgjk/js/direct.js:306
[    5662ms] [LOG] [direct] deduped player to 1 @ chrome-extension://ihaelfjohnpciodjianpgchimpgifgjk/js/direct.js:324
[    5664ms] [LOG] [direct] Download button injected (player mini) @ chrome-extension://ihaelfjohnpciodjianpgchimpgifgjk/js/direct.js:306
[    5664ms] [LOG] [direct] deduped player to 1 @ chrome-extension://ihaelfjohnpciodjianpgchimpgifgjk/js/direct.js:324
[    5665ms] [LOG] [direct] Download button injected (player mini) @ chrome-extension://ihaelfjohnpciodjianpgchimpgifgjk/js/direct.js:306
[    5665ms] [LOG] [direct] deduped player to 1 @ chrome-extension://ihaelfjohnpciodjianpgchimpgifgjk/js/direct.js:324
[    5666ms] [LOG] [direct] Download button injected (player mini) @ chrome-extension://ihaelfjohnpciodjianpgchimpgifgjk/js/direct.js:306
[    5667ms] [LOG] [direct] deduped player to 1 @ chrome-extension://ihaelfjohnpciodjianpgchimpgifgjk/js/direct.js:324
[    5668ms] [LOG] [direct] Download button injected (player mini) @ chrome-extension://ihaelfjohnpciodjianpgchimpgifgjk/js/direct.js:306
[    5668ms] [LOG] [direct] deduped player to 1 @ chrome-extension://ihaelfjohnpciodjianpgchimpgifgjk/js/direct.js:324
[    5670ms] [LOG] [direct] Download button injected (player mini) @ chrome-extension://ihaelfjohnpciodjianpgchimpgifgjk/js/direct.js:306
[    5670ms] [LOG] [direct] deduped player to 1 @ chrome-extension://ihaelfjohnpciodjianpgchimpgifgjk/js/direct.js:324
[    5671ms] [LOG] [direct] Download button injected (player mini) @ chrome-extension://ihaelfjohnpciodjianpgchimpgifgjk/js/direct.js:306
[    5671ms] [LOG] [direct] deduped player to 1 @ chrome-extension://ihaelfjohnpciodjianpgchimpgifgjk/js/direct.js:324
[    5672ms] [LOG] [direct] Download button injected (player mini) @ chrome-extension://ihaelfjohnpciodjianpgchimpgifgjk/js/direct.js:306
[    5673ms] [LOG] [direct] deduped player to 1 @ chrome-extension://ihaelfjohnpciodjianpgchimpgifgjk/js/direct.js:324
[    5674ms] [LOG] [direct] Download button injected (player mini) @ chrome-extension://ihaelfjohnpciodjianpgchimpgifgjk/js/direct.js:306
[    5674ms] [LOG] [direct] deduped player to 1 @ chrome-extension://ihaelfjohnpciodjianpgchimpgifgjk/js/direct.js:324
[    5676ms] [LOG] [direct] Download button injected (player mini) @ chrome-extension://ihaelfjohnpciodjianpgchimpgifgjk/js/direct.js:306
[    5676ms] [LOG] [direct] deduped player to 1 @ chrome-extension://ihaelfjohnpciodjianpgchimpgifgjk/js/direct.js:324
[    5678ms] [LOG] [direct] Download button injected (player mini) @ chrome-extension://ihaelfjohnpciodjianpgchimpgifgjk/js/direct.js:306
[    5678ms] [LOG] [direct] deduped player to 1 @ chrome-extension://ihaelfjohnpciodjianpgchimpgifgjk/js/direct.js:324
[    5679ms] [LOG] [direct] Download button injected (player mini) @ chrome-extension://ihaelfjohnpciodjianpgchimpgifgjk/js/direct.js:306
[    5679ms] [LOG] [direct] deduped player to 1 @ chrome-extension://ihaelfjohnpciodjianpgchimpgifgjk/js/direct.js:324
[    5680ms] [LOG] [direct] Download button injected (player mini) @ chrome-extension://ihaelfjohnpciodjianpgchimpgifgjk/js/direct.js:306
[    5681ms] [LOG] [direct] deduped player to 1 @ chrome-extension://ihaelfjohnpciodjianpgchimpgifgjk/js/direct.js:324
[    5682ms] [LOG] [direct] Download button injected (player mini) @ chrome-extension://ihaelfjohnpciodjianpgchimpgifgjk/js/direct.js:306
[    5682ms] [LOG] [direct] deduped player to 1 @ chrome-extension://ihaelfjohnpciodjianpgchimpgifgjk/js/direct.js:324
[    5683ms] [LOG] [direct] Download button injected (player mini) @ chrome-extension://ihaelfjohnpciodjianpgchimpgifgjk/js/direct.js:306
[    5684ms] [LOG] [direct] deduped player to 1 @ chrome-extension://ihaelfjohnpciodjianpgchimpgifgjk/js/direct.js:324
[    5685ms] [LOG] [direct] Download button injected (player mini) @ chrome-extension://ihaelfjohnpciodjianpgchimpgifgjk/js/direct.js:306
[    5685ms] [LOG] [direct] deduped player to 1 @ chrome-extension://ihaelfjohnpciodjianpgchimpgifgjk/js/direct.js:324
[    5686ms] [LOG] [direct] Download button injected (player mini) @ chrome-extension://ihaelfjohnpciodjianpgchimpgifgjk/js/direct.js:306
[    5686ms] [LOG] [direct] deduped player to 1 @ chrome-extension://ihaelfjohnpciodjianpgchimpgifgjk/js/direct.js:324
[    5687ms] [LOG] [direct] Download button injected (player mini) @ chrome-extension://ihaelfjohnpciodjianpgchimpgifgjk/js/direct.js:306
[    5687ms] [LOG] [direct] deduped player to 1 @ chrome-extension://ihaelfjohnpciodjianpgchimpgifgjk/js/direct.js:324
[    5688ms] [LOG] [direct] Download button injected (player mini) @ chrome-extension://ihaelfjohnpciodjianpgchimpgifgjk/js/direct.js:306
[    5689ms] [LOG] [direct] deduped player to 1 @ chrome-extension://ihaelfjohnpciodjianpgchimpgifgjk/js/direct.js:324
[    5689ms] [LOG] [direct] Download button injected (player mini) @ chrome-extension://ihaelfjohnpciodjianpgchimpgifgjk/js/direct.js:306
[    5690ms] [LOG] [direct] deduped player to 1 @ chrome-extension://ihaelfjohnpciodjianpgchimpgifgjk/js/direct.js:324
[    5691ms] [LOG] [direct] Download button injected (player mini) @ chrome-extension://ihaelfjohnpciodjianpgchimpgifgjk/js/direct.js:306
[    5691ms] [LOG] [direct] deduped player to 1 @ chrome-extension://ihaelfjohnpciodjianpgchimpgifgjk/js/direct.js:324
[    5692ms] [LOG] [direct] Download button injected (player mini) @ chrome-extension://ihaelfjohnpciodjianpgchimpgifgjk/js/direct.js:306
[    5693ms] [LOG] [direct] deduped player to 1 @ chrome-extension://ihaelfjohnpciodjianpgchimpgifgjk/js/direct.js:324
[    5694ms] [LOG] [direct] Download button injected (player mini) @ chrome-extension://ihaelfjohnpciodjianpgchimpgifgjk/js/direct.js:306
[    5694ms] [LOG] [direct] deduped player to 1 @ chrome-extension://ihaelfjohnpciodjianpgchimpgifgjk/js/direct.js:324
[    5695ms] [LOG] [direct] Download button injected (player mini) @ chrome-extension://ihaelfjohnpciodjianpgchimpgifgjk/js/direct.js:306
[    5695ms] [LOG] [direct] deduped player to 1 @ chrome-extension://ihaelfjohnpciodjianpgchimpgifgjk/js/direct.js:324
[    5696ms] [LOG] [direct] Download button injected (player mini) @ chrome-extension://ihaelfjohnpciodjianpgchimpgifgjk/js/direct.js:306
[    5696ms] [LOG] [direct] deduped player to 1 @ chrome-extension://ihaelfjohnpciodjianpgchimpgifgjk/js/direct.js:324
[    5697ms] [LOG] [direct] Download button injected (player mini) @ chrome-extension://ihaelfjohnpciodjianpgchimpgifgjk/js/direct.js:306
[    5697ms] [LOG] [direct] deduped player to 1 @ chrome-extension://ihaelfjohnpciodjianpgchimpgifgjk/js/direct.js:324
[    5698ms] [LOG] [direct] Download button injected (player mini) @ chrome-extension://ihaelfjohnpciodjianpgchimpgifgjk/js/direct.js:306
[    5698ms] [LOG] [direct] deduped player to 1 @ chrome-extension://ihaelfjohnpciodjianpgchimpgifgjk/js/direct.js:324
[    5699ms] [LOG] [direct] Download button injected (player mini) @ chrome-extension://ihaelfjohnpciodjianpgchimpgifgjk/js/direct.js:306
[    5699ms] [LOG] [direct] deduped player to 1 @ chrome-extension://ihaelfjohnpciodjianpgchimpgifgjk/js/direct.js:324
[    5700ms] [LOG] [direct] Download button injected (player mini) @ chrome-extension://ihaelfjohnpciodjianpgchimpgifgjk/js/direct.js:306
[    5700ms] [LOG] [direct] deduped player to 1 @ chrome-extension://ihaelfjohnpciodjianpgchimpgifgjk/js/direct.js:324
[    5701ms] [LOG] [direct] Download button injected (player mini) @ chrome-extension://ihaelfjohnpciodjianpgchimpgifgjk/js/direct.js:306
[    5701ms] [LOG] [direct] deduped player to 1 @ chrome-extension://ihaelfjohnpciodjianpgchimpgifgjk/js/direct.js:324
[    5702ms] [LOG] [direct] Download button injected (player mini) @ chrome-extension://ihaelfjohnpciodjianpgchimpgifgjk/js/direct.js:306
[    5702ms] [LOG] [direct] deduped player to 1 @ chrome-extension://ihaelfjohnpciodjianpgchimpgifgjk/js/direct.js:324
[    5703ms] [LOG] [direct] Download button injected (player mini) @ chrome-extension://ihaelfjohnpciodjianpgchimpgifgjk/js/direct.js:306
[    5703ms] [LOG] [direct] deduped player to 1 @ chrome-extension://ihaelfjohnpciodjianpgchimpgifgjk/js/direct.js:324
[    5704ms] [LOG] [direct] Download button injected (player mini) @ chrome-extension://ihaelfjohnpciodjianpgchimpgifgjk/js/direct.js:306
[    5704ms] [LOG] [direct] deduped player to 1 @ chrome-extension://ihaelfjohnpciodjianpgchimpgifgjk/js/direct.js:324
[    5705ms] [LOG] [direct] Download button injected (player mini) @ chrome-extension://ihaelfjohnpciodjianpgchimpgifgjk/js/direct.js:306
[    5705ms] [LOG] [direct] deduped player to 1 @ chrome-extension://ihaelfjohnpciodjianpgchimpgifgjk/js/direct.js:324
[    5706ms] [LOG] [direct] Download button injected (player mini) @ chrome-extension://ihaelfjohnpciodjianpgchimpgifgjk/js/direct.js:306
[    5707ms] [LOG] [direct] deduped player to 1 @ chrome-extension://ihaelfjohnpciodjianpgchimpgifgjk/js/direct.js:324
[    5707ms] [LOG] [direct] Download button injected (player mini) @ chrome-extension://ihaelfjohnpciodjianpgchimpgifgjk/js/direct.js:306
[    5708ms] [LOG] [direct] deduped player to 1 @ chrome-extension://ihaelfjohnpciodjianpgchimpgifgjk/js/direct.js:324
[    5708ms] [LOG] [direct] Download button injected (player mini) @ chrome-extension://ihaelfjohnpciodjianpgchimpgifgjk/js/direct.js:306
[    5709ms] [LOG] [direct] deduped player to 1 @ chrome-extension://ihaelfjohnpciodjianpgchimpgifgjk/js/direct.js:324
[    5710ms] [LOG] [direct] Download button injected (player mini) @ chrome-extension://ihaelfjohnpciodjianpgchimpgifgjk/js/direct.js:306
[    5710ms] [LOG] [direct] deduped player to 1 @ chrome-extension://ihaelfjohnpciodjianpgchimpgifgjk/js/direct.js:324
[    5710ms] [LOG] [direct] Download button injected (player mini) @ chrome-extension://ihaelfjohnpciodjianpgchimpgifgjk/js/direct.js:306
[    5711ms] [LOG] [direct] deduped player to 1 @ chrome-extension://ihaelfjohnpciodjianpgchimpgifgjk/js/direct.js:324
[    5711ms] [LOG] [direct] Download button injected (player mini) @ chrome-extension://ihaelfjohnpciodjianpgchimpgifgjk/js/direct.js:306
[    5712ms] [LOG] [direct] deduped player to 1 @ chrome-extension://ihaelfjohnpciodjianpgchimpgifgjk/js/direct.js:324
[    5712ms] [LOG] [direct] Download button injected (player mini) @ chrome-extension://ihaelfjohnpciodjianpgchimpgifgjk/js/direct.js:306
[    5713ms] [LOG] [direct] deduped player to 1 @ chrome-extension://ihaelfjohnpciodjianpgchimpgifgjk/js/direct.js:324
[    5713ms] [LOG] [direct] Download button injected (player mini) @ chrome-extension://ihaelfjohnpciodjianpgchimpgifgjk/js/direct.js:306
[    5714ms] [LOG] [direct] deduped player to 1 @ chrome-extension://ihaelfjohnpciodjianpgchimpgifgjk/js/direct.js:324
[    5714ms] [LOG] [direct] Download button injected (player mini) @ chrome-extension://ihaelfjohnpciodjianpgchimpgifgjk/js/direct.js:306
[    5715ms] [LOG] [direct] deduped player to 1 @ chrome-extension://ihaelfjohnpciodjianpgchimpgifgjk/js/direct.js:324
[    5715ms] [LOG] [direct] Download button injected (player mini) @ chrome-extension://ihaelfjohnpciodjianpgchimpgifgjk/js/direct.js:306
[    5716ms] [LOG] [direct] deduped player to 1 @ chrome-extension://ihaelfjohnpciodjianpgchimpgifgjk/js/direct.js:324
[    5716ms] [LOG] [direct] Download button injected (player mini) @ chrome-extension://ihaelfjohnpciodjianpgchimpgifgjk/js/direct.js:306
[    5717ms] [LOG] [direct] deduped player to 1 @ chrome-extension://ihaelfjohnpciodjianpgchimpgifgjk/js/direct.js:324
[    5717ms] [LOG] [direct] Download button injected (player mini) @ chrome-extension://ihaelfjohnpciodjianpgchimpgifgjk/js/direct.js:306
[    5718ms] [LOG] [direct] deduped player to 1 @ chrome-extension://ihaelfjohnpciodjianpgchimpgifgjk/js/direct.js:324
[    5718ms] [LOG] [direct] Download button injected (player mini) @ chrome-extension://ihaelfjohnpciodjianpgchimpgifgjk/js/direct.js:306
[    5719ms] [LOG] [direct] deduped player to 1 @ chrome-extension://ihaelfjohnpciodjianpgchimpgifgjk/js/direct.js:324
[    5719ms] [LOG] [direct] Download button injected (player mini) @ chrome-extension://ihaelfjohnpciodjianpgchimpgifgjk/js/direct.js:306
[    5720ms] [LOG] [direct] deduped player to 1 @ chrome-extension://ihaelfjohnpciodjianpgchimpgifgjk/js/direct.js:324
[    5720ms] [LOG] [direct] Download button injected (player mini) @ chrome-extension://ihaelfjohnpciodjianpgchimpgifgjk/js/direct.js:306
[    5721ms] [LOG] [direct] deduped player to 1 @ chrome-extension://ihaelfjohnpciodjianpgchimpgifgjk/js/direct.js:324
[    5721ms] [LOG] [direct] Download button injected (player mini) @ chrome-extension://ihaelfjohnpciodjianpgchimpgifgjk/js/direct.js:306
[    5722ms] [LOG] [direct] deduped player to 1 @ chrome-extension://ihaelfjohnpciodjianpgchimpgifgjk/js/direct.js:324
[    5723ms] [LOG] [direct] Download button injected (player mini) @ chrome-extension://ihaelfjohnpciodjianpgchimpgifgjk/js/direct.js:306
[    5723ms] [LOG] [direct] deduped player to 1 @ chrome-extension://ihaelfjohnpciodjianpgchimpgifgjk/js/direct.js:324
[    5724ms] [LOG] [direct] Download button injected (player mini) @ chrome-extension://ihaelfjohnpciodjianpgchimpgifgjk/js/direct.js:306
[    5724ms] [LOG] [direct] deduped player to 1 @ chrome-extension://ihaelfjohnpciodjianpgchimpgifgjk/js/direct.js:324
[    5725ms] [LOG] [direct] Download button injected (player mini) @ chrome-extension://ihaelfjohnpciodjianpgchimpgifgjk/js/direct.js:306
[    5726ms] [LOG] [direct] deduped player to 1 @ chrome-extension://ihaelfjohnpciodjianpgchimpgifgjk/js/direct.js:324
[    5727ms] [LOG] [direct] Download button injected (player mini) @ chrome-extension://ihaelfjohnpciodjianpgchimpgifgjk/js/direct.js:306
[    5728ms] [LOG] [direct] deduped player to 1 @ chrome-extension://ihaelfjohnpciodjianpgchimpgifgjk/js/direct.js:324
[    5729ms] [LOG] [direct] Download button injected (player mini) @ chrome-extension://ihaelfjohnpciodjianpgchimpgifgjk/js/direct.js:306
[    5729ms] [LOG] [direct] deduped player to 1 @ chrome-extension://ihaelfjohnpciodjianpgchimpgifgjk/js/direct.js:324
[    5730ms] [LOG] [direct] Download button injected (player mini) @ chrome-extension://ihaelfjohnpciodjianpgchimpgifgjk/js/direct.js:306
[    5730ms] [LOG] [direct] deduped player to 1 @ chrome-extension://ihaelfjohnpciodjianpgchimpgifgjk/js/direct.js:324
[    5731ms] [LOG] [direct] Download button injected (player mini) @ chrome-extension://ihaelfjohnpciodjianpgchimpgifgjk/js/direct.js:306
[    5732ms] [LOG] [direct] deduped player to 1 @ chrome-extension://ihaelfjohnpciodjianpgchimpgifgjk/js/direct.js:324
[    5733ms] [LOG] [direct] Download button injected (player mini) @ chrome-extension://ihaelfjohnpciodjianpgchimpgifgjk/js/direct.js:306
[    5733ms] [LOG] [direct] deduped player to 1 @ chrome-extension://ihaelfjohnpciodjianpgchimpgifgjk/js/direct.js:324
[    5734ms] [LOG] [direct] Download button injected (player mini) @ chrome-extension://ihaelfjohnpciodjianpgchimpgifgjk/js/direct.js:306
[    5734ms] [LOG] [direct] deduped player to 1 @ chrome-extension://ihaelfjohnpciodjianpgchimpgifgjk/js/direct.js:324
[    5736ms] [LOG] [direct] Download button injected (player mini) @ chrome-extension://ihaelfjohnpciodjianpgchimpgifgjk/js/direct.js:306
[    5736ms] [LOG] [direct] deduped player to 1 @ chrome-extension://ihaelfjohnpciodjianpgchimpgifgjk/js/direct.js:324
[    5737ms] [LOG] [direct] Download button injected (player mini) @ chrome-extension://ihaelfjohnpciodjianpgchimpgifgjk/js/direct.js:306
[    5737ms] [LOG] [direct] deduped player to 1 @ chrome-extension://ihaelfjohnpciodjianpgchimpgifgjk/js/direct.js:324
[    5738ms] [LOG] [direct] Download button injected (player mini) @ chrome-extension://ihaelfjohnpciodjianpgchimpgifgjk/js/direct.js:306
[    5739ms] [LOG] [direct] deduped player to 1 @ chrome-extension://ihaelfjohnpciodjianpgchimpgifgjk/js/direct.js:324
[    5740ms] [LOG] [direct] Download button injected (player mini) @ chrome-extension://ihaelfjohnpciodjianpgchimpgifgjk/js/direct.js:306
[    5740ms] [LOG] [direct] deduped player to 1 @ chrome-extension://ihaelfjohnpciodjianpgchimpgifgjk/js/direct.js:324
[    5742ms] [LOG] [direct] Download button injected (player mini) @ chrome-extension://ihaelfjohnpciodjianpgchimpgifgjk/js/direct.js:306
[    5743ms] [LOG] [direct] deduped player to 1 @ chrome-extension://ihaelfjohnpciodjianpgchimpgifgjk/js/direct.js:324
[    5744ms] [LOG] [direct] Download button injected (player mini) @ chrome-extension://ihaelfjohnpciodjianpgchimpgifgjk/js/direct.js:306
[    5744ms] [LOG] [direct] deduped player to 1 @ chrome-extension://ihaelfjohnpciodjianpgchimpgifgjk/js/direct.js:324
[    5745ms] [LOG] [direct] Download button injected (player mini) @ chrome-extension://ihaelfjohnpciodjianpgchimpgifgjk/js/direct.js:306
[    5746ms] [LOG] [direct] deduped player to 1 @ chrome-extension://ihaelfjohnpciodjianpgchimpgifgjk/js/direct.js:324
[    5747ms] [LOG] [direct] Download button injected (player mini) @ chrome-extension://ihaelfjohnpciodjianpgchimpgifgjk/js/direct.js:306
[    5748ms] [LOG] [direct] deduped player to 1 @ chrome-extension://ihaelfjohnpciodjianpgchimpgifgjk/js/direct.js:324
[    5749ms] [LOG] [direct] Download button injected (player mini) @ chrome-extension://ihaelfjohnpciodjianpgchimpgifgjk/js/direct.js:306
[    5749ms] [LOG] [direct] deduped player to 1 @ chrome-extension://ihaelfjohnpciodjianpgchimpgifgjk/js/direct.js:324
[    5750ms] [LOG] [direct] Download button injected (player mini) @ chrome-extension://ihaelfjohnpciodjianpgchimpgifgjk/js/direct.js:306
[    5751ms] [LOG] [direct] deduped player to 1 @ chrome-extension://ihaelfjohnpciodjianpgchimpgifgjk/js/direct.js:324
[    5752ms] [LOG] [direct] Download button injected (player mini) @ chrome-extension://ihaelfjohnpciodjianpgchimpgifgjk/js/direct.js:306
[    5752ms] [LOG] [direct] deduped player to 1 @ chrome-extension://ihaelfjohnpciodjianpgchimpgifgjk/js/direct.js:324
[    5753ms] [LOG] [direct] Download button injected (player mini) @ chrome-extension://ihaelfjohnpciodjianpgchimpgifgjk/js/direct.js:306
[    5754ms] [LOG] [direct] deduped player to 1 @ chrome-extension://ihaelfjohnpciodjianpgchimpgifgjk/js/direct.js:324
[    5755ms] [LOG] [direct] Download button injected (player mini) @ chrome-extension://ihaelfjohnpciodjianpgchimpgifgjk/js/direct.js:306
[    5755ms] [LOG] [direct] deduped player to 1 @ chrome-extension://ihaelfjohnpciodjianpgchimpgifgjk/js/direct.js:324
[    5756ms] [LOG] [direct] Download button injected (player mini) @ chrome-extension://ihaelfjohnpciodjianpgchimpgifgjk/js/direct.js:306
[    5757ms] [LOG] [direct] deduped player to 1 @ chrome-extension://ihaelfjohnpciodjianpgchimpgifgjk/js/direct.js:324
[    5758ms] [LOG] [direct] Download button injected (player mini) @ chrome-extension://ihaelfjohnpciodjianpgchimpgifgjk/js/direct.js:306
[    5758ms] [LOG] [direct] deduped player to 1 @ chrome-extension://ihaelfjohnpciodjianpgchimpgifgjk/js/direct.js:324
[    5760ms] [LOG] [direct] Download button injected (player mini) @ chrome-extension://ihaelfjohnpciodjianpgchimpgifgjk/js/direct.js:306
[    5760ms] [LOG] [direct] deduped player to 1 @ chrome-extension://ihaelfjohnpciodjianpgchimpgifgjk/js/direct.js:324
[    5762ms] [LOG] [direct] Download button injected (player mini) @ chrome-extension://ihaelfjohnpciodjianpgchimpgifgjk/js/direct.js:306
[    5762ms] [LOG] [direct] deduped player to 1 @ chrome-extension://ihaelfjohnpciodjianpgchimpgifgjk/js/direct.js:324
[    5763ms] [LOG] [direct] Download button injected (player mini) @ chrome-extension://ihaelfjohnpciodjianpgchimpgifgjk/js/direct.js:306
[    5764ms] [LOG] [direct] deduped player to 1 @ chrome-extension://ihaelfjohnpciodjianpgchimpgifgjk/js/direct.js:324
[    5764ms] [LOG] [direct] Download button injected (player mini) @ chrome-extension://ihaelfjohnpciodjianpgchimpgifgjk/js/direct.js:306
[    5765ms] [LOG] [direct] deduped player to 1 @ chrome-extension://ihaelfjohnpciodjianpgchimpgifgjk/js/direct.js:324
[    5765ms] [LOG] [direct] Download button injected (player mini) @ chrome-extension://ihaelfjohnpciodjianpgchimpgifgjk/js/direct.js:306
[    5766ms] [LOG] [direct] deduped player to 1 @ chrome-extension://ihaelfjohnpciodjianpgchimpgifgjk/js/direct.js:324
[    5766ms] [LOG] [direct] Download button injected (player mini) @ chrome-extension://ihaelfjohnpciodjianpgchimpgifgjk/js/direct.js:306
[    5767ms] [LOG] [direct] deduped player to 1 @ chrome-extension://ihaelfjohnpciodjianpgchimpgifgjk/js/direct.js:324
[    5768ms] [LOG] [direct] Download button injected (player mini) @ chrome-extension://ihaelfjohnpciodjianpgchimpgifgjk/js/direct.js:306
[    5768ms] [LOG] [direct] deduped player to 1 @ chrome-extension://ihaelfjohnpciodjianpgchimpgifgjk/js/direct.js:324
[    5769ms] [LOG] [direct] Download button injected (player mini) @ chrome-extension://ihaelfjohnpciodjianpgchimpgifgjk/js/direct.js:306
[    5769ms] [LOG] [direct] deduped player to 1 @ chrome-extension://ihaelfjohnpciodjianpgchimpgifgjk/js/direct.js:324
[    5770ms] [LOG] [direct] Download button injected (player mini) @ chrome-extension://ihaelfjohnpciodjianpgchimpgifgjk/js/direct.js:306
[    5771ms] [LOG] [direct] deduped player to 1 @ chrome-extension://ihaelfjohnpciodjianpgchimpgifgjk/js/direct.js:324
[    5772ms] [LOG] [direct] Download button injected (player mini) @ chrome-extension://ihaelfjohnpciodjianpgchimpgifgjk/js/direct.js:306
[    5772ms] [LOG] [direct] deduped player to 1 @ chrome-extension://ihaelfjohnpciodjianpgchimpgifgjk/js/direct.js:324
[    5773ms] [LOG] [direct] Download button injected (player mini) @ chrome-extension://ihaelfjohnpciodjianpgchimpgifgjk/js/direct.js:306
[    5773ms] [LOG] [direct] deduped player to 1 @ chrome-extension://ihaelfjohnpciodjianpgchimpgifgjk/js/direct.js:324
[    5774ms] [LOG] [direct] Download button injected (player mini) @ chrome-extension://ihaelfjohnpciodjianpgchimpgifgjk/js/direct.js:306
[    5774ms] [LOG] [direct] deduped player to 1 @ chrome-extension://ihaelfjohnpciodjianpgchimpgifgjk/js/direct.js:324
[    5776ms] [LOG] [direct] Download button injected (player mini) @ chrome-extension://ihaelfjohnpciodjianpgchimpgifgjk/js/direct.js:306
[    5776ms] [LOG] [direct] deduped player to 1 @ chrome-extension://ihaelfjohnpciodjianpgchimpgifgjk/js/direct.js:324
[    5777ms] [LOG] [direct] Download button injected (player mini) @ chrome-extension://ihaelfjohnpciodjianpgchimpgifgjk/js/direct.js:306
[    5778ms] [LOG] [direct] deduped player to 1 @ chrome-extension://ihaelfjohnpciodjianpgchimpgifgjk/js/direct.js:324
[    5778ms] [LOG] [direct] Download button injected (player mini) @ chrome-extension://ihaelfjohnpciodjianpgchimpgifgjk/js/direct.js:306
[    5779ms] [LOG] [direct] deduped player to 1 @ chrome-extension://ihaelfjohnpciodjianpgchimpgifgjk/js/direct.js:324
[    5779ms] [LOG] [direct] Download button injected (player mini) @ chrome-extension://ihaelfjohnpciodjianpgchimpgifgjk/js/direct.js:306
[    5780ms] [LOG] [direct] deduped player to 1 @ chrome-extension://ihaelfjohnpciodjianpgchimpgifgjk/js/direct.js:324
[    5780ms] [LOG] [direct] Download button injected (player mini) @ chrome-extension://ihaelfjohnpciodjianpgchimpgifgjk/js/direct.js:306
[    5780ms] [LOG] [direct] deduped player to 1 @ chrome-extension://ihaelfjohnpciodjianpgchimpgifgjk/js/direct.js:324
[    5781ms] [LOG] [direct] Download button injected (player mini) @ chrome-extension://ihaelfjohnpciodjianpgchimpgifgjk/js/direct.js:306
[    5781ms] [LOG] [direct] deduped player to 1 @ chrome-extension://ihaelfjohnpciodjianpgchimpgifgjk/js/direct.js:324
[    5782ms] [LOG] [direct] Download button injected (player mini) @ chrome-extension://ihaelfjohnpciodjianpgchimpgifgjk/js/direct.js:306
[    5782ms] [LOG] [direct] deduped player to 1 @ chrome-extension://ihaelfjohnpciodjianpgchimpgifgjk/js/direct.js:324
[    5783ms] [LOG] [direct] Download button injected (player mini) @ chrome-extension://ihaelfjohnpciodjianpgchimpgifgjk/js/direct.js:306
[    5784ms] [LOG] [direct] deduped player to 1 @ chrome-extension://ihaelfjohnpciodjianpgchimpgifgjk/js/direct.js:324
[    5784ms] [LOG] [direct] Download button injected (player mini) @ chrome-extension://ihaelfjohnpciodjianpgchimpgifgjk/js/direct.js:306
[    5785ms] [LOG] [direct] deduped player to 1 @ chrome-extension://ihaelfjohnpciodjianpgchimpgifgjk/js/direct.js:324
[    5785ms] [LOG] [direct] Download button injected (player mini) @ chrome-extension://ihaelfjohnpciodjianpgchimpgifgjk/js/direct.js:306
[    5786ms] [LOG] [direct] deduped player to 1 @ chrome-extension://ihaelfjohnpciodjianpgchimpgifgjk/js/direct.js:324
[    5786ms] [LOG] [direct] Download button injected (player mini) @ chrome-extension://ihaelfjohnpciodjianpgchimpgifgjk/js/direct.js:306
[    5786ms] [LOG] [direct] deduped player to 1 @ chrome-extension://ihaelfjohnpciodjianpgchimpgifgjk/js/direct.js:324
[    5787ms] [LOG] [direct] Download button injected (player mini) @ chrome-extension://ihaelfjohnpciodjianpgchimpgifgjk/js/direct.js:306
[    5787ms] [LOG] [direct] deduped player to 1 @ chrome-extension://ihaelfjohnpciodjianpgchimpgifgjk/js/direct.js:324
[    5788ms] [LOG] [direct] Download button injected (player mini) @ chrome-extension://ihaelfjohnpciodjianpgchimpgifgjk/js/direct.js:306
[    5788ms] [LOG] [direct] deduped player to 1 @ chrome-extension://ihaelfjohnpciodjianpgchimpgifgjk/js/direct.js:324
[    5789ms] [LOG] [direct] Download button injected (player mini) @ chrome-extension://ihaelfjohnpciodjianpgchimpgifgjk/js/direct.js:306
[    5789ms] [LOG] [direct] deduped player to 1 @ chrome-extension://ihaelfjohnpciodjianpgchimpgifgjk/js/direct.js:324
[    5790ms] [LOG] [direct] Download button injected (player mini) @ chrome-extension://ihaelfjohnpciodjianpgchimpgifgjk/js/direct.js:306
[    5790ms] [LOG] [direct] deduped player to 1 @ chrome-extension://ihaelfjohnpciodjianpgchimpgifgjk/js/direct.js:324
[    5791ms] [LOG] [direct] Download button injected (player mini) @ chrome-extension://ihaelfjohnpciodjianpgchimpgifgjk/js/direct.js:306
[    5791ms] [LOG] [direct] deduped player to 1 @ chrome-extension://ihaelfjohnpciodjianpgchimpgifgjk/js/direct.js:324
[    5791ms] [LOG] [direct] Download button injected (player mini) @ chrome-extension://ihaelfjohnpciodjianpgchimpgifgjk/js/direct.js:306
[    5792ms] [LOG] [direct] deduped player to 1 @ chrome-extension://ihaelfjohnpciodjianpgchimpgifgjk/js/direct.js:324
[    5792ms] [LOG] [direct] Download button injected (player mini) @ chrome-extension://ihaelfjohnpciodjianpgchimpgifgjk/js/direct.js:306
[    5793ms] [LOG] [direct] deduped player to 1 @ chrome-extension://ihaelfjohnpciodjianpgchimpgifgjk/js/direct.js:324
[    5793ms] [LOG] [direct] Download button injected (player mini) @ chrome-extension://ihaelfjohnpciodjianpgchimpgifgjk/js/direct.js:306
[    5793ms] [LOG] [direct] deduped player to 1 @ chrome-extension://ihaelfjohnpciodjianpgchimpgifgjk/js/direct.js:324
[    5794ms] [LOG] [direct] Download button injected (player mini) @ chrome-extension://ihaelfjohnpciodjianpgchimpgifgjk/js/direct.js:306
[    5794ms] [LOG] [direct] deduped player to 1 @ chrome-extension://ihaelfjohnpciodjianpgchimpgifgjk/js/direct.js:324
[    5795ms] [LOG] [direct] Download button injected (player mini) @ chrome-extension://ihaelfjohnpciodjianpgchimpgifgjk/js/direct.js:306
[    5795ms] [LOG] [direct] deduped player to 1 @ chrome-extension://ihaelfjohnpciodjianpgchimpgifgjk/js/direct.js:324
[    5796ms] [LOG] [direct] Download button injected (player mini) @ chrome-extension://ihaelfjohnpciodjianpgchimpgifgjk/js/direct.js:306
[    5796ms] [LOG] [direct] deduped player to 1 @ chrome-extension://ihaelfjohnpciodjianpgchimpgifgjk/js/direct.js:324
[    5797ms] [LOG] [direct] Download button injected (player mini) @ chrome-extension://ihaelfjohnpciodjianpgchimpgifgjk/js/direct.js:306
[    5797ms] [LOG] [direct] deduped player to 1 @ chrome-extension://ihaelfjohnpciodjianpgchimpgifgjk/js/direct.js:324
[    5798ms] [LOG] [direct] Download button injected (player mini) @ chrome-extension://ihaelfjohnpciodjianpgchimpgifgjk/js/direct.js:306
[    5798ms] [LOG] [direct] deduped player to 1 @ chrome-extension://ihaelfjohnpciodjianpgchimpgifgjk/js/direct.js:324
[    5799ms] [LOG] [direct] Download button injected (player mini) @ chrome-extension://ihaelfjohnpciodjianpgchimpgifgjk/js/direct.js:306
[    5799ms] [LOG] [direct] deduped player to 1 @ chrome-extension://ihaelfjohnpciodjianpgchimpgifgjk/js/direct.js:324
[    5800ms] [LOG] [direct] Download button injected (player mini) @ chrome-extension://ihaelfjohnpciodjianpgchimpgifgjk/js/direct.js:306
[    5800ms] [LOG] [direct] deduped player to 1 @ chrome-extension://ihaelfjohnpciodjianpgchimpgifgjk/js/direct.js:324
[    5800ms] [LOG] [direct] Download button injected (player mini) @ chrome-extension://ihaelfjohnpciodjianpgchimpgifgjk/js/direct.js:306
[    5801ms] [LOG] [direct] deduped player to 1 @ chrome-extension://ihaelfjohnpciodjianpgchimpgifgjk/js/direct.js:324
[    5801ms] [LOG] [direct] Download button injected (player mini) @ chrome-extension://ihaelfjohnpciodjianpgchimpgifgjk/js/direct.js:306
[    5801ms] [LOG] [direct] deduped player to 1 @ chrome-extension://ihaelfjohnpciodjianpgchimpgifgjk/js/direct.js:324
[    5802ms] [LOG] [direct] Download button injected (player mini) @ chrome-extension://ihaelfjohnpciodjianpgchimpgifgjk/js/direct.js:306
[    5802ms] [LOG] [direct] deduped player to 1 @ chrome-extension://ihaelfjohnpciodjianpgchimpgifgjk/js/direct.js:324
[    5803ms] [LOG] [direct] Download button injected (player mini) @ chrome-extension://ihaelfjohnpciodjianpgchimpgifgjk/js/direct.js:306
[    5803ms] [LOG] [direct] deduped player to 1 @ chrome-extension://ihaelfjohnpciodjianpgchimpgifgjk/js/direct.js:324
[    5804ms] [LOG] [direct] Download button injected (player mini) @ chrome-extension://ihaelfjohnpciodjianpgchimpgifgjk/js/direct.js:306
[    5804ms] [LOG] [direct] deduped player to 1 @ chrome-extension://ihaelfjohnpciodjianpgchimpgifgjk/js/direct.js:324
[    5804ms] [LOG] [direct] Download button injected (player mini) @ chrome-extension://ihaelfjohnpciodjianpgchimpgifgjk/js/direct.js:306
[    5804ms] [LOG] [direct] deduped player to 1 @ chrome-extension://ihaelfjohnpciodjianpgchimpgifgjk/js/direct.js:324
[    5805ms] [LOG] [direct] Download button injected (player mini) @ chrome-extension://ihaelfjohnpciodjianpgchimpgifgjk/js/direct.js:306
[    5805ms] [LOG] [direct] deduped player to 1 @ chrome-extension://ihaelfjohnpciodjianpgchimpgifgjk/js/direct.js:324
[    5806ms] [LOG] [direct] Download button injected (player mini) @ chrome-extension://ihaelfjohnpciodjianpgchimpgifgjk/js/direct.js:306
[    5806ms] [LOG] [direct] deduped player to 1 @ chrome-extension://ihaelfjohnpciodjianpgchimpgifgjk/js/direct.js:324
[    5807ms] [LOG] [direct] Download button injected (player mini) @ chrome-extension://ihaelfjohnpciodjianpgchimpgifgjk/js/direct.js:306
[    5807ms] [LOG] [direct] deduped player to 1 @ chrome-extension://ihaelfjohnpciodjianpgchimpgifgjk/js/direct.js:324
[    5807ms] [LOG] [direct] Download button injected (player mini) @ chrome-extension://ihaelfjohnpciodjianpgchimpgifgjk/js/direct.js:306
[    5808ms] [LOG] [direct] deduped player to 1 @ chrome-extension://ihaelfjohnpciodjianpgchimpgifgjk/js/direct.js:324
[    5809ms] [LOG] [direct] Download button injected (player mini) @ chrome-extension://ihaelfjohnpciodjianpgchimpgifgjk/js/direct.js:306
[    5809ms] [LOG] [direct] deduped player to 1 @ chrome-extension://ihaelfjohnpciodjianpgchimpgifgjk/js/direct.js:324
[    5810ms] [LOG] [direct] Download button injected (player mini) @ chrome-extension://ihaelfjohnpciodjianpgchimpgifgjk/js/direct.js:306
[    5810ms] [LOG] [direct] deduped player to 1 @ chrome-extension://ihaelfjohnpciodjianpgchimpgifgjk/js/direct.js:324
[    5811ms] [LOG] [direct] Download button injected (player mini) @ chrome-extension://ihaelfjohnpciodjianpgchimpgifgjk/js/direct.js:306
[    5811ms] [LOG] [direct] deduped player to 1 @ chrome-extension://ihaelfjohnpciodjianpgchimpgifgjk/js/direct.js:324
[    5812ms] [LOG] [direct] Download button injected (player mini) @ chrome-extension://ihaelfjohnpciodjianpgchimpgifgjk/js/direct.js:306
[    5812ms] [LOG] [direct] deduped player to 1 @ chrome-extension://ihaelfjohnpciodjianpgchimpgifgjk/js/direct.js:324
[    5813ms] [LOG] [direct] Download button injected (player mini) @ chrome-extension://ihaelfjohnpciodjianpgchimpgifgjk/js/direct.js:306
[    5814ms] [LOG] [direct] deduped player to 1 @ chrome-extension://ihaelfjohnpciodjianpgchimpgifgjk/js/direct.js:324
[    5814ms] [LOG] [direct] Download button injected (player mini) @ chrome-extension://ihaelfjohnpciodjianpgchimpgifgjk/js/direct.js:306
[    5815ms] [LOG] [direct] deduped player to 1 @ chrome-extension://ihaelfjohnpciodjianpgchimpgifgjk/js/direct.js:324
[    5815ms] [LOG] [direct] Download button injected (player mini) @ chrome-extension://ihaelfjohnpciodjianpgchimpgifgjk/js/direct.js:306
[    5815ms] [LOG] [direct] deduped player to 1 @ chrome-extension://ihaelfjohnpciodjianpgchimpgifgjk/js/direct.js:324
[    5816ms] [LOG] [direct] Download button injected (player mini) @ chrome-extension://ihaelfjohnpciodjianpgchimpgifgjk/js/direct.js:306
[    5816ms] [LOG] [direct] deduped player to 1 @ chrome-extension://ihaelfjohnpciodjianpgchimpgifgjk/js/direct.js:324
[    5817ms] [LOG] [direct] Download button injected (player mini) @ chrome-extension://ihaelfjohnpciodjianpgchimpgifgjk/js/direct.js:306
[    5817ms] [LOG] [direct] deduped player to 1 @ chrome-extension://ihaelfjohnpciodjianpgchimpgifgjk/js/direct.js:324
[    5818ms] [LOG] [direct] Download button injected (player mini) @ chrome-extension://ihaelfjohnpciodjianpgchimpgifgjk/js/direct.js:306
[    5819ms] [LOG] [direct] deduped player to 1 @ chrome-extension://ihaelfjohnpciodjianpgchimpgifgjk/js/direct.js:324
[    5819ms] [LOG] [direct] Download button injected (player mini) @ chrome-extension://ihaelfjohnpciodjianpgchimpgifgjk/js/direct.js:306
[    5819ms] [LOG] [direct] deduped player to 1 @ chrome-extension://ihaelfjohnpciodjianpgchimpgifgjk/js/direct.js:324
[    5820ms] [LOG] [direct] Download button injected (player mini) @ chrome-extension://ihaelfjohnpciodjianpgchimpgifgjk/js/direct.js:306
[    5820ms] [LOG] [direct] deduped player to 1 @ chrome-extension://ihaelfjohnpciodjianpgchimpgifgjk/js/direct.js:324
[    5821ms] [LOG] [direct] Download button injected (player mini) @ chrome-extension://ihaelfjohnpciodjianpgchimpgifgjk/js/direct.js:306
[    5821ms] [LOG] [direct] deduped player to 1 @ chrome-extension://ihaelfjohnpciodjianpgchimpgifgjk/js/direct.js:324
[    5822ms] [LOG] [direct] Download button injected (player mini) @ chrome-extension://ihaelfjohnpciodjianpgchimpgifgjk/js/direct.js:306
[    5822ms] [LOG] [direct] deduped player to 1 @ chrome-extension://ihaelfjohnpciodjianpgchimpgifgjk/js/direct.js:324
[    5822ms] [LOG] [direct] Download button injected (player mini) @ chrome-extension://ihaelfjohnpciodjianpgchimpgifgjk/js/direct.js:306
[    5823ms] [LOG] [direct] deduped player to 1 @ chrome-extension://ihaelfjohnpciodjianpgchimpgifgjk/js/direct.js:324
[    5823ms] [LOG] [direct] Download button injected (player mini) @ chrome-extension://ihaelfjohnpciodjianpgchimpgifgjk/js/direct.js:306
[    5823ms] [LOG] [direct] deduped player to 1 @ chrome-extension://ihaelfjohnpciodjianpgchimpgifgjk/js/direct.js:324
[    5824ms] [LOG] [direct] Download button injected (player mini) @ chrome-extension://ihaelfjohnpciodjianpgchimpgifgjk/js/direct.js:306
[    5824ms] [LOG] [direct] deduped player to 1 @ chrome-extension://ihaelfjohnpciodjianpgchimpgifgjk/js/direct.js:324
[    5825ms] [LOG] [direct] Download button injected (player mini) @ chrome-extension://ihaelfjohnpciodjianpgchimpgifgjk/js/direct.js:306
[    5825ms] [LOG] [direct] deduped player to 1 @ chrome-extension://ihaelfjohnpciodjianpgchimpgifgjk/js/direct.js:324
[    5826ms] [LOG] [direct] Download button injected (player mini) @ chrome-extension://ihaelfjohnpciodjianpgchimpgifgjk/js/direct.js:306
[    5826ms] [LOG] [direct] deduped player to 1 @ chrome-extension://ihaelfjohnpciodjianpgchimpgifgjk/js/direct.js:324
[    5827ms] [LOG] [direct] Download button injected (player mini) @ chrome-extension://ihaelfjohnpciodjianpgchimpgifgjk/js/direct.js:306
[    5828ms] [LOG] [direct] deduped player to 1 @ chrome-extension://ihaelfjohnpciodjianpgchimpgifgjk/js/direct.js:324
[    5829ms] [LOG] [direct] Download button injected (player mini) @ chrome-extension://ihaelfjohnpciodjianpgchimpgifgjk/js/direct.js:306
[    5829ms] [LOG] [direct] deduped player to 1 @ chrome-extension://ihaelfjohnpciodjianpgchimpgifgjk/js/direct.js:324
[    5830ms] [LOG] [direct] Download button injected (player mini) @ chrome-extension://ihaelfjohnpciodjianpgchimpgifgjk/js/direct.js:306
[    5830ms] [LOG] [direct] deduped player to 1 @ chrome-extension://ihaelfjohnpciodjianpgchimpgifgjk/js/direct.js:324
[    5831ms] [LOG] [direct] Download button injected (player mini) @ chrome-extension://ihaelfjohnpciodjianpgchimpgifgjk/js/direct.js:306
[    5831ms] [LOG] [direct] deduped player to 1 @ chrome-extension://ihaelfjohnpciodjianpgchimpgifgjk/js/direct.js:324
[    5832ms] [LOG] [direct] Download button injected (player mini) @ chrome-extension://ihaelfjohnpciodjianpgchimpgifgjk/js/direct.js:306
[    5833ms] [LOG] [direct] deduped player to 1 @ chrome-extension://ihaelfjohnpciodjianpgchimpgifgjk/js/direct.js:324
[    5833ms] [LOG] [direct] Download button injected (player mini) @ chrome-extension://ihaelfjohnpciodjianpgchimpgifgjk/js/direct.js:306
[    5834ms] [LOG] [direct] deduped player to 1 @ chrome-extension://ihaelfjohnpciodjianpgchimpgifgjk/js/direct.js:324
[    5834ms] [LOG] [direct] Download button injected (player mini) @ chrome-extension://ihaelfjohnpciodjianpgchimpgifgjk/js/direct.js:306
[    5834ms] [LOG] [direct] deduped player to 1 @ chrome-extension://ihaelfjohnpciodjianpgchimpgifgjk/js/direct.js:324
[    5835ms] [LOG] [direct] Download button injected (player mini) @ chrome-extension://ihaelfjohnpciodjianpgchimpgifgjk/js/direct.js:306
[    5835ms] [LOG] [direct] deduped player to 1 @ chrome-extension://ihaelfjohnpciodjianpgchimpgifgjk/js/direct.js:324
[    5836ms] [LOG] [direct] Download button injected (player mini) @ chrome-extension://ihaelfjohnpciodjianpgchimpgifgjk/js/direct.js:306
[    5836ms] [LOG] [direct] deduped player to 1 @ chrome-extension://ihaelfjohnpciodjianpgchimpgifgjk/js/direct.js:324
[    5836ms] [LOG] [direct] Download button injected (player mini) @ chrome-extension://ihaelfjohnpciodjianpgchimpgifgjk/js/direct.js:306
[    5837ms] [LOG] [direct] deduped player to 1 @ chrome-extension://ihaelfjohnpciodjianpgchimpgifgjk/js/direct.js:324
[    5838ms] [LOG] [direct] Download button injected (player mini) @ chrome-extension://ihaelfjohnpciodjianpgchimpgifgjk/js/direct.js:306
[    5838ms] [LOG] [direct] deduped player to 1 @ chrome-extension://ihaelfjohnpciodjianpgchimpgifgjk/js/direct.js:324
[    5839ms] [LOG] [direct] Download button injected (player mini) @ chrome-extension://ihaelfjohnpciodjianpgchimpgifgjk/js/direct.js:306
[    5839ms] [LOG] [direct] deduped player to 1 @ chrome-extension://ihaelfjohnpciodjianpgchimpgifgjk/js/direct.js:324
[    5839ms] [LOG] [direct] Download button injected (player mini) @ chrome-extension://ihaelfjohnpciodjianpgchimpgifgjk/js/direct.js:306
[    5840ms] [LOG] [direct] deduped player to 1 @ chrome-extension://ihaelfjohnpciodjianpgchimpgifgjk/js/direct.js:324
[    5840ms] [LOG] [direct] Download button injected (player mini) @ chrome-extension://ihaelfjohnpciodjianpgchimpgifgjk/js/direct.js:306
[    5840ms] [LOG] [direct] deduped player to 1 @ chrome-extension://ihaelfjohnpciodjianpgchimpgifgjk/js/direct.js:324
[    5841ms] [LOG] [direct] Download button injected (player mini) @ chrome-extension://ihaelfjohnpciodjianpgchimpgifgjk/js/direct.js:306
[    5841ms] [LOG] [direct] deduped player to 1 @ chrome-extension://ihaelfjohnpciodjianpgchimpgifgjk/js/direct.js:324
[    5842ms] [LOG] [direct] Download button injected (player mini) @ chrome-extension://ihaelfjohnpciodjianpgchimpgifgjk/js/direct.js:306
[    5842ms] [LOG] [direct] deduped player to 1 @ chrome-extension://ihaelfjohnpciodjianpgchimpgifgjk/js/direct.js:324
[    5843ms] [LOG] [direct] Download button injected (player mini) @ chrome-extension://ihaelfjohnpciodjianpgchimpgifgjk/js/direct.js:306
[    5843ms] [LOG] [direct] deduped player to 1 @ chrome-extension://ihaelfjohnpciodjianpgchimpgifgjk/js/direct.js:324
[    5844ms] [LOG] [direct] Download button injected (player mini) @ chrome-extension://ihaelfjohnpciodjianpgchimpgifgjk/js/direct.js:306
[    5844ms] [LOG] [direct] deduped player to 1 @ chrome-extension://ihaelfjohnpciodjianpgchimpgifgjk/js/direct.js:324
[    5844ms] [LOG] [direct] Download button injected (player mini) @ chrome-extension://ihaelfjohnpciodjianpgchimpgifgjk/js/direct.js:306
[    5845ms] [LOG] [direct] deduped player to 1 @ chrome-extension://ihaelfjohnpciodjianpgchimpgifgjk/js/direct.js:324
[    5845ms] [LOG] [direct] Download button injected (player mini) @ chrome-extension://ihaelfjohnpciodjianpgchimpgifgjk/js/direct.js:306
[    5845ms] [LOG] [direct] deduped player to 1 @ chrome-extension://ihaelfjohnpciodjianpgchimpgifgjk/js/direct.js:324
[    5846ms] [LOG] [direct] Download button injected (player mini) @ chrome-extension://ihaelfjohnpciodjianpgchimpgifgjk/js/direct.js:306
[    5846ms] [LOG] [direct] deduped player to 1 @ chrome-extension://ihaelfjohnpciodjianpgchimpgifgjk/js/direct.js:324
[    5847ms] [LOG] [direct] Download button injected (player mini) @ chrome-extension://ihaelfjohnpciodjianpgchimpgifgjk/js/direct.js:306
[    5848ms] [LOG] [direct] deduped player to 1 @ chrome-extension://ihaelfjohnpciodjianpgchimpgifgjk/js/direct.js:324
[    5849ms] [LOG] [direct] Download button injected (player mini) @ chrome-extension://ihaelfjohnpciodjianpgchimpgifgjk/js/direct.js:306
[    5849ms] [LOG] [direct] deduped player to 1 @ chrome-extension://ihaelfjohnpciodjianpgchimpgifgjk/js/direct.js:324
[    5850ms] [LOG] [direct] Download button injected (player mini) @ chrome-extension://ihaelfjohnpciodjianpgchimpgifgjk/js/direct.js:306
[    5850ms] [LOG] [direct] deduped player to 1 @ chrome-extension://ihaelfjohnpciodjianpgchimpgifgjk/js/direct.js:324
[    5851ms] [LOG] [direct] Download button injected (player mini) @ chrome-extension://ihaelfjohnpciodjianpgchimpgifgjk/js/direct.js:306
[    5852ms] [LOG] [direct] deduped player to 1 @ chrome-extension://ihaelfjohnpciodjianpgchimpgifgjk/js/direct.js:324
[    5852ms] [LOG] [direct] Download button injected (player mini) @ chrome-extension://ihaelfjohnpciodjianpgchimpgifgjk/js/direct.js:306
[    5853ms] [LOG] [direct] deduped player to 1 @ chrome-extension://ihaelfjohnpciodjianpgchimpgifgjk/js/direct.js:324
[    5853ms] [LOG] [direct] Download button injected (player mini) @ chrome-extension://ihaelfjohnpciodjianpgchimpgifgjk/js/direct.js:306
[    5853ms] [LOG] [direct] deduped player to 1 @ chrome-extension://ihaelfjohnpciodjianpgchimpgifgjk/js/direct.js:324
[    5854ms] [LOG] [direct] Download button injected (player mini) @ chrome-extension://ihaelfjohnpciodjianpgchimpgifgjk/js/direct.js:306
[    5855ms] [LOG] [direct] deduped player to 1 @ chrome-extension://ihaelfjohnpciodjianpgchimpgifgjk/js/direct.js:324
[    5855ms] [LOG] [direct] Download button injected (player mini) @ chrome-extension://ihaelfjohnpciodjianpgchimpgifgjk/js/direct.js:306
[    5856ms] [LOG] [direct] deduped player to 1 @ chrome-extension://ihaelfjohnpciodjianpgchimpgifgjk/js/direct.js:324
[    5857ms] [LOG] [direct] Download button injected (player mini) @ chrome-extension://ihaelfjohnpciodjianpgchimpgifgjk/js/direct.js:306
[    5857ms] [LOG] [direct] deduped player to 1 @ chrome-extension://ihaelfjohnpciodjianpgchimpgifgjk/js/direct.js:324
[    5858ms] [LOG] [direct] Download button injected (player mini) @ chrome-extension://ihaelfjohnpciodjianpgchimpgifgjk/js/direct.js:306
[    5858ms] [LOG] [direct] deduped player to 1 @ chrome-extension://ihaelfjohnpciodjianpgchimpgifgjk/js/direct.js:324
[    5859ms] [LOG] [direct] Download button injected (player mini) @ chrome-extension://ihaelfjohnpciodjianpgchimpgifgjk/js/direct.js:306
[    5859ms] [LOG] [direct] deduped player to 1 @ chrome-extension://ihaelfjohnpciodjianpgchimpgifgjk/js/direct.js:324
[    5860ms] [LOG] [direct] Download button injected (player mini) @ chrome-extension://ihaelfjohnpciodjianpgchimpgifgjk/js/direct.js:306
[    5860ms] [LOG] [direct] deduped player to 1 @ chrome-extension://ihaelfjohnpciodjianpgchimpgifgjk/js/direct.js:324
[    5861ms] [LOG] [direct] Download button injected (player mini) @ chrome-extension://ihaelfjohnpciodjianpgchimpgifgjk/js/direct.js:306
[    5861ms] [LOG] [direct] deduped player to 1 @ chrome-extension://ihaelfjohnpciodjianpgchimpgifgjk/js/direct.js:324
[    5862ms] [LOG] [direct] Download button injected (player mini) @ chrome-extension://ihaelfjohnpciodjianpgchimpgifgjk/js/direct.js:306
[    5862ms] [LOG] [direct] deduped player to 1 @ chrome-extension://ihaelfjohnpciodjianpgchimpgifgjk/js/direct.js:324
[    5863ms] [LOG] [direct] Download button injected (player mini) @ chrome-extension://ihaelfjohnpciodjianpgchimpgifgjk/js/direct.js:306
[    5863ms] [LOG] [direct] deduped player to 1 @ chrome-extension://ihaelfjohnpciodjianpgchimpgifgjk/js/direct.js:324
[    5864ms] [LOG] [direct] Download button injected (player mini) @ chrome-extension://ihaelfjohnpciodjianpgchimpgifgjk/js/direct.js:306
[    5865ms] [LOG] [direct] deduped player to 1 @ chrome-extension://ihaelfjohnpciodjianpgchimpgifgjk/js/direct.js:324
[    5865ms] [LOG] [direct] Download button injected (player mini) @ chrome-extension://ihaelfjohnpciodjianpgchimpgifgjk/js/direct.js:306
[    5866ms] [LOG] [direct] deduped player to 1 @ chrome-extension://ihaelfjohnpciodjianpgchimpgifgjk/js/direct.js:324
[    5867ms] [LOG] [direct] Download button injected (player mini) @ chrome-extension://ihaelfjohnpciodjianpgchimpgifgjk/js/direct.js:306
[    5867ms] [LOG] [direct] deduped player to 1 @ chrome-extension://ihaelfjohnpciodjianpgchimpgifgjk/js/direct.js:324
[    5868ms] [LOG] [direct] Download button injected (player mini) @ chrome-extension://ihaelfjohnpciodjianpgchimpgifgjk/js/direct.js:306
[    5868ms] [LOG] [direct] deduped player to 1 @ chrome-extension://ihaelfjohnpciodjianpgchimpgifgjk/js/direct.js:324
[    5869ms] [LOG] [direct] Download button injected (player mini) @ chrome-extension://ihaelfjohnpciodjianpgchimpgifgjk/js/direct.js:306
[    5870ms] [LOG] [direct] deduped player to 1 @ chrome-extension://ihaelfjohnpciodjianpgchimpgifgjk/js/direct.js:324
[    5870ms] [LOG] [direct] Download button injected (player mini) @ chrome-extension://ihaelfjohnpciodjianpgchimpgifgjk/js/direct.js:306
[    5871ms] [LOG] [direct] deduped player to 1 @ chrome-extension://ihaelfjohnpciodjianpgchimpgifgjk/js/direct.js:324
[    5871ms] [LOG] [direct] Download button injected (player mini) @ chrome-extension://ihaelfjohnpciodjianpgchimpgifgjk/js/direct.js:306
[    5872ms] [LOG] [direct] deduped player to 1 @ chrome-extension://ihaelfjohnpciodjianpgchimpgifgjk/js/direct.js:324
[    5873ms] [LOG] [direct] Download button injected (player mini) @ chrome-extension://ihaelfjohnpciodjianpgchimpgifgjk/js/direct.js:306
[    5873ms] [LOG] [direct] deduped player to 1 @ chrome-extension://ihaelfjohnpciodjianpgchimpgifgjk/js/direct.js:324
[    5874ms] [LOG] [direct] Download button injected (player mini) @ chrome-extension://ihaelfjohnpciodjianpgchimpgifgjk/js/direct.js:306
[    5874ms] [LOG] [direct] deduped player to 1 @ chrome-extension://ihaelfjohnpciodjianpgchimpgifgjk/js/direct.js:324
[    5875ms] [LOG] [direct] Download button injected (player mini) @ chrome-extension://ihaelfjohnpciodjianpgchimpgifgjk/js/direct.js:306
[    5875ms] [LOG] [direct] deduped player to 1 @ chrome-extension://ihaelfjohnpciodjianpgchimpgifgjk/js/direct.js:324
[    5876ms] [LOG] [direct] Download button injected (player mini) @ chrome-extension://ihaelfjohnpciodjianpgchimpgifgjk/js/direct.js:306
[    5877ms] [LOG] [direct] deduped player to 1 @ chrome-extension://ihaelfjohnpciodjianpgchimpgifgjk/js/direct.js:324
[    5878ms] [LOG] [direct] Download button injected (player mini) @ chrome-extension://ihaelfjohnpciodjianpgchimpgifgjk/js/direct.js:306
[    5878ms] [LOG] [direct] deduped player to 1 @ chrome-extension://ihaelfjohnpciodjianpgchimpgifgjk/js/direct.js:324
[    5879ms] [LOG] [direct] Download button injected (player mini) @ chrome-extension://ihaelfjohnpciodjianpgchimpgifgjk/js/direct.js:306
[    5879ms] [LOG] [direct] deduped player to 1 @ chrome-extension://ihaelfjohnpciodjianpgchimpgifgjk/js/direct.js:324
[    5880ms] [LOG] [direct] Download button injected (player mini) @ chrome-extension://ihaelfjohnpciodjianpgchimpgifgjk/js/direct.js:306
[    5880ms] [LOG] [direct] deduped player to 1 @ chrome-extension://ihaelfjohnpciodjianpgchimpgifgjk/js/direct.js:324
[    5881ms] [LOG] [direct] Download button injected (player mini) @ chrome-extension://ihaelfjohnpciodjianpgchimpgifgjk/js/direct.js:306
[    5882ms] [LOG] [direct] deduped player to 1 @ chrome-extension://ihaelfjohnpciodjianpgchimpgifgjk/js/direct.js:324
[    5883ms] [LOG] [direct] Download button injected (player mini) @ chrome-extension://ihaelfjohnpciodjianpgchimpgifgjk/js/direct.js:306
[    5883ms] [LOG] [direct] deduped player to 1 @ chrome-extension://ihaelfjohnpciodjianpgchimpgifgjk/js/direct.js:324
[    5884ms] [LOG] [direct] Download button injected (player mini) @ chrome-extension://ihaelfjohnpciodjianpgchimpgifgjk/js/direct.js:306
[    5884ms] [LOG] [direct] deduped player to 1 @ chrome-extension://ihaelfjohnpciodjianpgchimpgifgjk/js/direct.js:324
[    5885ms] [LOG] [direct] Download button injected (player mini) @ chrome-extension://ihaelfjohnpciodjianpgchimpgifgjk/js/direct.js:306
[    5885ms] [LOG] [direct] deduped player to 1 @ chrome-extension://ihaelfjohnpciodjianpgchimpgifgjk/js/direct.js:324
[    5886ms] [LOG] [direct] Download button injected (player mini) @ chrome-extension://ihaelfjohnpciodjianpgchimpgifgjk/js/direct.js:306
[    5886ms] [LOG] [direct] deduped player to 1 @ chrome-extension://ihaelfjohnpciodjianpgchimpgifgjk/js/direct.js:324
[    5886ms] [LOG] [direct] Download button injected (player mini) @ chrome-extension://ihaelfjohnpciodjianpgchimpgifgjk/js/direct.js:306
[    5887ms] [LOG] [direct] deduped player to 1 @ chrome-extension://ihaelfjohnpciodjianpgchimpgifgjk/js/direct.js:324
[    5887ms] [LOG] [direct] Download button injected (player mini) @ chrome-extension://ihaelfjohnpciodjianpgchimpgifgjk/js/direct.js:306
[    5887ms] [LOG] [direct] deduped player to 1 @ chrome-extension://ihaelfjohnpciodjianpgchimpgifgjk/js/direct.js:324
[    5888ms] [LOG] [direct] Download button injected (player mini) @ chrome-extension://ihaelfjohnpciodjianpgchimpgifgjk/js/direct.js:306
[    5888ms] [LOG] [direct] deduped player to 1 @ chrome-extension://ihaelfjohnpciodjianpgchimpgifgjk/js/direct.js:324
[    5889ms] [LOG] [direct] Download button injected (player mini) @ chrome-extension://ihaelfjohnpciodjianpgchimpgifgjk/js/direct.js:306
[    5889ms] [LOG] [direct] deduped player to 1 @ chrome-extension://ihaelfjohnpciodjianpgchimpgifgjk/js/direct.js:324
[    5890ms] [LOG] [direct] Download button injected (player mini) @ chrome-extension://ihaelfjohnpciodjianpgchimpgifgjk/js/direct.js:306
[    5890ms] [LOG] [direct] deduped player to 1 @ chrome-extension://ihaelfjohnpciodjianpgchimpgifgjk/js/direct.js:324
[    5891ms] [LOG] [direct] Download button injected (player mini) @ chrome-extension://ihaelfjohnpciodjianpgchimpgifgjk/js/direct.js:306
[    5891ms] [LOG] [direct] deduped player to 1 @ chrome-extension://ihaelfjohnpciodjianpgchimpgifgjk/js/direct.js:324
[    5892ms] [LOG] [direct] Download button injected (player mini) @ chrome-extension://ihaelfjohnpciodjianpgchimpgifgjk/js/direct.js:306
[    5892ms] [LOG] [direct] deduped player to 1 @ chrome-extension://ihaelfjohnpciodjianpgchimpgifgjk/js/direct.js:324
[    5893ms] [LOG] [direct] Download button injected (player mini) @ chrome-extension://ihaelfjohnpciodjianpgchimpgifgjk/js/direct.js:306
[    5893ms] [LOG] [direct] deduped player to 1 @ chrome-extension://ihaelfjohnpciodjianpgchimpgifgjk/js/direct.js:324
[    5893ms] [LOG] [direct] Download button injected (player mini) @ chrome-extension://ihaelfjohnpciodjianpgchimpgifgjk/js/direct.js:306
[    5894ms] [LOG] [direct] deduped player to 1 @ chrome-extension://ihaelfjohnpciodjianpgchimpgifgjk/js/direct.js:324
[    5894ms] [LOG] [direct] Download button injected (player mini) @ chrome-extension://ihaelfjohnpciodjianpgchimpgifgjk/js/direct.js:306
[    5895ms] [LOG] [direct] deduped player to 1 @ chrome-extension://ihaelfjohnpciodjianpgchimpgifgjk/js/direct.js:324
[    5895ms] [LOG] [direct] Download button injected (player mini) @ chrome-extension://ihaelfjohnpciodjianpgchimpgifgjk/js/direct.js:306
[    5895ms] [LOG] [direct] deduped player to 1 @ chrome-extension://ihaelfjohnpciodjianpgchimpgifgjk/js/direct.js:324
[    5896ms] [LOG] [direct] Download button injected (player mini) @ chrome-extension://ihaelfjohnpciodjianpgchimpgifgjk/js/direct.js:306
[    5896ms] [LOG] [direct] deduped player to 1 @ chrome-extension://ihaelfjohnpciodjianpgchimpgifgjk/js/direct.js:324
[    5897ms] [LOG] [direct] Download button injected (player mini) @ chrome-extension://ihaelfjohnpciodjianpgchimpgifgjk/js/direct.js:306
[    5897ms] [LOG] [direct] deduped player to 1 @ chrome-extension://ihaelfjohnpciodjianpgchimpgifgjk/js/direct.js:324
[    5898ms] [LOG] [direct] Download button injected (player mini) @ chrome-extension://ihaelfjohnpciodjianpgchimpgifgjk/js/direct.js:306
[    5898ms] [LOG] [direct] deduped player to 1 @ chrome-extension://ihaelfjohnpciodjianpgchimpgifgjk/js/direct.js:324
[    5899ms] [LOG] [direct] Download button injected (player mini) @ chrome-extension://ihaelfjohnpciodjianpgchimpgifgjk/js/direct.js:306
[    5899ms] [LOG] [direct] deduped player to 1 @ chrome-extension://ihaelfjohnpciodjianpgchimpgifgjk/js/direct.js:324
[    5900ms] [LOG] [direct] Download button injected (player mini) @ chrome-extension://ihaelfjohnpciodjianpgchimpgifgjk/js/direct.js:306
[    5900ms] [LOG] [direct] deduped player to 1 @ chrome-extension://ihaelfjohnpciodjianpgchimpgifgjk/js/direct.js:324
[    5901ms] [LOG] [direct] Download button injected (player mini) @ chrome-extension://ihaelfjohnpciodjianpgchimpgifgjk/js/direct.js:306
[    5901ms] [LOG] [direct] deduped player to 1 @ chrome-extension://ihaelfjohnpciodjianpgchimpgifgjk/js/direct.js:324
[    5902ms] [LOG] [direct] Download button injected (player mini) @ chrome-extension://ihaelfjohnpciodjianpgchimpgifgjk/js/direct.js:306
[    5902ms] [LOG] [direct] deduped player to 1 @ chrome-extension://ihaelfjohnpciodjianpgchimpgifgjk/js/direct.js:324
[    5902ms] [LOG] [direct] Download button injected (player mini) @ chrome-extension://ihaelfjohnpciodjianpgchimpgifgjk/js/direct.js:306
[    5903ms] [LOG] [direct] deduped player to 1 @ chrome-extension://ihaelfjohnpciodjianpgchimpgifgjk/js/direct.js:324
[    5903ms] [LOG] [direct] Download button injected (player mini) @ chrome-extension://ihaelfjohnpciodjianpgchimpgifgjk/js/direct.js:306
[    5903ms] [LOG] [direct] deduped player to 1 @ chrome-extension://ihaelfjohnpciodjianpgchimpgifgjk/js/direct.js:324
[    5904ms] [LOG] [direct] Download button injected (player mini) @ chrome-extension://ihaelfjohnpciodjianpgchimpgifgjk/js/direct.js:306
[    5904ms] [LOG] [direct] deduped player to 1 @ chrome-extension://ihaelfjohnpciodjianpgchimpgifgjk/js/direct.js:324
[    5905ms] [LOG] [direct] Download button injected (player mini) @ chrome-extension://ihaelfjohnpciodjianpgchimpgifgjk/js/direct.js:306
[    5905ms] [LOG] [direct] deduped player to 1 @ chrome-extension://ihaelfjohnpciodjianpgchimpgifgjk/js/direct.js:324
[    5905ms] [LOG] [direct] Download button injected (player mini) @ chrome-extension://ihaelfjohnpciodjianpgchimpgifgjk/js/direct.js:306
[    5906ms] [LOG] [direct] deduped player to 1 @ chrome-extension://ihaelfjohnpciodjianpgchimpgifgjk/js/direct.js:324
[    5906ms] [LOG] [direct] Download button injected (player mini) @ chrome-extension://ihaelfjohnpciodjianpgchimpgifgjk/js/direct.js:306
[    5906ms] [LOG] [direct] deduped player to 1 @ chrome-extension://ihaelfjohnpciodjianpgchimpgifgjk/js/direct.js:324
[    5907ms] [LOG] [direct] Download button injected (player mini) @ chrome-extension://ihaelfjohnpciodjianpgchimpgifgjk/js/direct.js:306
[    5907ms] [LOG] [direct] deduped player to 1 @ chrome-extension://ihaelfjohnpciodjianpgchimpgifgjk/js/direct.js:324
[    5908ms] [LOG] [direct] Download button injected (player mini) @ chrome-extension://ihaelfjohnpciodjianpgchimpgifgjk/js/direct.js:306
[    5908ms] [LOG] [direct] deduped player to 1 @ chrome-extension://ihaelfjohnpciodjianpgchimpgifgjk/js/direct.js:324
[    5909ms] [LOG] [direct] Download button injected (player mini) @ chrome-extension://ihaelfjohnpciodjianpgchimpgifgjk/js/direct.js:306
[    5910ms] [LOG] [direct] deduped player to 1 @ chrome-extension://ihaelfjohnpciodjianpgchimpgifgjk/js/direct.js:324
[    5911ms] [LOG] [direct] Download button injected (player mini) @ chrome-extension://ihaelfjohnpciodjianpgchimpgifgjk/js/direct.js:306
[    5911ms] [LOG] [direct] deduped player to 1 @ chrome-extension://ihaelfjohnpciodjianpgchimpgifgjk/js/direct.js:324
[    5912ms] [LOG] [direct] Download button injected (player mini) @ chrome-extension://ihaelfjohnpciodjianpgchimpgifgjk/js/direct.js:306
[    5912ms] [LOG] [direct] deduped player to 1 @ chrome-extension://ihaelfjohnpciodjianpgchimpgifgjk/js/direct.js:324
[    5913ms] [LOG] [direct] Download button injected (player mini) @ chrome-extension://ihaelfjohnpciodjianpgchimpgifgjk/js/direct.js:306
[    5913ms] [LOG] [direct] deduped player to 1 @ chrome-extension://ihaelfjohnpciodjianpgchimpgifgjk/js/direct.js:324
[    5913ms] [LOG] [direct] Download button injected (player mini) @ chrome-extension://ihaelfjohnpciodjianpgchimpgifgjk/js/direct.js:306
[    5914ms] [LOG] [direct] deduped player to 1 @ chrome-extension://ihaelfjohnpciodjianpgchimpgifgjk/js/direct.js:324
[    5914ms] [LOG] [direct] Download button injected (player mini) @ chrome-extension://ihaelfjohnpciodjianpgchimpgifgjk/js/direct.js:306
[    5914ms] [LOG] [direct] deduped player to 1 @ chrome-extension://ihaelfjohnpciodjianpgchimpgifgjk/js/direct.js:324
[    5915ms] [LOG] [direct] Download button injected (player mini) @ chrome-extension://ihaelfjohnpciodjianpgchimpgifgjk/js/direct.js:306
[    5916ms] [LOG] [direct] deduped player to 1 @ chrome-extension://ihaelfjohnpciodjianpgchimpgifgjk/js/direct.js:324
[    5916ms] [LOG] [direct] Download button injected (player mini) @ chrome-extension://ihaelfjohnpciodjianpgchimpgifgjk/js/direct.js:306
[    5917ms] [LOG] [direct] deduped player to 1 @ chrome-extension://ihaelfjohnpciodjianpgchimpgifgjk/js/direct.js:324
[    5917ms] [LOG] [direct] Download button injected (player mini) @ chrome-extension://ihaelfjohnpciodjianpgchimpgifgjk/js/direct.js:306
[    5917ms] [LOG] [direct] deduped player to 1 @ chrome-extension://ihaelfjohnpciodjianpgchimpgifgjk/js/direct.js:324
[    5918ms] [LOG] [direct] Download button injected (player mini) @ chrome-extension://ihaelfjohnpciodjianpgchimpgifgjk/js/direct.js:306
[    5919ms] [LOG] [direct] deduped player to 1 @ chrome-extension://ihaelfjohnpciodjianpgchimpgifgjk/js/direct.js:324
[    5920ms] [LOG] [direct] Download button injected (player mini) @ chrome-extension://ihaelfjohnpciodjianpgchimpgifgjk/js/direct.js:306
[    5920ms] [LOG] [direct] deduped player to 1 @ chrome-extension://ihaelfjohnpciodjianpgchimpgifgjk/js/direct.js:324
[    5921ms] [LOG] [direct] Download button injected (player mini) @ chrome-extension://ihaelfjohnpciodjianpgchimpgifgjk/js/direct.js:306
[    5921ms] [LOG] [direct] deduped player to 1 @ chrome-extension://ihaelfjohnpciodjianpgchimpgifgjk/js/direct.js:324
[    5922ms] [LOG] [direct] Download button injected (player mini) @ chrome-extension://ihaelfjohnpciodjianpgchimpgifgjk/js/direct.js:306
[    5922ms] [LOG] [direct] deduped player to 1 @ chrome-extension://ihaelfjohnpciodjianpgchimpgifgjk/js/direct.js:324
[    5923ms] [LOG] [direct] Download button injected (player mini) @ chrome-extension://ihaelfjohnpciodjianpgchimpgifgjk/js/direct.js:306
[    5923ms] [LOG] [direct] deduped player to 1 @ chrome-extension://ihaelfjohnpciodjianpgchimpgifgjk/js/direct.js:324
[    5924ms] [LOG] [direct] Download button injected (player mini) @ chrome-extension://ihaelfjohnpciodjianpgchimpgifgjk/js/direct.js:306
[    5924ms] [LOG] [direct] deduped player to 1 @ chrome-extension://ihaelfjohnpciodjianpgchimpgifgjk/js/direct.js:324
[    5925ms] [LOG] [direct] Download button injected (player mini) @ chrome-extension://ihaelfjohnpciodjianpgchimpgifgjk/js/direct.js:306
[    5926ms] [LOG] [direct] deduped player to 1 @ chrome-extension://ihaelfjohnpciodjianpgchimpgifgjk/js/direct.js:324
[    5926ms] [LOG] [direct] Download button injected (player mini) @ chrome-extension://ihaelfjohnpciodjianpgchimpgifgjk/js/direct.js:306
[    5927ms] [LOG] [direct] deduped player to 1 @ chrome-extension://ihaelfjohnpciodjianpgchimpgifgjk/js/direct.js:324
[    5927ms] [LOG] [direct] Download button injected (player mini) @ chrome-extension://ihaelfjohnpciodjianpgchimpgifgjk/js/direct.js:306
[    5927ms] [LOG] [direct] deduped player to 1 @ chrome-extension://ihaelfjohnpciodjianpgchimpgifgjk/js/direct.js:324
[    5928ms] [LOG] [direct] Download button injected (player mini) @ chrome-extension://ihaelfjohnpciodjianpgchimpgifgjk/js/direct.js:306
[    5928ms] [LOG] [direct] deduped player to 1 @ chrome-extension://ihaelfjohnpciodjianpgchimpgifgjk/js/direct.js:324
[    5929ms] [LOG] [direct] Download button injected (player mini) @ chrome-extension://ihaelfjohnpciodjianpgchimpgifgjk/js/direct.js:306
[    5929ms] [LOG] [direct] deduped player to 1 @ chrome-extension://ihaelfjohnpciodjianpgchimpgifgjk/js/direct.js:324
[    5929ms] [LOG] [direct] Download button injected (player mini) @ chrome-extension://ihaelfjohnpciodjianpgchimpgifgjk/js/direct.js:306
[    5930ms] [LOG] [direct] deduped player to 1 @ chrome-extension://ihaelfjohnpciodjianpgchimpgifgjk/js/direct.js:324
[    5930ms] [LOG] [direct] Download button injected (player mini) @ chrome-extension://ihaelfjohnpciodjianpgchimpgifgjk/js/direct.js:306
[    5930ms] [LOG] [direct] deduped player to 1 @ chrome-extension://ihaelfjohnpciodjianpgchimpgifgjk/js/direct.js:324
[    5931ms] [LOG] [direct] Download button injected (player mini) @ chrome-extension://ihaelfjohnpciodjianpgchimpgifgjk/js/direct.js:306
[    5931ms] [LOG] [direct] deduped player to 1 @ chrome-extension://ihaelfjohnpciodjianpgchimpgifgjk/js/direct.js:324
[    5931ms] [LOG] [direct] Download button injected (player mini) @ chrome-extension://ihaelfjohnpciodjianpgchimpgifgjk/js/direct.js:306
[    5931ms] [LOG] [direct] deduped player to 1 @ chrome-extension://ihaelfjohnpciodjianpgchimpgifgjk/js/direct.js:324
[    5932ms] [LOG] [direct] Download button injected (player mini) @ chrome-extension://ihaelfjohnpciodjianpgchimpgifgjk/js/direct.js:306
[    5932ms] [LOG] [direct] deduped player to 1 @ chrome-extension://ihaelfjohnpciodjianpgchimpgifgjk/js/direct.js:324
[    5933ms] [LOG] [direct] Download button injected (player mini) @ chrome-extension://ihaelfjohnpciodjianpgchimpgifgjk/js/direct.js:306
[    5933ms] [LOG] [direct] deduped player to 1 @ chrome-extension://ihaelfjohnpciodjianpgchimpgifgjk/js/direct.js:324
[    5933ms] [LOG] [direct] Download button injected (player mini) @ chrome-extension://ihaelfjohnpciodjianpgchimpgifgjk/js/direct.js:306
[    5934ms] [LOG] [direct] deduped player to 1 @ chrome-extension://ihaelfjohnpciodjianpgchimpgifgjk/js/direct.js:324
[    5934ms] [LOG] [direct] Download button injected (player mini) @ chrome-extension://ihaelfjohnpciodjianpgchimpgifgjk/js/direct.js:306
[    5935ms] [LOG] [direct] deduped player to 1 @ chrome-extension://ihaelfjohnpciodjianpgchimpgifgjk/js/direct.js:324
[    5935ms] [LOG] [direct] Download button injected (player mini) @ chrome-extension://ihaelfjohnpciodjianpgchimpgifgjk/js/direct.js:306
[    5935ms] [LOG] [direct] deduped player to 1 @ chrome-extension://ihaelfjohnpciodjianpgchimpgifgjk/js/direct.js:324
[    5936ms] [LOG] [direct] Download button injected (player mini) @ chrome-extension://ihaelfjohnpciodjianpgchimpgifgjk/js/direct.js:306
[    5936ms] [LOG] [direct] deduped player to 1 @ chrome-extension://ihaelfjohnpciodjianpgchimpgifgjk/js/direct.js:324
[    5937ms] [LOG] [direct] Download button injected (player mini) @ chrome-extension://ihaelfjohnpciodjianpgchimpgifgjk/js/direct.js:306
[    5938ms] [LOG] [direct] deduped player to 1 @ chrome-extension://ihaelfjohnpciodjianpgchimpgifgjk/js/direct.js:324
[    5938ms] [LOG] [direct] Download button injected (player mini) @ chrome-extension://ihaelfjohnpciodjianpgchimpgifgjk/js/direct.js:306
[    5939ms] [LOG] [direct] deduped player to 1 @ chrome-extension://ihaelfjohnpciodjianpgchimpgifgjk/js/direct.js:324
[    5941ms] [LOG] [direct] Download button injected (player mini) @ chrome-extension://ihaelfjohnpciodjianpgchimpgifgjk/js/direct.js:306
[    5942ms] [LOG] [direct] deduped player to 1 @ chrome-extension://ihaelfjohnpciodjianpgchimpgifgjk/js/direct.js:324
[    5943ms] [LOG] [direct] Download button injected (player mini) @ chrome-extension://ihaelfjohnpciodjianpgchimpgifgjk/js/direct.js:306
[    5943ms] [LOG] [direct] deduped player to 1 @ chrome-extension://ihaelfjohnpciodjianpgchimpgifgjk/js/direct.js:324
[    5944ms] [LOG] [direct] Download button injected (player mini) @ chrome-extension://ihaelfjohnpciodjianpgchimpgifgjk/js/direct.js:306
[    5944ms] [LOG] [direct] deduped player to 1 @ chrome-extension://ihaelfjohnpciodjianpgchimpgifgjk/js/direct.js:324
[    5945ms] [LOG] [direct] Download button injected (player mini) @ chrome-extension://ihaelfjohnpciodjianpgchimpgifgjk/js/direct.js:306
[    5946ms] [LOG] [direct] deduped player to 1 @ chrome-extension://ihaelfjohnpciodjianpgchimpgifgjk/js/direct.js:324
[    5946ms] [LOG] [direct] Download button injected (player mini) @ chrome-extension://ihaelfjohnpciodjianpgchimpgifgjk/js/direct.js:306
[    5947ms] [LOG] [direct] deduped player to 1 @ chrome-extension://ihaelfjohnpciodjianpgchimpgifgjk/js/direct.js:324
[    5947ms] [LOG] [direct] Download button injected (player mini) @ chrome-extension://ihaelfjohnpciodjianpgchimpgifgjk/js/direct.js:306
[    5948ms] [LOG] [direct] deduped player to 1 @ chrome-extension://ihaelfjohnpciodjianpgchimpgifgjk/js/direct.js:324
[    5949ms] [LOG] [direct] Download button injected (player mini) @ chrome-extension://ihaelfjohnpciodjianpgchimpgifgjk/js/direct.js:306
[    5949ms] [LOG] [direct] deduped player to 1 @ chrome-extension://ihaelfjohnpciodjianpgchimpgifgjk/js/direct.js:324
[    5950ms] [LOG] [direct] Download button injected (player mini) @ chrome-extension://ihaelfjohnpciodjianpgchimpgifgjk/js/direct.js:306
[    5950ms] [LOG] [direct] deduped player to 1 @ chrome-extension://ihaelfjohnpciodjianpgchimpgifgjk/js/direct.js:324
[    5950ms] [LOG] [direct] Download button injected (player mini) @ chrome-extension://ihaelfjohnpciodjianpgchimpgifgjk/js/direct.js:306
[    5951ms] [LOG] [direct] deduped player to 1 @ chrome-extension://ihaelfjohnpciodjianpgchimpgifgjk/js/direct.js:324
[    5951ms] [LOG] [direct] Download button injected (player mini) @ chrome-extension://ihaelfjohnpciodjianpgchimpgifgjk/js/direct.js:306
[    5951ms] [LOG] [direct] deduped player to 1 @ chrome-extension://ihaelfjohnpciodjianpgchimpgifgjk/js/direct.js:324
[    5952ms] [LOG] [direct] Download button injected (player mini) @ chrome-extension://ihaelfjohnpciodjianpgchimpgifgjk/js/direct.js:306
[    5952ms] [LOG] [direct] deduped player to 1 @ chrome-extension://ihaelfjohnpciodjianpgchimpgifgjk/js/direct.js:324
[    5953ms] [LOG] [direct] Download button injected (player mini) @ chrome-extension://ihaelfjohnpciodjianpgchimpgifgjk/js/direct.js:306
[    5953ms] [LOG] [direct] deduped player to 1 @ chrome-extension://ihaelfjohnpciodjianpgchimpgifgjk/js/direct.js:324
[    5954ms] [LOG] [direct] Download button injected (player mini) @ chrome-extension://ihaelfjohnpciodjianpgchimpgifgjk/js/direct.js:306
[    5954ms] [LOG] [direct] deduped player to 1 @ chrome-extension://ihaelfjohnpciodjianpgchimpgifgjk/js/direct.js:324
[    5955ms] [LOG] [direct] Download button injected (player mini) @ chrome-extension://ihaelfjohnpciodjianpgchimpgifgjk/js/direct.js:306
[    5955ms] [LOG] [direct] deduped player to 1 @ chrome-extension://ihaelfjohnpciodjianpgchimpgifgjk/js/direct.js:324
[    5956ms] [LOG] [direct] Download button injected (player mini) @ chrome-extension://ihaelfjohnpciodjianpgchimpgifgjk/js/direct.js:306
[    5956ms] [LOG] [direct] deduped player to 1 @ chrome-extension://ihaelfjohnpciodjianpgchimpgifgjk/js/direct.js:324
[    5956ms] [LOG] [direct] Download button injected (player mini) @ chrome-extension://ihaelfjohnpciodjianpgchimpgifgjk/js/direct.js:306
[    5957ms] [LOG] [direct] deduped player to 1 @ chrome-extension://ihaelfjohnpciodjianpgchimpgifgjk/js/direct.js:324
[    5957ms] [LOG] [direct] Download button injected (player mini) @ chrome-extension://ihaelfjohnpciodjianpgchimpgifgjk/js/direct.js:306
[    5957ms] [LOG] [direct] deduped player to 1 @ chrome-extension://ihaelfjohnpciodjianpgchimpgifgjk/js/direct.js:324
[    5958ms] [LOG] [direct] Download button injected (player mini) @ chrome-extension://ihaelfjohnpciodjianpgchimpgifgjk/js/direct.js:306
[    5959ms] [LOG] [direct] deduped player to 1 @ chrome-extension://ihaelfjohnpciodjianpgchimpgifgjk/js/direct.js:324
[    5960ms] [LOG] [direct] Download button injected (player mini) @ chrome-extension://ihaelfjohnpciodjianpgchimpgifgjk/js/direct.js:306
[    5960ms] [LOG] [direct] deduped player to 1 @ chrome-extension://ihaelfjohnpciodjianpgchimpgifgjk/js/direct.js:324
[    5961ms] [LOG] [direct] Download button injected (player mini) @ chrome-extension://ihaelfjohnpciodjianpgchimpgifgjk/js/direct.js:306
[    5961ms] [LOG] [direct] deduped player to 1 @ chrome-extension://ihaelfjohnpciodjianpgchimpgifgjk/js/direct.js:324
[    5962ms] [LOG] [direct] Download button injected (player mini) @ chrome-extension://ihaelfjohnpciodjianpgchimpgifgjk/js/direct.js:306
[    5962ms] [LOG] [direct] deduped player to 1 @ chrome-extension://ihaelfjohnpciodjianpgchimpgifgjk/js/direct.js:324
[    5963ms] [LOG] [direct] Download button injected (player mini) @ chrome-extension://ihaelfjohnpciodjianpgchimpgifgjk/js/direct.js:306
[    5964ms] [LOG] [direct] deduped player to 1 @ chrome-extension://ihaelfjohnpciodjianpgchimpgifgjk/js/direct.js:324
[    5964ms] [LOG] [direct] Download button injected (player mini) @ chrome-extension://ihaelfjohnpciodjianpgchimpgifgjk/js/direct.js:306
[    5965ms] [LOG] [direct] deduped player to 1 @ chrome-extension://ihaelfjohnpciodjianpgchimpgifgjk/js/direct.js:324
[    5965ms] [LOG] [direct] Download button injected (player mini) @ chrome-extension://ihaelfjohnpciodjianpgchimpgifgjk/js/direct.js:306
[    5966ms] [LOG] [direct] deduped player to 1 @ chrome-extension://ihaelfjohnpciodjianpgchimpgifgjk/js/direct.js:324
[    5966ms] [LOG] [direct] Download button injected (player mini) @ chrome-extension://ihaelfjohnpciodjianpgchimpgifgjk/js/direct.js:306
[    5967ms] [LOG] [direct] deduped player to 1 @ chrome-extension://ihaelfjohnpciodjianpgchimpgifgjk/js/direct.js:324
[    5967ms] [LOG] [direct] Download button injected (player mini) @ chrome-extension://ihaelfjohnpciodjianpgchimpgifgjk/js/direct.js:306
[    5968ms] [LOG] [direct] deduped player to 1 @ chrome-extension://ihaelfjohnpciodjianpgchimpgifgjk/js/direct.js:324
[    5968ms] [LOG] [direct] Download button injected (player mini) @ chrome-extension://ihaelfjohnpciodjianpgchimpgifgjk/js/direct.js:306
[    5969ms] [LOG] [direct] deduped player to 1 @ chrome-extension://ihaelfjohnpciodjianpgchimpgifgjk/js/direct.js:324
[    5969ms] [LOG] [direct] Download button injected (player mini) @ chrome-extension://ihaelfjohnpciodjianpgchimpgifgjk/js/direct.js:306
[    5970ms] [LOG] [direct] deduped player to 1 @ chrome-extension://ihaelfjohnpciodjianpgchimpgifgjk/js/direct.js:324
[    5971ms] [LOG] [direct] Download button injected (player mini) @ chrome-extension://ihaelfjohnpciodjianpgchimpgifgjk/js/direct.js:306
[    5971ms] [LOG] [direct] deduped player to 1 @ chrome-extension://ihaelfjohnpciodjianpgchimpgifgjk/js/direct.js:324
[    5972ms] [LOG] [direct] Download button injected (player mini) @ chrome-extension://ihaelfjohnpciodjianpgchimpgifgjk/js/direct.js:306
[    5972ms] [LOG] [direct] deduped player to 1 @ chrome-extension://ihaelfjohnpciodjianpgchimpgifgjk/js/direct.js:324
[    5973ms] [LOG] [direct] Download button injected (player mini) @ chrome-extension://ihaelfjohnpciodjianpgchimpgifgjk/js/direct.js:306
[    5973ms] [LOG] [direct] deduped player to 1 @ chrome-extension://ihaelfjohnpciodjianpgchimpgifgjk/js/direct.js:324
[    5973ms] [LOG] [direct] Download button injected (player mini) @ chrome-extension://ihaelfjohnpciodjianpgchimpgifgjk/js/direct.js:306
[    5974ms] [LOG] [direct] deduped player to 1 @ chrome-extension://ihaelfjohnpciodjianpgchimpgifgjk/js/direct.js:324
[    5974ms] [LOG] [direct] Download button injected (player mini) @ chrome-extension://ihaelfjohnpciodjianpgchimpgifgjk/js/direct.js:306
[    5975ms] [LOG] [direct] deduped player to 1 @ chrome-extension://ihaelfjohnpciodjianpgchimpgifgjk/js/direct.js:324
[    5976ms] [LOG] [direct] Download button injected (player mini) @ chrome-extension://ihaelfjohnpciodjianpgchimpgifgjk/js/direct.js:306
[    5976ms] [LOG] [direct] deduped player to 1 @ chrome-extension://ihaelfjohnpciodjianpgchimpgifgjk/js/direct.js:324
[    5977ms] [LOG] [direct] Download button injected (player mini) @ chrome-extension://ihaelfjohnpciodjianpgchimpgifgjk/js/direct.js:306
[    5977ms] [LOG] [direct] deduped player to 1 @ chrome-extension://ihaelfjohnpciodjianpgchimpgifgjk/js/direct.js:324
[    5978ms] [LOG] [direct] Download button injected (player mini) @ chrome-extension://ihaelfjohnpciodjianpgchimpgifgjk/js/direct.js:306
[    5978ms] [LOG] [direct] deduped player to 1 @ chrome-extension://ihaelfjohnpciodjianpgchimpgifgjk/js/direct.js:324
[    5979ms] [LOG] [direct] Download button injected (player mini) @ chrome-extension://ihaelfjohnpciodjianpgchimpgifgjk/js/direct.js:306
[    5979ms] [LOG] [direct] deduped player to 1 @ chrome-extension://ihaelfjohnpciodjianpgchimpgifgjk/js/direct.js:324
[    5980ms] [LOG] [direct] Download button injected (player mini) @ chrome-extension://ihaelfjohnpciodjianpgchimpgifgjk/js/direct.js:306
[    5980ms] [LOG] [direct] deduped player to 1 @ chrome-extension://ihaelfjohnpciodjianpgchimpgifgjk/js/direct.js:324
[    5981ms] [LOG] [direct] Download button injected (player mini) @ chrome-extension://ihaelfjohnpciodjianpgchimpgifgjk/js/direct.js:306
[    5981ms] [LOG] [direct] deduped player to 1 @ chrome-extension://ihaelfjohnpciodjianpgchimpgifgjk/js/direct.js:324
[    5982ms] [LOG] [direct] Download button injected (player mini) @ chrome-extension://ihaelfjohnpciodjianpgchimpgifgjk/js/direct.js:306
[    5982ms] [LOG] [direct] deduped player to 1 @ chrome-extension://ihaelfjohnpciodjianpgchimpgifgjk/js/direct.js:324
[    5983ms] [LOG] [direct] Download button injected (player mini) @ chrome-extension://ihaelfjohnpciodjianpgchimpgifgjk/js/direct.js:306
[    5983ms] [LOG] [direct] deduped player to 1 @ chrome-extension://ihaelfjohnpciodjianpgchimpgifgjk/js/direct.js:324
[    5984ms] [LOG] [direct] Download button injected (player mini) @ chrome-extension://ihaelfjohnpciodjianpgchimpgifgjk/js/direct.js:306
[    5984ms] [LOG] [direct] deduped player to 1 @ chrome-extension://ihaelfjohnpciodjianpgchimpgifgjk/js/direct.js:324
[    5985ms] [LOG] [direct] Download button injected (player mini) @ chrome-extension://ihaelfjohnpciodjianpgchimpgifgjk/js/direct.js:306
[    5985ms] [LOG] [direct] deduped player to 1 @ chrome-extension://ihaelfjohnpciodjianpgchimpgifgjk/js/direct.js:324
[    5985ms] [LOG] [direct] Download button injected (player mini) @ chrome-extension://ihaelfjohnpciodjianpgchimpgifgjk/js/direct.js:306
[    5986ms] [LOG] [direct] deduped player to 1 @ chrome-extension://ihaelfjohnpciodjianpgchimpgifgjk/js/direct.js:324
[    5987ms] [LOG] [direct] Download button injected (player mini) @ chrome-extension://ihaelfjohnpciodjianpgchimpgifgjk/js/direct.js:306
[    5987ms] [LOG] [direct] deduped player to 1 @ chrome-extension://ihaelfjohnpciodjianpgchimpgifgjk/js/direct.js:324
[    5987ms] [LOG] [direct] Download button injected (player mini) @ chrome-extension://ihaelfjohnpciodjianpgchimpgifgjk/js/direct.js:306
[    5988ms] [LOG] [direct] deduped player to 1 @ chrome-extension://ihaelfjohnpciodjianpgchimpgifgjk/js/direct.js:324
[    5988ms] [LOG] [direct] Download button injected (player mini) @ chrome-extension://ihaelfjohnpciodjianpgchimpgifgjk/js/direct.js:306
[    5988ms] [LOG] [direct] deduped player to 1 @ chrome-extension://ihaelfjohnpciodjianpgchimpgifgjk/js/direct.js:324
[    5989ms] [LOG] [direct] Download button injected (player mini) @ chrome-extension://ihaelfjohnpciodjianpgchimpgifgjk/js/direct.js:306
[    5990ms] [LOG] [direct] deduped player to 1 @ chrome-extension://ihaelfjohnpciodjianpgchimpgifgjk/js/direct.js:324
[    5990ms] [LOG] [direct] Download button injected (player mini) @ chrome-extension://ihaelfjohnpciodjianpgchimpgifgjk/js/direct.js:306
[    5991ms] [LOG] [direct] deduped player to 1 @ chrome-extension://ihaelfjohnpciodjianpgchimpgifgjk/js/direct.js:324
[    5991ms] [LOG] [direct] Download button injected (player mini) @ chrome-extension://ihaelfjohnpciodjianpgchimpgifgjk/js/direct.js:306
[    5992ms] [LOG] [direct] deduped player to 1 @ chrome-extension://ihaelfjohnpciodjianpgchimpgifgjk/js/direct.js:324
[    5993ms] [LOG] [direct] Download button injected (player mini) @ chrome-extension://ihaelfjohnpciodjianpgchimpgifgjk/js/direct.js:306
[    5993ms] [LOG] [direct] deduped player to 1 @ chrome-extension://ihaelfjohnpciodjianpgchimpgifgjk/js/direct.js:324
[    5994ms] [LOG] [direct] Download button injected (player mini) @ chrome-extension://ihaelfjohnpciodjianpgchimpgifgjk/js/direct.js:306
[    5995ms] [LOG] [direct] deduped player to 1 @ chrome-extension://ihaelfjohnpciodjianpgchimpgifgjk/js/direct.js:324
[    5995ms] [LOG] [direct] Download button injected (player mini) @ chrome-extension://ihaelfjohnpciodjianpgchimpgifgjk/js/direct.js:306
[    5996ms] [LOG] [direct] deduped player to 1 @ chrome-extension://ihaelfjohnpciodjianpgchimpgifgjk/js/direct.js:324
[    5997ms] [LOG] [direct] Download button injected (player mini) @ chrome-extension://ihaelfjohnpciodjianpgchimpgifgjk/js/direct.js:306
[    5997ms] [LOG] [direct] deduped player to 1 @ chrome-extension://ihaelfjohnpciodjianpgchimpgifgjk/js/direct.js:324
[    5998ms] [LOG] [direct] Download button injected (player mini) @ chrome-extension://ihaelfjohnpciodjianpgchimpgifgjk/js/direct.js:306
[    5998ms] [LOG] [direct] deduped player to 1 @ chrome-extension://ihaelfjohnpciodjianpgchimpgifgjk/js/direct.js:324
[    5999ms] [LOG] [direct] Download button injected (player mini) @ chrome-extension://ihaelfjohnpciodjianpgchimpgifgjk/js/direct.js:306
[    5999ms] [LOG] [direct] deduped player to 1 @ chrome-extension://ihaelfjohnpciodjianpgchimpgifgjk/js/direct.js:324
[    6000ms] [LOG] [direct] Download button injected (player mini) @ chrome-extension://ihaelfjohnpciodjianpgchimpgifgjk/js/direct.js:306
[    6000ms] [LOG] [direct] deduped player to 1 @ chrome-extension://ihaelfjohnpciodjianpgchimpgifgjk/js/direct.js:324
[    6000ms] [LOG] [direct] Download button injected (player mini) @ chrome-extension://ihaelfjohnpciodjianpgchimpgifgjk/js/direct.js:306
[    6000ms] [LOG] [direct] deduped player to 1 @ chrome-extension://ihaelfjohnpciodjianpgchimpgifgjk/js/direct.js:324
[    6002ms] [LOG] [direct] Download button injected (player mini) @ chrome-extension://ihaelfjohnpciodjianpgchimpgifgjk/js/direct.js:306
[    6002ms] [LOG] [direct] deduped player to 1 @ chrome-extension://ihaelfjohnpciodjianpgchimpgifgjk/js/direct.js:324
[    6002ms] [LOG] [direct] Download button injected (player mini) @ chrome-extension://ihaelfjohnpciodjianpgchimpgifgjk/js/direct.js:306
[    6003ms] [LOG] [direct] deduped player to 1 @ chrome-extension://ihaelfjohnpciodjianpgchimpgifgjk/js/direct.js:324
[    6003ms] [LOG] [direct] Download button injected (player mini) @ chrome-extension://ihaelfjohnpciodjianpgchimpgifgjk/js/direct.js:306
[    6004ms] [LOG] [direct] deduped player to 1 @ chrome-extension://ihaelfjohnpciodjianpgchimpgifgjk/js/direct.js:324
[    6004ms] [LOG] [direct] Download button injected (player mini) @ chrome-extension://ihaelfjohnpciodjianpgchimpgifgjk/js/direct.js:306
[    6005ms] [LOG] [direct] deduped player to 1 @ chrome-extension://ihaelfjohnpciodjianpgchimpgifgjk/js/direct.js:324
[    6005ms] [LOG] [direct] Download button injected (player mini) @ chrome-extension://ihaelfjohnpciodjianpgchimpgifgjk/js/direct.js:306
[    6006ms] [LOG] [direct] deduped player to 1 @ chrome-extension://ihaelfjohnpciodjianpgchimpgifgjk/js/direct.js:324
[    6006ms] [LOG] [direct] Download button injected (player mini) @ chrome-extension://ihaelfjohnpciodjianpgchimpgifgjk/js/direct.js:306
[    6007ms] [LOG] [direct] deduped player to 1 @ chrome-extension://ihaelfjohnpciodjianpgchimpgifgjk/js/direct.js:324
[    6007ms] [LOG] [direct] Download button injected (player mini) @ chrome-extension://ihaelfjohnpciodjianpgchimpgifgjk/js/direct.js:306
[    6007ms] [LOG] [direct] deduped player to 1 @ chrome-extension://ihaelfjohnpciodjianpgchimpgifgjk/js/direct.js:324
[    6008ms] [LOG] [direct] Download button injected (player mini) @ chrome-extension://ihaelfjohnpciodjianpgchimpgifgjk/js/direct.js:306
[    6008ms] [LOG] [direct] deduped player to 1 @ chrome-extension://ihaelfjohnpciodjianpgchimpgifgjk/js/direct.js:324
[    6009ms] [LOG] [direct] Download button injected (player mini) @ chrome-extension://ihaelfjohnpciodjianpgchimpgifgjk/js/direct.js:306
[    6009ms] [LOG] [direct] deduped player to 1 @ chrome-extension://ihaelfjohnpciodjianpgchimpgifgjk/js/direct.js:324
[    6010ms] [LOG] [direct] Download button injected (player mini) @ chrome-extension://ihaelfjohnpciodjianpgchimpgifgjk/js/direct.js:306
[    6010ms] [LOG] [direct] deduped player to 1 @ chrome-extension://ihaelfjohnpciodjianpgchimpgifgjk/js/direct.js:324
[    6011ms] [LOG] [direct] Download button injected (player mini) @ chrome-extension://ihaelfjohnpciodjianpgchimpgifgjk/js/direct.js:306
[    6011ms] [LOG] [direct] deduped player to 1 @ chrome-extension://ihaelfjohnpciodjianpgchimpgifgjk/js/direct.js:324
[    6012ms] [LOG] [direct] Download button injected (player mini) @ chrome-extension://ihaelfjohnpciodjianpgchimpgifgjk/js/direct.js:306
[    6012ms] [LOG] [direct] deduped player to 1 @ chrome-extension://ihaelfjohnpciodjianpgchimpgifgjk/js/direct.js:324
[    6013ms] [LOG] [direct] Download button injected (player mini) @ chrome-extension://ihaelfjohnpciodjianpgchimpgifgjk/js/direct.js:306
[    6013ms] [LOG] [direct] deduped player to 1 @ chrome-extension://ihaelfjohnpciodjianpgchimpgifgjk/js/direct.js:324
[    6014ms] [LOG] [direct] Download button injected (player mini) @ chrome-extension://ihaelfjohnpciodjianpgchimpgifgjk/js/direct.js:306
[    6014ms] [LOG] [direct] deduped player to 1 @ chrome-extension://ihaelfjohnpciodjianpgchimpgifgjk/js/direct.js:324
[    6015ms] [LOG] [direct] Download button injected (player mini) @ chrome-extension://ihaelfjohnpciodjianpgchimpgifgjk/js/direct.js:306
[    6015ms] [LOG] [direct] deduped player to 1 @ chrome-extension://ihaelfjohnpciodjianpgchimpgifgjk/js/direct.js:324
[    6016ms] [LOG] [direct] Download button injected (player mini) @ chrome-extension://ihaelfjohnpciodjianpgchimpgifgjk/js/direct.js:306
[    6016ms] [LOG] [direct] deduped player to 1 @ chrome-extension://ihaelfjohnpciodjianpgchimpgifgjk/js/direct.js:324
[    6017ms] [LOG] [direct] Download button injected (player mini) @ chrome-extension://ihaelfjohnpciodjianpgchimpgifgjk/js/direct.js:306
[    6017ms] [LOG] [direct] deduped player to 1 @ chrome-extension://ihaelfjohnpciodjianpgchimpgifgjk/js/direct.js:324
[    6017ms] [LOG] [direct] Download button injected (player mini) @ chrome-extension://ihaelfjohnpciodjianpgchimpgifgjk/js/direct.js:306
[    6018ms] [LOG] [direct] deduped player to 1 @ chrome-extension://ihaelfjohnpciodjianpgchimpgifgjk/js/direct.js:324
[    6018ms] [LOG] [direct] Download button injected (player mini) @ chrome-extension://ihaelfjohnpciodjianpgchimpgifgjk/js/direct.js:306
[    6019ms] [LOG] [direct] deduped player to 1 @ chrome-extension://ihaelfjohnpciodjianpgchimpgifgjk/js/direct.js:324
[    6020ms] [LOG] [direct] Download button injected (player mini) @ chrome-extension://ihaelfjohnpciodjianpgchimpgifgjk/js/direct.js:306
[    6020ms] [LOG] [direct] deduped player to 1 @ chrome-extension://ihaelfjohnpciodjianpgchimpgifgjk/js/direct.js:324
[    6020ms] [LOG] [direct] Download button injected (player mini) @ chrome-extension://ihaelfjohnpciodjianpgchimpgifgjk/js/direct.js:306
[    6021ms] [LOG] [direct] deduped player to 1 @ chrome-extension://ihaelfjohnpciodjianpgchimpgifgjk/js/direct.js:324
[    6021ms] [LOG] [direct] Download button injected (player mini) @ chrome-extension://ihaelfjohnpciodjianpgchimpgifgjk/js/direct.js:306
[    6022ms] [LOG] [direct] deduped player to 1 @ chrome-extension://ihaelfjohnpciodjianpgchimpgifgjk/js/direct.js:324
[    6022ms] [LOG] [direct] Download button injected (player mini) @ chrome-extension://ihaelfjohnpciodjianpgchimpgifgjk/js/direct.js:306
[    6022ms] [LOG] [direct] deduped player to 1 @ chrome-extension://ihaelfjohnpciodjianpgchimpgifgjk/js/direct.js:324
[    6023ms] [LOG] [direct] Download button injected (player mini) @ chrome-extension://ihaelfjohnpciodjianpgchimpgifgjk/js/direct.js:306
[    6023ms] [LOG] [direct] deduped player to 1 @ chrome-extension://ihaelfjohnpciodjianpgchimpgifgjk/js/direct.js:324
[    6024ms] [LOG] [direct] Download button injected (player mini) @ chrome-extension://ihaelfjohnpciodjianpgchimpgifgjk/js/direct.js:306
[    6025ms] [LOG] [direct] deduped player to 1 @ chrome-extension://ihaelfjohnpciodjianpgchimpgifgjk/js/direct.js:324
[    6026ms] [LOG] [direct] Download button injected (player mini) @ chrome-extension://ihaelfjohnpciodjianpgchimpgifgjk/js/direct.js:306
[    6026ms] [LOG] [direct] deduped player to 1 @ chrome-extension://ihaelfjohnpciodjianpgchimpgifgjk/js/direct.js:324
[    6027ms] [LOG] [direct] Download button injected (player mini) @ chrome-extension://ihaelfjohnpciodjianpgchimpgifgjk/js/direct.js:306
[    6028ms] [LOG] [direct] deduped player to 1 @ chrome-extension://ihaelfjohnpciodjianpgchimpgifgjk/js/direct.js:324
[    6029ms] [LOG] [direct] Download button injected (player mini) @ chrome-extension://ihaelfjohnpciodjianpgchimpgifgjk/js/direct.js:306
[    6029ms] [LOG] [direct] deduped player to 1 @ chrome-extension://ihaelfjohnpciodjianpgchimpgifgjk/js/direct.js:324
[    6030ms] [LOG] [direct] Download button injected (player mini) @ chrome-extension://ihaelfjohnpciodjianpgchimpgifgjk/js/direct.js:306
[    6030ms] [LOG] [direct] deduped player to 1 @ chrome-extension://ihaelfjohnpciodjianpgchimpgifgjk/js/direct.js:324
[    6031ms] [LOG] [direct] Download button injected (player mini) @ chrome-extension://ihaelfjohnpciodjianpgchimpgifgjk/js/direct.js:306
[    6032ms] [LOG] [direct] deduped player to 1 @ chrome-extension://ihaelfjohnpciodjianpgchimpgifgjk/js/direct.js:324
[    6033ms] [LOG] [direct] Download button injected (player mini) @ chrome-extension://ihaelfjohnpciodjianpgchimpgifgjk/js/direct.js:306
[    6033ms] [LOG] [direct] deduped player to 1 @ chrome-extension://ihaelfjohnpciodjianpgchimpgifgjk/js/direct.js:324
[    6034ms] [LOG] [direct] Download button injected (player mini) @ chrome-extension://ihaelfjohnpciodjianpgchimpgifgjk/js/direct.js:306
[    6035ms] [LOG] [direct] deduped player to 1 @ chrome-extension://ihaelfjohnpciodjianpgchimpgifgjk/js/direct.js:324
[    6036ms] [LOG] [direct] Download button injected (player mini) @ chrome-extension://ihaelfjohnpciodjianpgchimpgifgjk/js/direct.js:306
[    6036ms] [LOG] [direct] deduped player to 1 @ chrome-extension://ihaelfjohnpciodjianpgchimpgifgjk/js/direct.js:324
[    6037ms] [LOG] [direct] Download button injected (player mini) @ chrome-extension://ihaelfjohnpciodjianpgchimpgifgjk/js/direct.js:306
[    6037ms] [LOG] [direct] deduped player to 1 @ chrome-extension://ihaelfjohnpciodjianpgchimpgifgjk/js/direct.js:324
[    6038ms] [LOG] [direct] Download button injected (player mini) @ chrome-extension://ihaelfjohnpciodjianpgchimpgifgjk/js/direct.js:306
[    6039ms] [LOG] [direct] deduped player to 1 @ chrome-extension://ihaelfjohnpciodjianpgchimpgifgjk/js/direct.js:324
[    6040ms] [LOG] [direct] Download button injected (player mini) @ chrome-extension://ihaelfjohnpciodjianpgchimpgifgjk/js/direct.js:306
[    6040ms] [LOG] [direct] deduped player to 1 @ chrome-extension://ihaelfjohnpciodjianpgchimpgifgjk/js/direct.js:324
[    6041ms] [LOG] [direct] Download button injected (player mini) @ chrome-extension://ihaelfjohnpciodjianpgchimpgifgjk/js/direct.js:306
[    6041ms] [LOG] [direct] deduped player to 1 @ chrome-extension://ihaelfjohnpciodjianpgchimpgifgjk/js/direct.js:324
[    6043ms] [LOG] [direct] Download button injected (player mini) @ chrome-extension://ihaelfjohnpciodjianpgchimpgifgjk/js/direct.js:306
[    6043ms] [LOG] [direct] deduped player to 1 @ chrome-extension://ihaelfjohnpciodjianpgchimpgifgjk/js/direct.js:324
[    6044ms] [LOG] [direct] Download button injected (player mini) @ chrome-extension://ihaelfjohnpciodjianpgchimpgifgjk/js/direct.js:306
[    6044ms] [LOG] [direct] deduped player to 1 @ chrome-extension://ihaelfjohnpciodjianpgchimpgifgjk/js/direct.js:324
[    6045ms] [LOG] [direct] Download button injected (player mini) @ chrome-extension://ihaelfjohnpciodjianpgchimpgifgjk/js/direct.js:306
[    6045ms] [LOG] [direct] deduped player to 1 @ chrome-extension://ihaelfjohnpciodjianpgchimpgifgjk/js/direct.js:324
[    6046ms] [LOG] [direct] Download button injected (player mini) @ chrome-extension://ihaelfjohnpciodjianpgchimpgifgjk/js/direct.js:306
[    6047ms] [LOG] [direct] deduped player to 1 @ chrome-extension://ihaelfjohnpciodjianpgchimpgifgjk/js/direct.js:324
[    6047ms] [LOG] [direct] Download button injected (player mini) @ chrome-extension://ihaelfjohnpciodjianpgchimpgifgjk/js/direct.js:306
[    6048ms] [LOG] [direct] deduped player to 1 @ chrome-extension://ihaelfjohnpciodjianpgchimpgifgjk/js/direct.js:324
[    6049ms] [LOG] [direct] Download button injected (player mini) @ chrome-extension://ihaelfjohnpciodjianpgchimpgifgjk/js/direct.js:306
[    6049ms] [LOG] [direct] deduped player to 1 @ chrome-extension://ihaelfjohnpciodjianpgchimpgifgjk/js/direct.js:324
[    6050ms] [LOG] [direct] Download button injected (player mini) @ chrome-extension://ihaelfjohnpciodjianpgchimpgifgjk/js/direct.js:306
[    6050ms] [LOG] [direct] deduped player to 1 @ chrome-extension://ihaelfjohnpciodjianpgchimpgifgjk/js/direct.js:324
[    6051ms] [LOG] [direct] Download button injected (player mini) @ chrome-extension://ihaelfjohnpciodjianpgchimpgifgjk/js/direct.js:306
[    6052ms] [LOG] [direct] deduped player to 1 @ chrome-extension://ihaelfjohnpciodjianpgchimpgifgjk/js/direct.js:324
[    6053ms] [LOG] [direct] Download button injected (player mini) @ chrome-extension://ihaelfjohnpciodjianpgchimpgifgjk/js/direct.js:306
[    6053ms] [LOG] [direct] deduped player to 1 @ chrome-extension://ihaelfjohnpciodjianpgchimpgifgjk/js/direct.js:324
[    6055ms] [LOG] [direct] Download button injected (player mini) @ chrome-extension://ihaelfjohnpciodjianpgchimpgifgjk/js/direct.js:306
[    6055ms] [LOG] [direct] deduped player to 1 @ chrome-extension://ihaelfjohnpciodjianpgchimpgifgjk/js/direct.js:324
[    6056ms] [LOG] [direct] Download button injected (player mini) @ chrome-extension://ihaelfjohnpciodjianpgchimpgifgjk/js/direct.js:306
[    6057ms] [LOG] [direct] deduped player to 1 @ chrome-extension://ihaelfjohnpciodjianpgchimpgifgjk/js/direct.js:324
[    6059ms] [LOG] [direct] Download button injected (player mini) @ chrome-extension://ihaelfjohnpciodjianpgchimpgifgjk/js/direct.js:306
[    6060ms] [LOG] [direct] deduped player to 1 @ chrome-extension://ihaelfjohnpciodjianpgchimpgifgjk/js/direct.js:324
[    6061ms] [LOG] [direct] Download button injected (player mini) @ chrome-extension://ihaelfjohnpciodjianpgchimpgifgjk/js/direct.js:306
[    6062ms] [LOG] [direct] deduped player to 1 @ chrome-extension://ihaelfjohnpciodjianpgchimpgifgjk/js/direct.js:324
[    6064ms] [LOG] [direct] Download button injected (player mini) @ chrome-extension://ihaelfjohnpciodjianpgchimpgifgjk/js/direct.js:306
[    6064ms] [LOG] [direct] deduped player to 1 @ chrome-extension://ihaelfjohnpciodjianpgchimpgifgjk/js/direct.js:324
[    6066ms] [LOG] [direct] Download button injected (player mini) @ chrome-extension://ihaelfjohnpciodjianpgchimpgifgjk/js/direct.js:306
[    6066ms] [LOG] [direct] deduped player to 1 @ chrome-extension://ihaelfjohnpciodjianpgchimpgifgjk/js/direct.js:324
[    6067ms] [LOG] [direct] Download button injected (player mini) @ chrome-extension://ihaelfjohnpciodjianpgchimpgifgjk/js/direct.js:306
[    6068ms] [LOG] [direct] deduped player to 1 @ chrome-extension://ihaelfjohnpciodjianpgchimpgifgjk/js/direct.js:324
[    6069ms] [LOG] [direct] Download button injected (player mini) @ chrome-extension://ihaelfjohnpciodjianpgchimpgifgjk/js/direct.js:306
[    6070ms] [LOG] [direct] deduped player to 1 @ chrome-extension://ihaelfjohnpciodjianpgchimpgifgjk/js/direct.js:324
[    6071ms] [LOG] [direct] Download button injected (player mini) @ chrome-extension://ihaelfjohnpciodjianpgchimpgifgjk/js/direct.js:306
[    6072ms] [LOG] [direct] deduped player to 1 @ chrome-extension://ihaelfjohnpciodjianpgchimpgifgjk/js/direct.js:324
[    6073ms] [LOG] [direct] Download button injected (player mini) @ chrome-extension://ihaelfjohnpciodjianpgchimpgifgjk/js/direct.js:306
[    6074ms] [LOG] [direct] deduped player to 1 @ chrome-extension://ihaelfjohnpciodjianpgchimpgifgjk/js/direct.js:324
[    6076ms] [LOG] [direct] Download button injected (player mini) @ chrome-extension://ihaelfjohnpciodjianpgchimpgifgjk/js/direct.js:306
[    6077ms] [LOG] [direct] deduped player to 1 @ chrome-extension://ihaelfjohnpciodjianpgchimpgifgjk/js/direct.js:324
[    6078ms] [LOG] [direct] Download button injected (player mini) @ chrome-extension://ihaelfjohnpciodjianpgchimpgifgjk/js/direct.js:306
[    6079ms] [LOG] [direct] deduped player to 1 @ chrome-extension://ihaelfjohnpciodjianpgchimpgifgjk/js/direct.js:324
[    6080ms] [LOG] [direct] Download button injected (player mini) @ chrome-extension://ihaelfjohnpciodjianpgchimpgifgjk/js/direct.js:306
[    6081ms] [LOG] [direct] deduped player to 1 @ chrome-extension://ihaelfjohnpciodjianpgchimpgifgjk/js/direct.js:324
[    6082ms] [LOG] [direct] Download button injected (player mini) @ chrome-extension://ihaelfjohnpciodjianpgchimpgifgjk/js/direct.js:306
[    6082ms] [LOG] [direct] deduped player to 1 @ chrome-extension://ihaelfjohnpciodjianpgchimpgifgjk/js/direct.js:324
[    6083ms] [LOG] [direct] Download button injected (player mini) @ chrome-extension://ihaelfjohnpciodjianpgchimpgifgjk/js/direct.js:306
[    6084ms] [LOG] [direct] deduped player to 1 @ chrome-extension://ihaelfjohnpciodjianpgchimpgifgjk/js/direct.js:324
[    6085ms] [LOG] [direct] Download button injected (player mini) @ chrome-extension://ihaelfjohnpciodjianpgchimpgifgjk/js/direct.js:306
[    6086ms] [LOG] [direct] deduped player to 1 @ chrome-extension://ihaelfjohnpciodjianpgchimpgifgjk/js/direct.js:324
[    6087ms] [LOG] [direct] Download button injected (player mini) @ chrome-extension://ihaelfjohnpciodjianpgchimpgifgjk/js/direct.js:306
[    6087ms] [LOG] [direct] deduped player to 1 @ chrome-extension://ihaelfjohnpciodjianpgchimpgifgjk/js/direct.js:324
[    6088ms] [LOG] [direct] Download button injected (player mini) @ chrome-extension://ihaelfjohnpciodjianpgchimpgifgjk/js/direct.js:306
[    6089ms] [LOG] [direct] deduped player to 1 @ chrome-extension://ihaelfjohnpciodjianpgchimpgifgjk/js/direct.js:324
[    6090ms] [LOG] [direct] Download button injected (player mini) @ chrome-extension://ihaelfjohnpciodjianpgchimpgifgjk/js/direct.js:306
[    6090ms] [LOG] [direct] deduped player to 1 @ chrome-extension://ihaelfjohnpciodjianpgchimpgifgjk/js/direct.js:324
[    6092ms] [LOG] [direct] Download button injected (player mini) @ chrome-extension://ihaelfjohnpciodjianpgchimpgifgjk/js/direct.js:306
[    6092ms] [LOG] [direct] deduped player to 1 @ chrome-extension://ihaelfjohnpciodjianpgchimpgifgjk/js/direct.js:324
[    6094ms] [LOG] [direct] Download button injected (player mini) @ chrome-extension://ihaelfjohnpciodjianpgchimpgifgjk/js/direct.js:306
[    6094ms] [LOG] [direct] deduped player to 1 @ chrome-extension://ihaelfjohnpciodjianpgchimpgifgjk/js/direct.js:324
[    6095ms] [LOG] [direct] Download button injected (player mini) @ chrome-extension://ihaelfjohnpciodjianpgchimpgifgjk/js/direct.js:306
[    6096ms] [LOG] [direct] deduped player to 1 @ chrome-extension://ihaelfjohnpciodjianpgchimpgifgjk/js/direct.js:324
[    6097ms] [LOG] [direct] Download button injected (player mini) @ chrome-extension://ihaelfjohnpciodjianpgchimpgifgjk/js/direct.js:306
[    6097ms] [LOG] [direct] deduped player to 1 @ chrome-extension://ihaelfjohnpciodjianpgchimpgifgjk/js/direct.js:324
[    6098ms] [LOG] [direct] Download button injected (player mini) @ chrome-extension://ihaelfjohnpciodjianpgchimpgifgjk/js/direct.js:306
[    6098ms] [LOG] [direct] deduped player to 1 @ chrome-extension://ihaelfjohnpciodjianpgchimpgifgjk/js/direct.js:324
[    6099ms] [LOG] [direct] Download button injected (player mini) @ chrome-extension://ihaelfjohnpciodjianpgchimpgifgjk/js/direct.js:306
[    6100ms] [LOG] [direct] deduped player to 1 @ chrome-extension://ihaelfjohnpciodjianpgchimpgifgjk/js/direct.js:324
[    6101ms] [LOG] [direct] Download button injected (player mini) @ chrome-extension://ihaelfjohnpciodjianpgchimpgifgjk/js/direct.js:306
[    6101ms] [LOG] [direct] deduped player to 1 @ chrome-extension://ihaelfjohnpciodjianpgchimpgifgjk/js/direct.js:324
[    6103ms] [LOG] [direct] Download button injected (player mini) @ chrome-extension://ihaelfjohnpciodjianpgchimpgifgjk/js/direct.js:306
[    6103ms] [LOG] [direct] deduped player to 1 @ chrome-extension://ihaelfjohnpciodjianpgchimpgifgjk/js/direct.js:324
[    6105ms] [LOG] [direct] Download button injected (player mini) @ chrome-extension://ihaelfjohnpciodjianpgchimpgifgjk/js/direct.js:306
[    6105ms] [LOG] [direct] deduped player to 1 @ chrome-extension://ihaelfjohnpciodjianpgchimpgifgjk/js/direct.js:324
[    6107ms] [LOG] [direct] Download button injected (player mini) @ chrome-extension://ihaelfjohnpciodjianpgchimpgifgjk/js/direct.js:306
[    6107ms] [LOG] [direct] deduped player to 1 @ chrome-extension://ihaelfjohnpciodjianpgchimpgifgjk/js/direct.js:324
[    6109ms] [LOG] [direct] Download button injected (player mini) @ chrome-extension://ihaelfjohnpciodjianpgchimpgifgjk/js/direct.js:306
[    6109ms] [LOG] [direct] deduped player to 1 @ chrome-extension://ihaelfjohnpciodjianpgchimpgifgjk/js/direct.js:324
[    6111ms] [LOG] [direct] Download button injected (player mini) @ chrome-extension://ihaelfjohnpciodjianpgchimpgifgjk/js/direct.js:306
[    6111ms] [LOG] [direct] deduped player to 1 @ chrome-extension://ihaelfjohnpciodjianpgchimpgifgjk/js/direct.js:324
[    6113ms] [LOG] [direct] Download button injected (player mini) @ chrome-extension://ihaelfjohnpciodjianpgchimpgifgjk/js/direct.js:306
[    6114ms] [LOG] [direct] deduped player to 1 @ chrome-extension://ihaelfjohnpciodjianpgchimpgifgjk/js/direct.js:324
[    6115ms] [LOG] [direct] Download button injected (player mini) @ chrome-extension://ihaelfjohnpciodjianpgchimpgifgjk/js/direct.js:306
[    6116ms] [LOG] [direct] deduped player to 1 @ chrome-extension://ihaelfjohnpciodjianpgchimpgifgjk/js/direct.js:324
[    6117ms] [LOG] [direct] Download button injected (player mini) @ chrome-extension://ihaelfjohnpciodjianpgchimpgifgjk/js/direct.js:306
[    6118ms] [LOG] [direct] deduped player to 1 @ chrome-extension://ihaelfjohnpciodjianpgchimpgifgjk/js/direct.js:324
[    6119ms] [LOG] [direct] Download button injected (player mini) @ chrome-extension://ihaelfjohnpciodjianpgchimpgifgjk/js/direct.js:306
[    6119ms] [LOG] [direct] deduped player to 1 @ chrome-extension://ihaelfjohnpciodjianpgchimpgifgjk/js/direct.js:324
[    6120ms] [LOG] [direct] Download button injected (player mini) @ chrome-extension://ihaelfjohnpciodjianpgchimpgifgjk/js/direct.js:306
[    6122ms] [LOG] [direct] deduped player to 1 @ chrome-extension://ihaelfjohnpciodjianpgchimpgifgjk/js/direct.js:324
[    6123ms] [LOG] [direct] Download button injected (player mini) @ chrome-extension://ihaelfjohnpciodjianpgchimpgifgjk/js/direct.js:306
[    6124ms] [LOG] [direct] deduped player to 1 @ chrome-extension://ihaelfjohnpciodjianpgchimpgifgjk/js/direct.js:324
[    6125ms] [LOG] [direct] Download button injected (player mini) @ chrome-extension://ihaelfjohnpciodjianpgchimpgifgjk/js/direct.js:306
[    6126ms] [LOG] [direct] deduped player to 1 @ chrome-extension://ihaelfjohnpciodjianpgchimpgifgjk/js/direct.js:324
[    6127ms] [LOG] [direct] Download button injected (player mini) @ chrome-extension://ihaelfjohnpciodjianpgchimpgifgjk/js/direct.js:306
[    6127ms] [LOG] [direct] deduped player to 1 @ chrome-extension://ihaelfjohnpciodjianpgchimpgifgjk/js/direct.js:324
[    6129ms] [LOG] [direct] Download button injected (player mini) @ chrome-extension://ihaelfjohnpciodjianpgchimpgifgjk/js/direct.js:306
[    6129ms] [LOG] [direct] deduped player to 1 @ chrome-extension://ihaelfjohnpciodjianpgchimpgifgjk/js/direct.js:324
[    6130ms] [LOG] [direct] Download button injected (player mini) @ chrome-extension://ihaelfjohnpciodjianpgchimpgifgjk/js/direct.js:306
[    6131ms] [LOG] [direct] deduped player to 1 @ chrome-extension://ihaelfjohnpciodjianpgchimpgifgjk/js/direct.js:324
[    6132ms] [LOG] [direct] Download button injected (player mini) @ chrome-extension://ihaelfjohnpciodjianpgchimpgifgjk/js/direct.js:306
[    6132ms] [LOG] [direct] deduped player to 1 @ chrome-extension://ihaelfjohnpciodjianpgchimpgifgjk/js/direct.js:324
[    6134ms] [LOG] [direct] Download button injected (player mini) @ chrome-extension://ihaelfjohnpciodjianpgchimpgifgjk/js/direct.js:306
[    6134ms] [LOG] [direct] deduped player to 1 @ chrome-extension://ihaelfjohnpciodjianpgchimpgifgjk/js/direct.js:324
[    6135ms] [LOG] [direct] Download button injected (player mini) @ chrome-extension://ihaelfjohnpciodjianpgchimpgifgjk/js/direct.js:306
[    6135ms] [LOG] [direct] deduped player to 1 @ chrome-extension://ihaelfjohnpciodjianpgchimpgifgjk/js/direct.js:324
[    6137ms] [LOG] [direct] Download button injected (player mini) @ chrome-extension://ihaelfjohnpciodjianpgchimpgifgjk/js/direct.js:306
[    6137ms] [LOG] [direct] deduped player to 1 @ chrome-extension://ihaelfjohnpciodjianpgchimpgifgjk/js/direct.js:324
[    6138ms] [LOG] [direct] Download button injected (player mini) @ chrome-extension://ihaelfjohnpciodjianpgchimpgifgjk/js/direct.js:306
[    6139ms] [LOG] [direct] deduped player to 1 @ chrome-extension://ihaelfjohnpciodjianpgchimpgifgjk/js/direct.js:324
[    6140ms] [LOG] [direct] Download button injected (player mini) @ chrome-extension://ihaelfjohnpciodjianpgchimpgifgjk/js/direct.js:306
[    6140ms] [LOG] [direct] deduped player to 1 @ chrome-extension://ihaelfjohnpciodjianpgchimpgifgjk/js/direct.js:324
[    6142ms] [LOG] [direct] Download button injected (player mini) @ chrome-extension://ihaelfjohnpciodjianpgchimpgifgjk/js/direct.js:306
[    6142ms] [LOG] [direct] deduped player to 1 @ chrome-extension://ihaelfjohnpciodjianpgchimpgifgjk/js/direct.js:324
[    6143ms] [LOG] [direct] Download button injected (player mini) @ chrome-extension://ihaelfjohnpciodjianpgchimpgifgjk/js/direct.js:306
[    6144ms] [LOG] [direct] deduped player to 1 @ chrome-extension://ihaelfjohnpciodjianpgchimpgifgjk/js/direct.js:324
[    6145ms] [LOG] [direct] Download button injected (player mini) @ chrome-extension://ihaelfjohnpciodjianpgchimpgifgjk/js/direct.js:306
[    6146ms] [LOG] [direct] deduped player to 1 @ chrome-extension://ihaelfjohnpciodjianpgchimpgifgjk/js/direct.js:324
[    6147ms] [LOG] [direct] Download button injected (player mini) @ chrome-extension://ihaelfjohnpciodjianpgchimpgifgjk/js/direct.js:306
[    6147ms] [LOG] [direct] deduped player to 1 @ chrome-extension://ihaelfjohnpciodjianpgchimpgifgjk/js/direct.js:324
[    6148ms] [LOG] [direct] Download button injected (player mini) @ chrome-extension://ihaelfjohnpciodjianpgchimpgifgjk/js/direct.js:306
[    6148ms] [LOG] [direct] deduped player to 1 @ chrome-extension://ihaelfjohnpciodjianpgchimpgifgjk/js/direct.js:324
[    6150ms] [LOG] [direct] Download button injected (player mini) @ chrome-extension://ihaelfjohnpciodjianpgchimpgifgjk/js/direct.js:306
[    6150ms] [LOG] [direct] deduped player to 1 @ chrome-extension://ihaelfjohnpciodjianpgchimpgifgjk/js/direct.js:324
[    6151ms] [LOG] [direct] Download button injected (player mini) @ chrome-extension://ihaelfjohnpciodjianpgchimpgifgjk/js/direct.js:306
[    6152ms] [LOG] [direct] deduped player to 1 @ chrome-extension://ihaelfjohnpciodjianpgchimpgifgjk/js/direct.js:324
[    6153ms] [LOG] [direct] Download button injected (player mini) @ chrome-extension://ihaelfjohnpciodjianpgchimpgifgjk/js/direct.js:306
[    6153ms] [LOG] [direct] deduped player to 1 @ chrome-extension://ihaelfjohnpciodjianpgchimpgifgjk/js/direct.js:324
[    6154ms] [LOG] [direct] Download button injected (player mini) @ chrome-extension://ihaelfjohnpciodjianpgchimpgifgjk/js/direct.js:306
[    6155ms] [LOG] [direct] deduped player to 1 @ chrome-extension://ihaelfjohnpciodjianpgchimpgifgjk/js/direct.js:324
[    6156ms] [LOG] [direct] Download button injected (player mini) @ chrome-extension://ihaelfjohnpciodjianpgchimpgifgjk/js/direct.js:306
[    6156ms] [LOG] [direct] deduped player to 1 @ chrome-extension://ihaelfjohnpciodjianpgchimpgifgjk/js/direct.js:324
[    6158ms] [LOG] [direct] Download button injected (player mini) @ chrome-extension://ihaelfjohnpciodjianpgchimpgifgjk/js/direct.js:306
[    6158ms] [LOG] [direct] deduped player to 1 @ chrome-extension://ihaelfjohnpciodjianpgchimpgifgjk/js/direct.js:324
[    6159ms] [LOG] [direct] Download button injected (player mini) @ chrome-extension://ihaelfjohnpciodjianpgchimpgifgjk/js/direct.js:306
[    6160ms] [LOG] [direct] deduped player to 1 @ chrome-extension://ihaelfjohnpciodjianpgchimpgifgjk/js/direct.js:324
[    6161ms] [LOG] [direct] Download button injected (player mini) @ chrome-extension://ihaelfjohnpciodjianpgchimpgifgjk/js/direct.js:306
[    6162ms] [LOG] [direct] deduped player to 1 @ chrome-extension://ihaelfjohnpciodjianpgchimpgifgjk/js/direct.js:324
[    6163ms] [LOG] [direct] Download button injected (player mini) @ chrome-extension://ihaelfjohnpciodjianpgchimpgifgjk/js/direct.js:306
[    6163ms] [LOG] [direct] deduped player to 1 @ chrome-extension://ihaelfjohnpciodjianpgchimpgifgjk/js/direct.js:324
[    6164ms] [LOG] [direct] Download button injected (player mini) @ chrome-extension://ihaelfjohnpciodjianpgchimpgifgjk/js/direct.js:306
[    6164ms] [LOG] [direct] deduped player to 1 @ chrome-extension://ihaelfjohnpciodjianpgchimpgifgjk/js/direct.js:324
[    6165ms] [LOG] [direct] Download button injected (player mini) @ chrome-extension://ihaelfjohnpciodjianpgchimpgifgjk/js/direct.js:306
[    6166ms] [LOG] [direct] deduped player to 1 @ chrome-extension://ihaelfjohnpciodjianpgchimpgifgjk/js/direct.js:324
[    6167ms] [LOG] [direct] Download button injected (player mini) @ chrome-extension://ihaelfjohnpciodjianpgchimpgifgjk/js/direct.js:306
[    6167ms] [LOG] [direct] deduped player to 1 @ chrome-extension://ihaelfjohnpciodjianpgchimpgifgjk/js/direct.js:324
[    6168ms] [LOG] [direct] Download button injected (player mini) @ chrome-extension://ihaelfjohnpciodjianpgchimpgifgjk/js/direct.js:306
[    6169ms] [LOG] [direct] deduped player to 1 @ chrome-extension://ihaelfjohnpciodjianpgchimpgifgjk/js/direct.js:324
[    6170ms] [LOG] [direct] Download button injected (player mini) @ chrome-extension://ihaelfjohnpciodjianpgchimpgifgjk/js/direct.js:306
[    6170ms] [LOG] [direct] deduped player to 1 @ chrome-extension://ihaelfjohnpciodjianpgchimpgifgjk/js/direct.js:324
[    6172ms] [LOG] [direct] Download button injected (player mini) @ chrome-extension://ihaelfjohnpciodjianpgchimpgifgjk/js/direct.js:306
[    6172ms] [LOG] [direct] deduped player to 1 @ chrome-extension://ihaelfjohnpciodjianpgchimpgifgjk/js/direct.js:324
[    6174ms] [LOG] [direct] Download button injected (player mini) @ chrome-extension://ihaelfjohnpciodjianpgchimpgifgjk/js/direct.js:306
[    6174ms] [LOG] [direct] deduped player to 1 @ chrome-extension://ihaelfjohnpciodjianpgchimpgifgjk/js/direct.js:324
[    6175ms] [LOG] [direct] Download button injected (player mini) @ chrome-extension://ihaelfjohnpciodjianpgchimpgifgjk/js/direct.js:306
[    6176ms] [LOG] [direct] deduped player to 1 @ chrome-extension://ihaelfjohnpciodjianpgchimpgifgjk/js/direct.js:324
[    6177ms] [LOG] [direct] Download button injected (player mini) @ chrome-extension://ihaelfjohnpciodjianpgchimpgifgjk/js/direct.js:306
[    6178ms] [LOG] [direct] deduped player to 1 @ chrome-extension://ihaelfjohnpciodjianpgchimpgifgjk/js/direct.js:324
[    6179ms] [LOG] [direct] Download button injected (player mini) @ chrome-extension://ihaelfjohnpciodjianpgchimpgifgjk/js/direct.js:306
[    6180ms] [LOG] [direct] deduped player to 1 @ chrome-extension://ihaelfjohnpciodjianpgchimpgifgjk/js/direct.js:324
[    6181ms] [LOG] [direct] Download button injected (player mini) @ chrome-extension://ihaelfjohnpciodjianpgchimpgifgjk/js/direct.js:306
[    6181ms] [LOG] [direct] deduped player to 1 @ chrome-extension://ihaelfjohnpciodjianpgchimpgifgjk/js/direct.js:324
[    6182ms] [LOG] [direct] Download button injected (player mini) @ chrome-extension://ihaelfjohnpciodjianpgchimpgifgjk/js/direct.js:306
[    6183ms] [LOG] [direct] deduped player to 1 @ chrome-extension://ihaelfjohnpciodjianpgchimpgifgjk/js/direct.js:324
[    6184ms] [LOG] [direct] Download button injected (player mini) @ chrome-extension://ihaelfjohnpciodjianpgchimpgifgjk/js/direct.js:306
[    6184ms] [LOG] [direct] deduped player to 1 @ chrome-extension://ihaelfjohnpciodjianpgchimpgifgjk/js/direct.js:324
[    6185ms] [LOG] [direct] Download button injected (player mini) @ chrome-extension://ihaelfjohnpciodjianpgchimpgifgjk/js/direct.js:306
[    6185ms] [LOG] [direct] deduped player to 1 @ chrome-extension://ihaelfjohnpciodjianpgchimpgifgjk/js/direct.js:324
[    6186ms] [LOG] [direct] Download button injected (player mini) @ chrome-extension://ihaelfjohnpciodjianpgchimpgifgjk/js/direct.js:306
[    6187ms] [LOG] [direct] deduped player to 1 @ chrome-extension://ihaelfjohnpciodjianpgchimpgifgjk/js/direct.js:324
[    6188ms] [LOG] [direct] Download button injected (player mini) @ chrome-extension://ihaelfjohnpciodjianpgchimpgifgjk/js/direct.js:306
[    6189ms] [LOG] [direct] deduped player to 1 @ chrome-extension://ihaelfjohnpciodjianpgchimpgifgjk/js/direct.js:324
[    6191ms] [LOG] [direct] Download button injected (player mini) @ chrome-extension://ihaelfjohnpciodjianpgchimpgifgjk/js/direct.js:306
[    6191ms] [LOG] [direct] deduped player to 1 @ chrome-extension://ihaelfjohnpciodjianpgchimpgifgjk/js/direct.js:324
[    6193ms] [LOG] [direct] Download button injected (player mini) @ chrome-extension://ihaelfjohnpciodjianpgchimpgifgjk/js/direct.js:306
[    6194ms] [LOG] [direct] deduped player to 1 @ chrome-extension://ihaelfjohnpciodjianpgchimpgifgjk/js/direct.js:324
[    6195ms] [LOG] [direct] Download button injected (player mini) @ chrome-extension://ihaelfjohnpciodjianpgchimpgifgjk/js/direct.js:306
[    6196ms] [LOG] [direct] deduped player to 1 @ chrome-extension://ihaelfjohnpciodjianpgchimpgifgjk/js/direct.js:324
[    6196ms] [LOG] [direct] Download button injected (player mini) @ chrome-extension://ihaelfjohnpciodjianpgchimpgifgjk/js/direct.js:306
[    6197ms] [LOG] [direct] deduped player to 1 @ chrome-extension://ihaelfjohnpciodjianpgchimpgifgjk/js/direct.js:324
[    6198ms] [LOG] [direct] Download button injected (player mini) @ chrome-extension://ihaelfjohnpciodjianpgchimpgifgjk/js/direct.js:306
[    6199ms] [LOG] [direct] deduped player to 1 @ chrome-extension://ihaelfjohnpciodjianpgchimpgifgjk/js/direct.js:324
[    6200ms] [LOG] [direct] Download button injected (player mini) @ chrome-extension://ihaelfjohnpciodjianpgchimpgifgjk/js/direct.js:306
[    6200ms] [LOG] [direct] deduped player to 1 @ chrome-extension://ihaelfjohnpciodjianpgchimpgifgjk/js/direct.js:324
[    6201ms] [LOG] [direct] Download button injected (player mini) @ chrome-extension://ihaelfjohnpciodjianpgchimpgifgjk/js/direct.js:306
[    6202ms] [LOG] [direct] deduped player to 1 @ chrome-extension://ihaelfjohnpciodjianpgchimpgifgjk/js/direct.js:324
[    6203ms] [LOG] [direct] Download button injected (player mini) @ chrome-extension://ihaelfjohnpciodjianpgchimpgifgjk/js/direct.js:306
[    6203ms] [LOG] [direct] deduped player to 1 @ chrome-extension://ihaelfjohnpciodjianpgchimpgifgjk/js/direct.js:324
[    6205ms] [LOG] [direct] Download button injected (player mini) @ chrome-extension://ihaelfjohnpciodjianpgchimpgifgjk/js/direct.js:306
[    6205ms] [LOG] [direct] deduped player to 1 @ chrome-extension://ihaelfjohnpciodjianpgchimpgifgjk/js/direct.js:324
[    6207ms] [LOG] [direct] Download button injected (player mini) @ chrome-extension://ihaelfjohnpciodjianpgchimpgifgjk/js/direct.js:306
[    6207ms] [LOG] [direct] deduped player to 1 @ chrome-extension://ihaelfjohnpciodjianpgchimpgifgjk/js/direct.js:324
[    6209ms] [LOG] [direct] Download button injected (player mini) @ chrome-extension://ihaelfjohnpciodjianpgchimpgifgjk/js/direct.js:306
[    6210ms] [LOG] [direct] deduped player to 1 @ chrome-extension://ihaelfjohnpciodjianpgchimpgifgjk/js/direct.js:324
[    6212ms] [LOG] [direct] Download button injected (player mini) @ chrome-extension://ihaelfjohnpciodjianpgchimpgifgjk/js/direct.js:306
[    6212ms] [LOG] [direct] deduped player to 1 @ chrome-extension://ihaelfjohnpciodjianpgchimpgifgjk/js/direct.js:324
[    6213ms] [LOG] [direct] Download button injected (player mini) @ chrome-extension://ihaelfjohnpciodjianpgchimpgifgjk/js/direct.js:306
[    6214ms] [LOG] [direct] deduped player to 1 @ chrome-extension://ihaelfjohnpciodjianpgchimpgifgjk/js/direct.js:324
[    6215ms] [LOG] [direct] Download button injected (player mini) @ chrome-extension://ihaelfjohnpciodjianpgchimpgifgjk/js/direct.js:306
[    6215ms] [LOG] [direct] deduped player to 1 @ chrome-extension://ihaelfjohnpciodjianpgchimpgifgjk/js/direct.js:324
[    6217ms] [LOG] [direct] Download button injected (player mini) @ chrome-extension://ihaelfjohnpciodjianpgchimpgifgjk/js/direct.js:306
[    6217ms] [LOG] [direct] deduped player to 1 @ chrome-extension://ihaelfjohnpciodjianpgchimpgifgjk/js/direct.js:324
[    6218ms] [LOG] [direct] Download button injected (player mini) @ chrome-extension://ihaelfjohnpciodjianpgchimpgifgjk/js/direct.js:306
[    6218ms] [LOG] [direct] deduped player to 1 @ chrome-extension://ihaelfjohnpciodjianpgchimpgifgjk/js/direct.js:324
[    6220ms] [LOG] [direct] Download button injected (player mini) @ chrome-extension://ihaelfjohnpciodjianpgchimpgifgjk/js/direct.js:306
[    6221ms] [LOG] [direct] deduped player to 1 @ chrome-extension://ihaelfjohnpciodjianpgchimpgifgjk/js/direct.js:324
[    6222ms] [LOG] [direct] Download button injected (player mini) @ chrome-extension://ihaelfjohnpciodjianpgchimpgifgjk/js/direct.js:306
[    6223ms] [LOG] [direct] deduped player to 1 @ chrome-extension://ihaelfjohnpciodjianpgchimpgifgjk/js/direct.js:324
[    6226ms] [LOG] [direct] Download button injected (player mini) @ chrome-extension://ihaelfjohnpciodjianpgchimpgifgjk/js/direct.js:306
[    6226ms] [LOG] [direct] deduped player to 1 @ chrome-extension://ihaelfjohnpciodjianpgchimpgifgjk/js/direct.js:324
[    6228ms] [LOG] [direct] Download button injected (player mini) @ chrome-extension://ihaelfjohnpciodjianpgchimpgifgjk/js/direct.js:306
[    6228ms] [LOG] [direct] deduped player to 1 @ chrome-extension://ihaelfjohnpciodjianpgchimpgifgjk/js/direct.js:324
[    6229ms] [LOG] [direct] Download button injected (player mini) @ chrome-extension://ihaelfjohnpciodjianpgchimpgifgjk/js/direct.js:306
[    6230ms] [LOG] [direct] deduped player to 1 @ chrome-extension://ihaelfjohnpciodjianpgchimpgifgjk/js/direct.js:324
[    6231ms] [LOG] [direct] Download button injected (player mini) @ chrome-extension://ihaelfjohnpciodjianpgchimpgifgjk/js/direct.js:306
[    6231ms] [LOG] [direct] deduped player to 1 @ chrome-extension://ihaelfjohnpciodjianpgchimpgifgjk/js/direct.js:324
[    6233ms] [LOG] [direct] Download button injected (player mini) @ chrome-extension://ihaelfjohnpciodjianpgchimpgifgjk/js/direct.js:306
[    6233ms] [LOG] [direct] deduped player to 1 @ chrome-extension://ihaelfjohnpciodjianpgchimpgifgjk/js/direct.js:324
[    6235ms] [LOG] [direct] Download button injected (player mini) @ chrome-extension://ihaelfjohnpciodjianpgchimpgifgjk/js/direct.js:306
[    6236ms] [LOG] [direct] deduped player to 1 @ chrome-extension://ihaelfjohnpciodjianpgchimpgifgjk/js/direct.js:324
[    6237ms] [LOG] [direct] Download button injected (player mini) @ chrome-extension://ihaelfjohnpciodjianpgchimpgifgjk/js/direct.js:306
[    6237ms] [LOG] [direct] deduped player to 1 @ chrome-extension://ihaelfjohnpciodjianpgchimpgifgjk/js/direct.js:324
[    6238ms] [LOG] [direct] Download button injected (player mini) @ chrome-extension://ihaelfjohnpciodjianpgchimpgifgjk/js/direct.js:306
[    6239ms] [LOG] [direct] deduped player to 1 @ chrome-extension://ihaelfjohnpciodjianpgchimpgifgjk/js/direct.js:324
[    6240ms] [LOG] [direct] Download button injected (player mini) @ chrome-extension://ihaelfjohnpciodjianpgchimpgifgjk/js/direct.js:306
[    6240ms] [LOG] [direct] deduped player to 1 @ chrome-extension://ihaelfjohnpciodjianpgchimpgifgjk/js/direct.js:324
[    6241ms] [LOG] [direct] Download button injected (player mini) @ chrome-extension://ihaelfjohnpciodjianpgchimpgifgjk/js/direct.js:306
[    6241ms] [LOG] [direct] deduped player to 1 @ chrome-extension://ihaelfjohnpciodjianpgchimpgifgjk/js/direct.js:324
[    6243ms] [LOG] [direct] Download button injected (player mini) @ chrome-extension://ihaelfjohnpciodjianpgchimpgifgjk/js/direct.js:306
[    6243ms] [LOG] [direct] deduped player to 1 @ chrome-extension://ihaelfjohnpciodjianpgchimpgifgjk/js/direct.js:324
[    6244ms] [LOG] [direct] Download button injected (player mini) @ chrome-extension://ihaelfjohnpciodjianpgchimpgifgjk/js/direct.js:306
[    6245ms] [LOG] [direct] deduped player to 1 @ chrome-extension://ihaelfjohnpciodjianpgchimpgifgjk/js/direct.js:324
[    6245ms] [LOG] [direct] Download button injected (player mini) @ chrome-extension://ihaelfjohnpciodjianpgchimpgifgjk/js/direct.js:306
[    6246ms] [LOG] [direct] deduped player to 1 @ chrome-extension://ihaelfjohnpciodjianpgchimpgifgjk/js/direct.js:324
[    6247ms] [LOG] [direct] Download button injected (player mini) @ chrome-extension://ihaelfjohnpciodjianpgchimpgifgjk/js/direct.js:306
[    6247ms] [LOG] [direct] deduped player to 1 @ chrome-extension://ihaelfjohnpciodjianpgchimpgifgjk/js/direct.js:324
[    6248ms] [LOG] [direct] Download button injected (player mini) @ chrome-extension://ihaelfjohnpciodjianpgchimpgifgjk/js/direct.js:306
[    6248ms] [LOG] [direct] deduped player to 1 @ chrome-extension://ihaelfjohnpciodjianpgchimpgifgjk/js/direct.js:324
[    6249ms] [LOG] [direct] Download button injected (player mini) @ chrome-extension://ihaelfjohnpciodjianpgchimpgifgjk/js/direct.js:306
[    6250ms] [LOG] [direct] deduped player to 1 @ chrome-extension://ihaelfjohnpciodjianpgchimpgifgjk/js/direct.js:324
[    6250ms] [LOG] [direct] Download button injected (player mini) @ chrome-extension://ihaelfjohnpciodjianpgchimpgifgjk/js/direct.js:306
[    6251ms] [LOG] [direct] deduped player to 1 @ chrome-extension://ihaelfjohnpciodjianpgchimpgifgjk/js/direct.js:324
[    6252ms] [LOG] [direct] Download button injected (player mini) @ chrome-extension://ihaelfjohnpciodjianpgchimpgifgjk/js/direct.js:306
[    6252ms] [LOG] [direct] deduped player to 1 @ chrome-extension://ihaelfjohnpciodjianpgchimpgifgjk/js/direct.js:324
[    6253ms] [LOG] [direct] Download button injected (player mini) @ chrome-extension://ihaelfjohnpciodjianpgchimpgifgjk/js/direct.js:306
[    6254ms] [LOG] [direct] deduped player to 1 @ chrome-extension://ihaelfjohnpciodjianpgchimpgifgjk/js/direct.js:324
[    6255ms] [LOG] [direct] Download button injected (player mini) @ chrome-extension://ihaelfjohnpciodjianpgchimpgifgjk/js/direct.js:306
[    6255ms] [LOG] [direct] deduped player to 1 @ chrome-extension://ihaelfjohnpciodjianpgchimpgifgjk/js/direct.js:324
[    6256ms] [LOG] [direct] Download button injected (player mini) @ chrome-extension://ihaelfjohnpciodjianpgchimpgifgjk/js/direct.js:306
[    6257ms] [LOG] [direct] deduped player to 1 @ chrome-extension://ihaelfjohnpciodjianpgchimpgifgjk/js/direct.js:324
[    6257ms] [LOG] [direct] Download button injected (player mini) @ chrome-extension://ihaelfjohnpciodjianpgchimpgifgjk/js/direct.js:306
[    6258ms] [LOG] [direct] deduped player to 1 @ chrome-extension://ihaelfjohnpciodjianpgchimpgifgjk/js/direct.js:324
[    6259ms] [LOG] [direct] Download button injected (player mini) @ chrome-extension://ihaelfjohnpciodjianpgchimpgifgjk/js/direct.js:306
[    6259ms] [LOG] [direct] deduped player to 1 @ chrome-extension://ihaelfjohnpciodjianpgchimpgifgjk/js/direct.js:324
[    6260ms] [LOG] [direct] Download button injected (player mini) @ chrome-extension://ihaelfjohnpciodjianpgchimpgifgjk/js/direct.js:306
[    6260ms] [LOG] [direct] deduped player to 1 @ chrome-extension://ihaelfjohnpciodjianpgchimpgifgjk/js/direct.js:324
[    6262ms] [LOG] [direct] Download button injected (player mini) @ chrome-extension://ihaelfjohnpciodjianpgchimpgifgjk/js/direct.js:306
[    6262ms] [LOG] [direct] deduped player to 1 @ chrome-extension://ihaelfjohnpciodjianpgchimpgifgjk/js/direct.js:324
[    6263ms] [LOG] [direct] Download button injected (player mini) @ chrome-extension://ihaelfjohnpciodjianpgchimpgifgjk/js/direct.js:306
[    6263ms] [LOG] [direct] deduped player to 1 @ chrome-extension://ihaelfjohnpciodjianpgchimpgifgjk/js/direct.js:324
[    6264ms] [LOG] [direct] Download button injected (player mini) @ chrome-extension://ihaelfjohnpciodjianpgchimpgifgjk/js/direct.js:306
[    6264ms] [LOG] [direct] deduped player to 1 @ chrome-extension://ihaelfjohnpciodjianpgchimpgifgjk/js/direct.js:324
[    6265ms] [LOG] [direct] Download button injected (player mini) @ chrome-extension://ihaelfjohnpciodjianpgchimpgifgjk/js/direct.js:306
[    6266ms] [LOG] [direct] deduped player to 1 @ chrome-extension://ihaelfjohnpciodjianpgchimpgifgjk/js/direct.js:324
[    6267ms] [LOG] [direct] Download button injected (player mini) @ chrome-extension://ihaelfjohnpciodjianpgchimpgifgjk/js/direct.js:306
[    6267ms] [LOG] [direct] deduped player to 1 @ chrome-extension://ihaelfjohnpciodjianpgchimpgifgjk/js/direct.js:324
[    6268ms] [LOG] [direct] Download button injected (player mini) @ chrome-extension://ihaelfjohnpciodjianpgchimpgifgjk/js/direct.js:306
[    6269ms] [LOG] [direct] deduped player to 1 @ chrome-extension://ihaelfjohnpciodjianpgchimpgifgjk/js/direct.js:324
[    6269ms] [LOG] [direct] Download button injected (player mini) @ chrome-extension://ihaelfjohnpciodjianpgchimpgifgjk/js/direct.js:306
[    6270ms] [LOG] [direct] deduped player to 1 @ chrome-extension://ihaelfjohnpciodjianpgchimpgifgjk/js/direct.js:324
[    6270ms] [LOG] [direct] Download button injected (player mini) @ chrome-extension://ihaelfjohnpciodjianpgchimpgifgjk/js/direct.js:306
[    6271ms] [LOG] [direct] deduped player to 1 @ chrome-extension://ihaelfjohnpciodjianpgchimpgifgjk/js/direct.js:324
[    6272ms] [LOG] [direct] Download button injected (player mini) @ chrome-extension://ihaelfjohnpciodjianpgchimpgifgjk/js/direct.js:306
[    6272ms] [LOG] [direct] deduped player to 1 @ chrome-extension://ihaelfjohnpciodjianpgchimpgifgjk/js/direct.js:324
[    6273ms] [LOG] [direct] Download button injected (player mini) @ chrome-extension://ihaelfjohnpciodjianpgchimpgifgjk/js/direct.js:306
[    6273ms] [LOG] [direct] deduped player to 1 @ chrome-extension://ihaelfjohnpciodjianpgchimpgifgjk/js/direct.js:324
[    6274ms] [LOG] [direct] Download button injected (player mini) @ chrome-extension://ihaelfjohnpciodjianpgchimpgifgjk/js/direct.js:306
[    6274ms] [LOG] [direct] deduped player to 1 @ chrome-extension://ihaelfjohnpciodjianpgchimpgifgjk/js/direct.js:324
[    6275ms] [LOG] [direct] Download button injected (player mini) @ chrome-extension://ihaelfjohnpciodjianpgchimpgifgjk/js/direct.js:306
[    6275ms] [LOG] [direct] deduped player to 1 @ chrome-extension://ihaelfjohnpciodjianpgchimpgifgjk/js/direct.js:324
[    6276ms] [LOG] [direct] Download button injected (player mini) @ chrome-extension://ihaelfjohnpciodjianpgchimpgifgjk/js/direct.js:306
[    6276ms] [LOG] [direct] deduped player to 1 @ chrome-extension://ihaelfjohnpciodjianpgchimpgifgjk/js/direct.js:324
[    6277ms] [LOG] [direct] Download button injected (player mini) @ chrome-extension://ihaelfjohnpciodjianpgchimpgifgjk/js/direct.js:306
[    6278ms] [LOG] [direct] deduped player to 1 @ chrome-extension://ihaelfjohnpciodjianpgchimpgifgjk/js/direct.js:324
[    6279ms] [LOG] [direct] Download button injected (player mini) @ chrome-extension://ihaelfjohnpciodjianpgchimpgifgjk/js/direct.js:306
[    6279ms] [LOG] [direct] deduped player to 1 @ chrome-extension://ihaelfjohnpciodjianpgchimpgifgjk/js/direct.js:324
[    6280ms] [LOG] [direct] Download button injected (player mini) @ chrome-extension://ihaelfjohnpciodjianpgchimpgifgjk/js/direct.js:306
[    6280ms] [LOG] [direct] deduped player to 1 @ chrome-extension://ihaelfjohnpciodjianpgchimpgifgjk/js/direct.js:324
[    6281ms] [LOG] [direct] Download button injected (player mini) @ chrome-extension://ihaelfjohnpciodjianpgchimpgifgjk/js/direct.js:306
[    6281ms] [LOG] [direct] deduped player to 1 @ chrome-extension://ihaelfjohnpciodjianpgchimpgifgjk/js/direct.js:324
[    6282ms] [LOG] [direct] Download button injected (player mini) @ chrome-extension://ihaelfjohnpciodjianpgchimpgifgjk/js/direct.js:306
[    6283ms] [LOG] [direct] deduped player to 1 @ chrome-extension://ihaelfjohnpciodjianpgchimpgifgjk/js/direct.js:324
[    6283ms] [LOG] [direct] Download button injected (player mini) @ chrome-extension://ihaelfjohnpciodjianpgchimpgifgjk/js/direct.js:306
[    6284ms] [LOG] [direct] deduped player to 1 @ chrome-extension://ihaelfjohnpciodjianpgchimpgifgjk/js/direct.js:324
[    6284ms] [LOG] [direct] Download button injected (player mini) @ chrome-extension://ihaelfjohnpciodjianpgchimpgifgjk/js/direct.js:306
[    6285ms] [LOG] [direct] deduped player to 1 @ chrome-extension://ihaelfjohnpciodjianpgchimpgifgjk/js/direct.js:324
[    6285ms] [LOG] [direct] Download button injected (player mini) @ chrome-extension://ihaelfjohnpciodjianpgchimpgifgjk/js/direct.js:306
[    6286ms] [LOG] [direct] deduped player to 1 @ chrome-extension://ihaelfjohnpciodjianpgchimpgifgjk/js/direct.js:324
[    6286ms] [LOG] [direct] Download button injected (player mini) @ chrome-extension://ihaelfjohnpciodjianpgchimpgifgjk/js/direct.js:306
[    6287ms] [LOG] [direct] deduped player to 1 @ chrome-extension://ihaelfjohnpciodjianpgchimpgifgjk/js/direct.js:324
[    6288ms] [LOG] [direct] Download button injected (player mini) @ chrome-extension://ihaelfjohnpciodjianpgchimpgifgjk/js/direct.js:306
[    6288ms] [LOG] [direct] deduped player to 1 @ chrome-extension://ihaelfjohnpciodjianpgchimpgifgjk/js/direct.js:324
[    6289ms] [LOG] [direct] Download button injected (player mini) @ chrome-extension://ihaelfjohnpciodjianpgchimpgifgjk/js/direct.js:306
[    6289ms] [LOG] [direct] deduped player to 1 @ chrome-extension://ihaelfjohnpciodjianpgchimpgifgjk/js/direct.js:324
[    6290ms] [LOG] [direct] Download button injected (player mini) @ chrome-extension://ihaelfjohnpciodjianpgchimpgifgjk/js/direct.js:306
[    6290ms] [LOG] [direct] deduped player to 1 @ chrome-extension://ihaelfjohnpciodjianpgchimpgifgjk/js/direct.js:324
[    6291ms] [LOG] [direct] Download button injected (player mini) @ chrome-extension://ihaelfjohnpciodjianpgchimpgifgjk/js/direct.js:306
[    6291ms] [LOG] [direct] deduped player to 1 @ chrome-extension://ihaelfjohnpciodjianpgchimpgifgjk/js/direct.js:324
[    6292ms] [LOG] [direct] Download button injected (player mini) @ chrome-extension://ihaelfjohnpciodjianpgchimpgifgjk/js/direct.js:306
[    6293ms] [LOG] [direct] deduped player to 1 @ chrome-extension://ihaelfjohnpciodjianpgchimpgifgjk/js/direct.js:324
[    6294ms] [LOG] [direct] Download button injected (player mini) @ chrome-extension://ihaelfjohnpciodjianpgchimpgifgjk/js/direct.js:306
[    6295ms] [LOG] [direct] deduped player to 1 @ chrome-extension://ihaelfjohnpciodjianpgchimpgifgjk/js/direct.js:324
[    6295ms] [LOG] [direct] Download button injected (player mini) @ chrome-extension://ihaelfjohnpciodjianpgchimpgifgjk/js/direct.js:306
[    6296ms] [LOG] [direct] deduped player to 1 @ chrome-extension://ihaelfjohnpciodjianpgchimpgifgjk/js/direct.js:324
[    6296ms] [LOG] [direct] Download button injected (player mini) @ chrome-extension://ihaelfjohnpciodjianpgchimpgifgjk/js/direct.js:306
[    6297ms] [LOG] [direct] deduped player to 1 @ chrome-extension://ihaelfjohnpciodjianpgchimpgifgjk/js/direct.js:324
[    6298ms] [LOG] [direct] Download button injected (player mini) @ chrome-extension://ihaelfjohnpciodjianpgchimpgifgjk/js/direct.js:306
[    6298ms] [LOG] [direct] deduped player to 1 @ chrome-extension://ihaelfjohnpciodjianpgchimpgifgjk/js/direct.js:324
[    6299ms] [LOG] [direct] Download button injected (player mini) @ chrome-extension://ihaelfjohnpciodjianpgchimpgifgjk/js/direct.js:306
[    6299ms] [LOG] [direct] deduped player to 1 @ chrome-extension://ihaelfjohnpciodjianpgchimpgifgjk/js/direct.js:324
[    6300ms] [LOG] [direct] Download button injected (player mini) @ chrome-extension://ihaelfjohnpciodjianpgchimpgifgjk/js/direct.js:306
[    6301ms] [LOG] [direct] deduped player to 1 @ chrome-extension://ihaelfjohnpciodjianpgchimpgifgjk/js/direct.js:324
[    6302ms] [LOG] [direct] Download button injected (player mini) @ chrome-extension://ihaelfjohnpciodjianpgchimpgifgjk/js/direct.js:306
[    6302ms] [LOG] [direct] deduped player to 1 @ chrome-extension://ihaelfjohnpciodjianpgchimpgifgjk/js/direct.js:324
[    6303ms] [LOG] [direct] Download button injected (player mini) @ chrome-extension://ihaelfjohnpciodjianpgchimpgifgjk/js/direct.js:306
[    6303ms] [LOG] [direct] deduped player to 1 @ chrome-extension://ihaelfjohnpciodjianpgchimpgifgjk/js/direct.js:324
[    6304ms] [LOG] [direct] Download button injected (player mini) @ chrome-extension://ihaelfjohnpciodjianpgchimpgifgjk/js/direct.js:306
[    6304ms] [LOG] [direct] deduped player to 1 @ chrome-extension://ihaelfjohnpciodjianpgchimpgifgjk/js/direct.js:324
[    6305ms] [LOG] [direct] Download button injected (player mini) @ chrome-extension://ihaelfjohnpciodjianpgchimpgifgjk/js/direct.js:306
[    6306ms] [LOG] [direct] deduped player to 1 @ chrome-extension://ihaelfjohnpciodjianpgchimpgifgjk/js/direct.js:324
[    6307ms] [LOG] [direct] Download button injected (player mini) @ chrome-extension://ihaelfjohnpciodjianpgchimpgifgjk/js/direct.js:306
[    6307ms] [LOG] [direct] deduped player to 1 @ chrome-extension://ihaelfjohnpciodjianpgchimpgifgjk/js/direct.js:324
[    6309ms] [LOG] [direct] Download button injected (player mini) @ chrome-extension://ihaelfjohnpciodjianpgchimpgifgjk/js/direct.js:306
[    6309ms] [LOG] [direct] deduped player to 1 @ chrome-extension://ihaelfjohnpciodjianpgchimpgifgjk/js/direct.js:324
[    6310ms] [LOG] [direct] Download button injected (player mini) @ chrome-extension://ihaelfjohnpciodjianpgchimpgifgjk/js/direct.js:306
[    6311ms] [LOG] [direct] deduped player to 1 @ chrome-extension://ihaelfjohnpciodjianpgchimpgifgjk/js/direct.js:324
[    6311ms] [LOG] [direct] Download button injected (player mini) @ chrome-extension://ihaelfjohnpciodjianpgchimpgifgjk/js/direct.js:306
[    6312ms] [LOG] [direct] deduped player to 1 @ chrome-extension://ihaelfjohnpciodjianpgchimpgifgjk/js/direct.js:324
[    6313ms] [LOG] [direct] Download button injected (player mini) @ chrome-extension://ihaelfjohnpciodjianpgchimpgifgjk/js/direct.js:306
[    6313ms] [LOG] [direct] deduped player to 1 @ chrome-extension://ihaelfjohnpciodjianpgchimpgifgjk/js/direct.js:324
[    6314ms] [LOG] [direct] Download button injected (player mini) @ chrome-extension://ihaelfjohnpciodjianpgchimpgifgjk/js/direct.js:306
[    6315ms] [LOG] [direct] deduped player to 1 @ chrome-extension://ihaelfjohnpciodjianpgchimpgifgjk/js/direct.js:324
[    6315ms] [LOG] [direct] Download button injected (player mini) @ chrome-extension://ihaelfjohnpciodjianpgchimpgifgjk/js/direct.js:306
[    6316ms] [LOG] [direct] deduped player to 1 @ chrome-extension://ihaelfjohnpciodjianpgchimpgifgjk/js/direct.js:324
[    6317ms] [LOG] [direct] Download button injected (player mini) @ chrome-extension://ihaelfjohnpciodjianpgchimpgifgjk/js/direct.js:306
[    6317ms] [LOG] [direct] deduped player to 1 @ chrome-extension://ihaelfjohnpciodjianpgchimpgifgjk/js/direct.js:324
[    6318ms] [LOG] [direct] Download button injected (player mini) @ chrome-extension://ihaelfjohnpciodjianpgchimpgifgjk/js/direct.js:306
[    6318ms] [LOG] [direct] deduped player to 1 @ chrome-extension://ihaelfjohnpciodjianpgchimpgifgjk/js/direct.js:324
[    6319ms] [LOG] [direct] Download button injected (player mini) @ chrome-extension://ihaelfjohnpciodjianpgchimpgifgjk/js/direct.js:306
[    6319ms] [LOG] [direct] deduped player to 1 @ chrome-extension://ihaelfjohnpciodjianpgchimpgifgjk/js/direct.js:324
[    6320ms] [LOG] [direct] Download button injected (player mini) @ chrome-extension://ihaelfjohnpciodjianpgchimpgifgjk/js/direct.js:306
[    6320ms] [LOG] [direct] deduped player to 1 @ chrome-extension://ihaelfjohnpciodjianpgchimpgifgjk/js/direct.js:324
[    6321ms] [LOG] [direct] Download button injected (player mini) @ chrome-extension://ihaelfjohnpciodjianpgchimpgifgjk/js/direct.js:306
[    6321ms] [LOG] [direct] deduped player to 1 @ chrome-extension://ihaelfjohnpciodjianpgchimpgifgjk/js/direct.js:324
[    6322ms] [LOG] [direct] Download button injected (player mini) @ chrome-extension://ihaelfjohnpciodjianpgchimpgifgjk/js/direct.js:306
[    6323ms] [LOG] [direct] deduped player to 1 @ chrome-extension://ihaelfjohnpciodjianpgchimpgifgjk/js/direct.js:324
[    6324ms] [LOG] [direct] Download button injected (player mini) @ chrome-extension://ihaelfjohnpciodjianpgchimpgifgjk/js/direct.js:306
[    6324ms] [LOG] [direct] deduped player to 1 @ chrome-extension://ihaelfjohnpciodjianpgchimpgifgjk/js/direct.js:324
[    6326ms] [LOG] [direct] Download button injected (player mini) @ chrome-extension://ihaelfjohnpciodjianpgchimpgifgjk/js/direct.js:306
[    6326ms] [LOG] [direct] deduped player to 1 @ chrome-extension://ihaelfjohnpciodjianpgchimpgifgjk/js/direct.js:324
[    6327ms] [LOG] [direct] Download button injected (player mini) @ chrome-extension://ihaelfjohnpciodjianpgchimpgifgjk/js/direct.js:306
[    6328ms] [LOG] [direct] deduped player to 1 @ chrome-extension://ihaelfjohnpciodjianpgchimpgifgjk/js/direct.js:324
[    6329ms] [LOG] [direct] Download button injected (player mini) @ chrome-extension://ihaelfjohnpciodjianpgchimpgifgjk/js/direct.js:306
[    6329ms] [LOG] [direct] deduped player to 1 @ chrome-extension://ihaelfjohnpciodjianpgchimpgifgjk/js/direct.js:324
[    6330ms] [LOG] [direct] Download button injected (player mini) @ chrome-extension://ihaelfjohnpciodjianpgchimpgifgjk/js/direct.js:306
[    6330ms] [LOG] [direct] deduped player to 1 @ chrome-extension://ihaelfjohnpciodjianpgchimpgifgjk/js/direct.js:324
[    6331ms] [LOG] [direct] Download button injected (player mini) @ chrome-extension://ihaelfjohnpciodjianpgchimpgifgjk/js/direct.js:306
[    6331ms] [LOG] [direct] deduped player to 1 @ chrome-extension://ihaelfjohnpciodjianpgchimpgifgjk/js/direct.js:324
[    6332ms] [LOG] [direct] Download button injected (player mini) @ chrome-extension://ihaelfjohnpciodjianpgchimpgifgjk/js/direct.js:306
[    6333ms] [LOG] [direct] deduped player to 1 @ chrome-extension://ihaelfjohnpciodjianpgchimpgifgjk/js/direct.js:324
[    6334ms] [LOG] [direct] Download button injected (player mini) @ chrome-extension://ihaelfjohnpciodjianpgchimpgifgjk/js/direct.js:306
[    6334ms] [LOG] [direct] deduped player to 1 @ chrome-extension://ihaelfjohnpciodjianpgchimpgifgjk/js/direct.js:324
[    6335ms] [LOG] [direct] Download button injected (player mini) @ chrome-extension://ihaelfjohnpciodjianpgchimpgifgjk/js/direct.js:306
[    6335ms] [LOG] [direct] deduped player to 1 @ chrome-extension://ihaelfjohnpciodjianpgchimpgifgjk/js/direct.js:324
[    6336ms] [LOG] [direct] Download button injected (player mini) @ chrome-extension://ihaelfjohnpciodjianpgchimpgifgjk/js/direct.js:306
[    6336ms] [LOG] [direct] deduped player to 1 @ chrome-extension://ihaelfjohnpciodjianpgchimpgifgjk/js/direct.js:324
[    6337ms] [LOG] [direct] Download button injected (player mini) @ chrome-extension://ihaelfjohnpciodjianpgchimpgifgjk/js/direct.js:306
[    6337ms] [LOG] [direct] deduped player to 1 @ chrome-extension://ihaelfjohnpciodjianpgchimpgifgjk/js/direct.js:324
[    6341ms] [LOG] [direct] Download button injected (player mini) @ chrome-extension://ihaelfjohnpciodjianpgchimpgifgjk/js/direct.js:306
[    6341ms] [LOG] [direct] deduped player to 1 @ chrome-extension://ihaelfjohnpciodjianpgchimpgifgjk/js/direct.js:324
[    6342ms] [LOG] [direct] Download button injected (player mini) @ chrome-extension://ihaelfjohnpciodjianpgchimpgifgjk/js/direct.js:306
[    6342ms] [LOG] [direct] deduped player to 1 @ chrome-extension://ihaelfjohnpciodjianpgchimpgifgjk/js/direct.js:324
[    6343ms] [LOG] [direct] Download button injected (player mini) @ chrome-extension://ihaelfjohnpciodjianpgchimpgifgjk/js/direct.js:306
[    6344ms] [LOG] [direct] deduped player to 1 @ chrome-extension://ihaelfjohnpciodjianpgchimpgifgjk/js/direct.js:324
[    6345ms] [LOG] [direct] Download button injected (player mini) @ chrome-extension://ihaelfjohnpciodjianpgchimpgifgjk/js/direct.js:306
[    6345ms] [LOG] [direct] deduped player to 1 @ chrome-extension://ihaelfjohnpciodjianpgchimpgifgjk/js/direct.js:324
[    6346ms] [LOG] [direct] Download button injected (player mini) @ chrome-extension://ihaelfjohnpciodjianpgchimpgifgjk/js/direct.js:306
[    6347ms] [LOG] [direct] deduped player to 1 @ chrome-extension://ihaelfjohnpciodjianpgchimpgifgjk/js/direct.js:324
[    6347ms] [LOG] [direct] Download button injected (player mini) @ chrome-extension://ihaelfjohnpciodjianpgchimpgifgjk/js/direct.js:306
[    6348ms] [LOG] [direct] deduped player to 1 @ chrome-extension://ihaelfjohnpciodjianpgchimpgifgjk/js/direct.js:324
[    6349ms] [LOG] [direct] Download button injected (player mini) @ chrome-extension://ihaelfjohnpciodjianpgchimpgifgjk/js/direct.js:306
[    6349ms] [LOG] [direct] deduped player to 1 @ chrome-extension://ihaelfjohnpciodjianpgchimpgifgjk/js/direct.js:324
[    6350ms] [LOG] [direct] Download button injected (player mini) @ chrome-extension://ihaelfjohnpciodjianpgchimpgifgjk/js/direct.js:306
[    6350ms] [LOG] [direct] deduped player to 1 @ chrome-extension://ihaelfjohnpciodjianpgchimpgifgjk/js/direct.js:324
[    6351ms] [LOG] [direct] Download button injected (player mini) @ chrome-extension://ihaelfjohnpciodjianpgchimpgifgjk/js/direct.js:306
[    6351ms] [LOG] [direct] deduped player to 1 @ chrome-extension://ihaelfjohnpciodjianpgchimpgifgjk/js/direct.js:324
[    6352ms] [LOG] [direct] Download button injected (player mini) @ chrome-extension://ihaelfjohnpciodjianpgchimpgifgjk/js/direct.js:306
[    6352ms] [LOG] [direct] deduped player to 1 @ chrome-extension://ihaelfjohnpciodjianpgchimpgifgjk/js/direct.js:324
[    6353ms] [LOG] [direct] Download button injected (player mini) @ chrome-extension://ihaelfjohnpciodjianpgchimpgifgjk/js/direct.js:306
[    6353ms] [LOG] [direct] deduped player to 1 @ chrome-extension://ihaelfjohnpciodjianpgchimpgifgjk/js/direct.js:324
[    6354ms] [LOG] [direct] Download button injected (player mini) @ chrome-extension://ihaelfjohnpciodjianpgchimpgifgjk/js/direct.js:306
[    6354ms] [LOG] [direct] deduped player to 1 @ chrome-extension://ihaelfjohnpciodjianpgchimpgifgjk/js/direct.js:324
[    6355ms] [LOG] [direct] Download button injected (player mini) @ chrome-extension://ihaelfjohnpciodjianpgchimpgifgjk/js/direct.js:306
[    6356ms] [LOG] [direct] deduped player to 1 @ chrome-extension://ihaelfjohnpciodjianpgchimpgifgjk/js/direct.js:324
[    6357ms] [LOG] [direct] Download button injected (player mini) @ chrome-extension://ihaelfjohnpciodjianpgchimpgifgjk/js/direct.js:306
[    6357ms] [LOG] [direct] deduped player to 1 @ chrome-extension://ihaelfjohnpciodjianpgchimpgifgjk/js/direct.js:324
[    6358ms] [LOG] [direct] Download button injected (player mini) @ chrome-extension://ihaelfjohnpciodjianpgchimpgifgjk/js/direct.js:306
[    6358ms] [LOG] [direct] deduped player to 1 @ chrome-extension://ihaelfjohnpciodjianpgchimpgifgjk/js/direct.js:324
[    6359ms] [LOG] [direct] Download button injected (player mini) @ chrome-extension://ihaelfjohnpciodjianpgchimpgifgjk/js/direct.js:306
[    6359ms] [LOG] [direct] deduped player to 1 @ chrome-extension://ihaelfjohnpciodjianpgchimpgifgjk/js/direct.js:324
[    6360ms] [LOG] [direct] Download button injected (player mini) @ chrome-extension://ihaelfjohnpciodjianpgchimpgifgjk/js/direct.js:306
[    6360ms] [LOG] [direct] deduped player to 1 @ chrome-extension://ihaelfjohnpciodjianpgchimpgifgjk/js/direct.js:324
[    6361ms] [LOG] [direct] Download button injected (player mini) @ chrome-extension://ihaelfjohnpciodjianpgchimpgifgjk/js/direct.js:306
[    6362ms] [LOG] [direct] deduped player to 1 @ chrome-extension://ihaelfjohnpciodjianpgchimpgifgjk/js/direct.js:324
[    6362ms] [LOG] [direct] Download button injected (player mini) @ chrome-extension://ihaelfjohnpciodjianpgchimpgifgjk/js/direct.js:306
[    6363ms] [LOG] [direct] deduped player to 1 @ chrome-extension://ihaelfjohnpciodjianpgchimpgifgjk/js/direct.js:324
[    6363ms] [LOG] [direct] Download button injected (player mini) @ chrome-extension://ihaelfjohnpciodjianpgchimpgifgjk/js/direct.js:306
[    6364ms] [LOG] [direct] deduped player to 1 @ chrome-extension://ihaelfjohnpciodjianpgchimpgifgjk/js/direct.js:324
[    6365ms] [LOG] [direct] Download button injected (player mini) @ chrome-extension://ihaelfjohnpciodjianpgchimpgifgjk/js/direct.js:306
[    6365ms] [LOG] [direct] deduped player to 1 @ chrome-extension://ihaelfjohnpciodjianpgchimpgifgjk/js/direct.js:324
[    6366ms] [LOG] [direct] Download button injected (player mini) @ chrome-extension://ihaelfjohnpciodjianpgchimpgifgjk/js/direct.js:306
[    6366ms] [LOG] [direct] deduped player to 1 @ chrome-extension://ihaelfjohnpciodjianpgchimpgifgjk/js/direct.js:324
[    6367ms] [LOG] [direct] Download button injected (player mini) @ chrome-extension://ihaelfjohnpciodjianpgchimpgifgjk/js/direct.js:306
[    6367ms] [LOG] [direct] deduped player to 1 @ chrome-extension://ihaelfjohnpciodjianpgchimpgifgjk/js/direct.js:324
[    6368ms] [LOG] [direct] Download button injected (player mini) @ chrome-extension://ihaelfjohnpciodjianpgchimpgifgjk/js/direct.js:306
[    6368ms] [LOG] [direct] deduped player to 1 @ chrome-extension://ihaelfjohnpciodjianpgchimpgifgjk/js/direct.js:324
[    6369ms] [LOG] [direct] Download button injected (player mini) @ chrome-extension://ihaelfjohnpciodjianpgchimpgifgjk/js/direct.js:306
[    6369ms] [LOG] [direct] deduped player to 1 @ chrome-extension://ihaelfjohnpciodjianpgchimpgifgjk/js/direct.js:324
[    6370ms] [LOG] [direct] Download button injected (player mini) @ chrome-extension://ihaelfjohnpciodjianpgchimpgifgjk/js/direct.js:306
[    6370ms] [LOG] [direct] deduped player to 1 @ chrome-extension://ihaelfjohnpciodjianpgchimpgifgjk/js/direct.js:324
[    6372ms] [LOG] [direct] Download button injected (player mini) @ chrome-extension://ihaelfjohnpciodjianpgchimpgifgjk/js/direct.js:306
[    6372ms] [LOG] [direct] deduped player to 1 @ chrome-extension://ihaelfjohnpciodjianpgchimpgifgjk/js/direct.js:324
[    6373ms] [LOG] [direct] Download button injected (player mini) @ chrome-extension://ihaelfjohnpciodjianpgchimpgifgjk/js/direct.js:306
[    6373ms] [LOG] [direct] deduped player to 1 @ chrome-extension://ihaelfjohnpciodjianpgchimpgifgjk/js/direct.js:324
[    6374ms] [LOG] [direct] Download button injected (player mini) @ chrome-extension://ihaelfjohnpciodjianpgchimpgifgjk/js/direct.js:306
[    6375ms] [LOG] [direct] deduped player to 1 @ chrome-extension://ihaelfjohnpciodjianpgchimpgifgjk/js/direct.js:324
[    6376ms] [LOG] [direct] Download button injected (player mini) @ chrome-extension://ihaelfjohnpciodjianpgchimpgifgjk/js/direct.js:306
[    6376ms] [LOG] [direct] deduped player to 1 @ chrome-extension://ihaelfjohnpciodjianpgchimpgifgjk/js/direct.js:324
[    6377ms] [LOG] [direct] Download button injected (player mini) @ chrome-extension://ihaelfjohnpciodjianpgchimpgifgjk/js/direct.js:306
[    6377ms] [LOG] [direct] deduped player to 1 @ chrome-extension://ihaelfjohnpciodjianpgchimpgifgjk/js/direct.js:324
[    6378ms] [LOG] [direct] Download button injected (player mini) @ chrome-extension://ihaelfjohnpciodjianpgchimpgifgjk/js/direct.js:306
[    6378ms] [LOG] [direct] deduped player to 1 @ chrome-extension://ihaelfjohnpciodjianpgchimpgifgjk/js/direct.js:324
[    6379ms] [LOG] [direct] Download button injected (player mini) @ chrome-extension://ihaelfjohnpciodjianpgchimpgifgjk/js/direct.js:306
[    6379ms] [LOG] [direct] deduped player to 1 @ chrome-extension://ihaelfjohnpciodjianpgchimpgifgjk/js/direct.js:324
[    6380ms] [LOG] [direct] Download button injected (player mini) @ chrome-extension://ihaelfjohnpciodjianpgchimpgifgjk/js/direct.js:306
[    6380ms] [LOG] [direct] deduped player to 1 @ chrome-extension://ihaelfjohnpciodjianpgchimpgifgjk/js/direct.js:324
[    6381ms] [LOG] [direct] Download button injected (player mini) @ chrome-extension://ihaelfjohnpciodjianpgchimpgifgjk/js/direct.js:306
[    6381ms] [LOG] [direct] deduped player to 1 @ chrome-extension://ihaelfjohnpciodjianpgchimpgifgjk/js/direct.js:324
[    6382ms] [LOG] [direct] Download button injected (player mini) @ chrome-extension://ihaelfjohnpciodjianpgchimpgifgjk/js/direct.js:306
[    6382ms] [LOG] [direct] deduped player to 1 @ chrome-extension://ihaelfjohnpciodjianpgchimpgifgjk/js/direct.js:324
[    6383ms] [LOG] [direct] Download button injected (player mini) @ chrome-extension://ihaelfjohnpciodjianpgchimpgifgjk/js/direct.js:306
[    6383ms] [LOG] [direct] deduped player to 1 @ chrome-extension://ihaelfjohnpciodjianpgchimpgifgjk/js/direct.js:324
[    6383ms] [LOG] [direct] Download button injected (player mini) @ chrome-extension://ihaelfjohnpciodjianpgchimpgifgjk/js/direct.js:306
[    6384ms] [LOG] [direct] deduped player to 1 @ chrome-extension://ihaelfjohnpciodjianpgchimpgifgjk/js/direct.js:324
[    6384ms] [LOG] [direct] Download button injected (player mini) @ chrome-extension://ihaelfjohnpciodjianpgchimpgifgjk/js/direct.js:306
[    6385ms] [LOG] [direct] deduped player to 1 @ chrome-extension://ihaelfjohnpciodjianpgchimpgifgjk/js/direct.js:324
[    6385ms] [LOG] [direct] Download button injected (player mini) @ chrome-extension://ihaelfjohnpciodjianpgchimpgifgjk/js/direct.js:306
[    6386ms] [LOG] [direct] deduped player to 1 @ chrome-extension://ihaelfjohnpciodjianpgchimpgifgjk/js/direct.js:324
[    6386ms] [LOG] [direct] Download button injected (player mini) @ chrome-extension://ihaelfjohnpciodjianpgchimpgifgjk/js/direct.js:306
[    6387ms] [LOG] [direct] deduped player to 1 @ chrome-extension://ihaelfjohnpciodjianpgchimpgifgjk/js/direct.js:324
[    6387ms] [LOG] [direct] Download button injected (player mini) @ chrome-extension://ihaelfjohnpciodjianpgchimpgifgjk/js/direct.js:306
[    6388ms] [LOG] [direct] deduped player to 1 @ chrome-extension://ihaelfjohnpciodjianpgchimpgifgjk/js/direct.js:324
[    6389ms] [LOG] [direct] Download button injected (player mini) @ chrome-extension://ihaelfjohnpciodjianpgchimpgifgjk/js/direct.js:306
[    6389ms] [LOG] [direct] deduped player to 1 @ chrome-extension://ihaelfjohnpciodjianpgchimpgifgjk/js/direct.js:324
[    6389ms] [LOG] [direct] Download button injected (player mini) @ chrome-extension://ihaelfjohnpciodjianpgchimpgifgjk/js/direct.js:306
[    6390ms] [LOG] [direct] deduped player to 1 @ chrome-extension://ihaelfjohnpciodjianpgchimpgifgjk/js/direct.js:324
[    6391ms] [LOG] [direct] Download button injected (player mini) @ chrome-extension://ihaelfjohnpciodjianpgchimpgifgjk/js/direct.js:306
[    6391ms] [LOG] [direct] deduped player to 1 @ chrome-extension://ihaelfjohnpciodjianpgchimpgifgjk/js/direct.js:324
[    6392ms] [LOG] [direct] Download button injected (player mini) @ chrome-extension://ihaelfjohnpciodjianpgchimpgifgjk/js/direct.js:306
[    6392ms] [LOG] [direct] deduped player to 1 @ chrome-extension://ihaelfjohnpciodjianpgchimpgifgjk/js/direct.js:324
[    6393ms] [LOG] [direct] Download button injected (player mini) @ chrome-extension://ihaelfjohnpciodjianpgchimpgifgjk/js/direct.js:306
[    6393ms] [LOG] [direct] deduped player to 1 @ chrome-extension://ihaelfjohnpciodjianpgchimpgifgjk/js/direct.js:324
[    6394ms] [LOG] [direct] Download button injected (player mini) @ chrome-extension://ihaelfjohnpciodjianpgchimpgifgjk/js/direct.js:306
[    6394ms] [LOG] [direct] deduped player to 1 @ chrome-extension://ihaelfjohnpciodjianpgchimpgifgjk/js/direct.js:324
[    6395ms] [LOG] [direct] Download button injected (player mini) @ chrome-extension://ihaelfjohnpciodjianpgchimpgifgjk/js/direct.js:306
[    6395ms] [LOG] [direct] deduped player to 1 @ chrome-extension://ihaelfjohnpciodjianpgchimpgifgjk/js/direct.js:324
[    6396ms] [LOG] [direct] Download button injected (player mini) @ chrome-extension://ihaelfjohnpciodjianpgchimpgifgjk/js/direct.js:306
[    6397ms] [LOG] [direct] deduped player to 1 @ chrome-extension://ihaelfjohnpciodjianpgchimpgifgjk/js/direct.js:324
[    6397ms] [LOG] [direct] Download button injected (player mini) @ chrome-extension://ihaelfjohnpciodjianpgchimpgifgjk/js/direct.js:306
[    6398ms] [LOG] [direct] deduped player to 1 @ chrome-extension://ihaelfjohnpciodjianpgchimpgifgjk/js/direct.js:324
[    6398ms] [LOG] [direct] Download button injected (player mini) @ chrome-extension://ihaelfjohnpciodjianpgchimpgifgjk/js/direct.js:306
[    6399ms] [LOG] [direct] deduped player to 1 @ chrome-extension://ihaelfjohnpciodjianpgchimpgifgjk/js/direct.js:324
[    6399ms] [LOG] [direct] Download button injected (player mini) @ chrome-extension://ihaelfjohnpciodjianpgchimpgifgjk/js/direct.js:306
[    6400ms] [LOG] [direct] deduped player to 1 @ chrome-extension://ihaelfjohnpciodjianpgchimpgifgjk/js/direct.js:324
[    6400ms] [LOG] [direct] Download button injected (player mini) @ chrome-extension://ihaelfjohnpciodjianpgchimpgifgjk/js/direct.js:306
[    6400ms] [LOG] [direct] deduped player to 1 @ chrome-extension://ihaelfjohnpciodjianpgchimpgifgjk/js/direct.js:324
[    6401ms] [LOG] [direct] Download button injected (player mini) @ chrome-extension://ihaelfjohnpciodjianpgchimpgifgjk/js/direct.js:306
[    6401ms] [LOG] [direct] deduped player to 1 @ chrome-extension://ihaelfjohnpciodjianpgchimpgifgjk/js/direct.js:324
[    6402ms] [LOG] [direct] Download button injected (player mini) @ chrome-extension://ihaelfjohnpciodjianpgchimpgifgjk/js/direct.js:306
[    6402ms] [LOG] [direct] deduped player to 1 @ chrome-extension://ihaelfjohnpciodjianpgchimpgifgjk/js/direct.js:324
[    6402ms] [LOG] [direct] Download button injected (player mini) @ chrome-extension://ihaelfjohnpciodjianpgchimpgifgjk/js/direct.js:306
[    6402ms] [LOG] [direct] deduped player to 1 @ chrome-extension://ihaelfjohnpciodjianpgchimpgifgjk/js/direct.js:324
[    6403ms] [LOG] [direct] Download button injected (player mini) @ chrome-extension://ihaelfjohnpciodjianpgchimpgifgjk/js/direct.js:306
[    6403ms] [LOG] [direct] deduped player to 1 @ chrome-extension://ihaelfjohnpciodjianpgchimpgifgjk/js/direct.js:324
[    6404ms] [LOG] [direct] Download button injected (player mini) @ chrome-extension://ihaelfjohnpciodjianpgchimpgifgjk/js/direct.js:306
[    6404ms] [LOG] [direct] deduped player to 1 @ chrome-extension://ihaelfjohnpciodjianpgchimpgifgjk/js/direct.js:324
[    6405ms] [LOG] [direct] Download button injected (player mini) @ chrome-extension://ihaelfjohnpciodjianpgchimpgifgjk/js/direct.js:306
[    6405ms] [LOG] [direct] deduped player to 1 @ chrome-extension://ihaelfjohnpciodjianpgchimpgifgjk/js/direct.js:324
[    6406ms] [LOG] [direct] Download button injected (player mini) @ chrome-extension://ihaelfjohnpciodjianpgchimpgifgjk/js/direct.js:306
[    6406ms] [LOG] [direct] deduped player to 1 @ chrome-extension://ihaelfjohnpciodjianpgchimpgifgjk/js/direct.js:324
[    6407ms] [LOG] [direct] Download button injected (player mini) @ chrome-extension://ihaelfjohnpciodjianpgchimpgifgjk/js/direct.js:306
[    6407ms] [LOG] [direct] deduped player to 1 @ chrome-extension://ihaelfjohnpciodjianpgchimpgifgjk/js/direct.js:324
[    6408ms] [LOG] [direct] Download button injected (player mini) @ chrome-extension://ihaelfjohnpciodjianpgchimpgifgjk/js/direct.js:306
[    6409ms] [LOG] [direct] deduped player to 1 @ chrome-extension://ihaelfjohnpciodjianpgchimpgifgjk/js/direct.js:324
[    6410ms] [LOG] [direct] Download button injected (player mini) @ chrome-extension://ihaelfjohnpciodjianpgchimpgifgjk/js/direct.js:306
[    6410ms] [LOG] [direct] deduped player to 1 @ chrome-extension://ihaelfjohnpciodjianpgchimpgifgjk/js/direct.js:324
[    6411ms] [LOG] [direct] Download button injected (player mini) @ chrome-extension://ihaelfjohnpciodjianpgchimpgifgjk/js/direct.js:306
[    6411ms] [LOG] [direct] deduped player to 1 @ chrome-extension://ihaelfjohnpciodjianpgchimpgifgjk/js/direct.js:324
[    6412ms] [LOG] [direct] Download button injected (player mini) @ chrome-extension://ihaelfjohnpciodjianpgchimpgifgjk/js/direct.js:306
[    6413ms] [LOG] [direct] deduped player to 1 @ chrome-extension://ihaelfjohnpciodjianpgchimpgifgjk/js/direct.js:324
[    6414ms] [LOG] [direct] Download button injected (player mini) @ chrome-extension://ihaelfjohnpciodjianpgchimpgifgjk/js/direct.js:306
[    6414ms] [LOG] [direct] deduped player to 1 @ chrome-extension://ihaelfjohnpciodjianpgchimpgifgjk/js/direct.js:324
[    6415ms] [LOG] [direct] Download button injected (player mini) @ chrome-extension://ihaelfjohnpciodjianpgchimpgifgjk/js/direct.js:306
[    6415ms] [LOG] [direct] deduped player to 1 @ chrome-extension://ihaelfjohnpciodjianpgchimpgifgjk/js/direct.js:324
[    6416ms] [LOG] [direct] Download button injected (player mini) @ chrome-extension://ihaelfjohnpciodjianpgchimpgifgjk/js/direct.js:306
[    6416ms] [LOG] [direct] deduped player to 1 @ chrome-extension://ihaelfjohnpciodjianpgchimpgifgjk/js/direct.js:324
[    6417ms] [LOG] [direct] Download button injected (player mini) @ chrome-extension://ihaelfjohnpciodjianpgchimpgifgjk/js/direct.js:306
[    6417ms] [LOG] [direct] deduped player to 1 @ chrome-extension://ihaelfjohnpciodjianpgchimpgifgjk/js/direct.js:324
[    6417ms] [LOG] [direct] Download button injected (player mini) @ chrome-extension://ihaelfjohnpciodjianpgchimpgifgjk/js/direct.js:306
[    6418ms] [LOG] [direct] deduped player to 1 @ chrome-extension://ihaelfjohnpciodjianpgchimpgifgjk/js/direct.js:324
[    6419ms] [LOG] [direct] Download button injected (player mini) @ chrome-extension://ihaelfjohnpciodjianpgchimpgifgjk/js/direct.js:306
[    6419ms] [LOG] [direct] deduped player to 1 @ chrome-extension://ihaelfjohnpciodjianpgchimpgifgjk/js/direct.js:324
[    6420ms] [LOG] [direct] Download button injected (player mini) @ chrome-extension://ihaelfjohnpciodjianpgchimpgifgjk/js/direct.js:306
[    6420ms] [LOG] [direct] deduped player to 1 @ chrome-extension://ihaelfjohnpciodjianpgchimpgifgjk/js/direct.js:324
[    6421ms] [LOG] [direct] Download button injected (player mini) @ chrome-extension://ihaelfjohnpciodjianpgchimpgifgjk/js/direct.js:306
[    6421ms] [LOG] [direct] deduped player to 1 @ chrome-extension://ihaelfjohnpciodjianpgchimpgifgjk/js/direct.js:324
[    6423ms] [LOG] [direct] Download button injected (player mini) @ chrome-extension://ihaelfjohnpciodjianpgchimpgifgjk/js/direct.js:306
[    6423ms] [LOG] [direct] deduped player to 1 @ chrome-extension://ihaelfjohnpciodjianpgchimpgifgjk/js/direct.js:324
[    6424ms] [LOG] [direct] Download button injected (player mini) @ chrome-extension://ihaelfjohnpciodjianpgchimpgifgjk/js/direct.js:306
[    6424ms] [LOG] [direct] deduped player to 1 @ chrome-extension://ihaelfjohnpciodjianpgchimpgifgjk/js/direct.js:324
[    6425ms] [LOG] [direct] Download button injected (player mini) @ chrome-extension://ihaelfjohnpciodjianpgchimpgifgjk/js/direct.js:306
[    6426ms] [LOG] [direct] deduped player to 1 @ chrome-extension://ihaelfjohnpciodjianpgchimpgifgjk/js/direct.js:324
[    6427ms] [LOG] [direct] Download button injected (player mini) @ chrome-extension://ihaelfjohnpciodjianpgchimpgifgjk/js/direct.js:306
[    6427ms] [LOG] [direct] deduped player to 1 @ chrome-extension://ihaelfjohnpciodjianpgchimpgifgjk/js/direct.js:324
[    6428ms] [LOG] [direct] Download button injected (player mini) @ chrome-extension://ihaelfjohnpciodjianpgchimpgifgjk/js/direct.js:306
[    6429ms] [LOG] [direct] deduped player to 1 @ chrome-extension://ihaelfjohnpciodjianpgchimpgifgjk/js/direct.js:324
[    6430ms] [LOG] [direct] Download button injected (player mini) @ chrome-extension://ihaelfjohnpciodjianpgchimpgifgjk/js/direct.js:306
[    6430ms] [LOG] [direct] deduped player to 1 @ chrome-extension://ihaelfjohnpciodjianpgchimpgifgjk/js/direct.js:324
[    6431ms] [LOG] [direct] Download button injected (player mini) @ chrome-extension://ihaelfjohnpciodjianpgchimpgifgjk/js/direct.js:306
[    6431ms] [LOG] [direct] deduped player to 1 @ chrome-extension://ihaelfjohnpciodjianpgchimpgifgjk/js/direct.js:324
[    6431ms] [LOG] [direct] Download button injected (player mini) @ chrome-extension://ihaelfjohnpciodjianpgchimpgifgjk/js/direct.js:306
[    6432ms] [LOG] [direct] deduped player to 1 @ chrome-extension://ihaelfjohnpciodjianpgchimpgifgjk/js/direct.js:324
[    6432ms] [LOG] [direct] Download button injected (player mini) @ chrome-extension://ihaelfjohnpciodjianpgchimpgifgjk/js/direct.js:306
[    6433ms] [LOG] [direct] deduped player to 1 @ chrome-extension://ihaelfjohnpciodjianpgchimpgifgjk/js/direct.js:324
[    6433ms] [LOG] [direct] Download button injected (player mini) @ chrome-extension://ihaelfjohnpciodjianpgchimpgifgjk/js/direct.js:306
[    6434ms] [LOG] [direct] deduped player to 1 @ chrome-extension://ihaelfjohnpciodjianpgchimpgifgjk/js/direct.js:324
[    6434ms] [LOG] [direct] Download button injected (player mini) @ chrome-extension://ihaelfjohnpciodjianpgchimpgifgjk/js/direct.js:306
[    6434ms] [LOG] [direct] deduped player to 1 @ chrome-extension://ihaelfjohnpciodjianpgchimpgifgjk/js/direct.js:324
[    6435ms] [LOG] [direct] Download button injected (player mini) @ chrome-extension://ihaelfjohnpciodjianpgchimpgifgjk/js/direct.js:306
[    6435ms] [LOG] [direct] deduped player to 1 @ chrome-extension://ihaelfjohnpciodjianpgchimpgifgjk/js/direct.js:324
[    6436ms] [LOG] [direct] Download button injected (player mini) @ chrome-extension://ihaelfjohnpciodjianpgchimpgifgjk/js/direct.js:306
[    6436ms] [LOG] [direct] deduped player to 1 @ chrome-extension://ihaelfjohnpciodjianpgchimpgifgjk/js/direct.js:324
[    6437ms] [LOG] [direct] Download button injected (player mini) @ chrome-extension://ihaelfjohnpciodjianpgchimpgifgjk/js/direct.js:306
[    6438ms] [LOG] [direct] deduped player to 1 @ chrome-extension://ihaelfjohnpciodjianpgchimpgifgjk/js/direct.js:324
[    6438ms] [LOG] [direct] Download button injected (player mini) @ chrome-extension://ihaelfjohnpciodjianpgchimpgifgjk/js/direct.js:306
[    6439ms] [LOG] [direct] deduped player to 1 @ chrome-extension://ihaelfjohnpciodjianpgchimpgifgjk/js/direct.js:324
[    6439ms] [LOG] [direct] Download button injected (player mini) @ chrome-extension://ihaelfjohnpciodjianpgchimpgifgjk/js/direct.js:306
[    6440ms] [LOG] [direct] deduped player to 1 @ chrome-extension://ihaelfjohnpciodjianpgchimpgifgjk/js/direct.js:324
[    6441ms] [LOG] [direct] Download button injected (player mini) @ chrome-extension://ihaelfjohnpciodjianpgchimpgifgjk/js/direct.js:306
[    6441ms] [LOG] [direct] deduped player to 1 @ chrome-extension://ihaelfjohnpciodjianpgchimpgifgjk/js/direct.js:324
[    6443ms] [LOG] [direct] Download button injected (player mini) @ chrome-extension://ihaelfjohnpciodjianpgchimpgifgjk/js/direct.js:306
[    6443ms] [LOG] [direct] deduped player to 1 @ chrome-extension://ihaelfjohnpciodjianpgchimpgifgjk/js/direct.js:324
[    6445ms] [LOG] [direct] Download button injected (player mini) @ chrome-extension://ihaelfjohnpciodjianpgchimpgifgjk/js/direct.js:306
[    6445ms] [LOG] [direct] deduped player to 1 @ chrome-extension://ihaelfjohnpciodjianpgchimpgifgjk/js/direct.js:324
[    6447ms] [LOG] [direct] Download button injected (player mini) @ chrome-extension://ihaelfjohnpciodjianpgchimpgifgjk/js/direct.js:306
[    6447ms] [LOG] [direct] deduped player to 1 @ chrome-extension://ihaelfjohnpciodjianpgchimpgifgjk/js/direct.js:324
[    6448ms] [LOG] [direct] Download button injected (player mini) @ chrome-extension://ihaelfjohnpciodjianpgchimpgifgjk/js/direct.js:306
[    6449ms] [LOG] [direct] deduped player to 1 @ chrome-extension://ihaelfjohnpciodjianpgchimpgifgjk/js/direct.js:324
[    6450ms] [LOG] [direct] Download button injected (player mini) @ chrome-extension://ihaelfjohnpciodjianpgchimpgifgjk/js/direct.js:306
[    6450ms] [LOG] [direct] deduped player to 1 @ chrome-extension://ihaelfjohnpciodjianpgchimpgifgjk/js/direct.js:324
[    6451ms] [LOG] [direct] Download button injected (player mini) @ chrome-extension://ihaelfjohnpciodjianpgchimpgifgjk/js/direct.js:306
[    6451ms] [LOG] [direct] deduped player to 1 @ chrome-extension://ihaelfjohnpciodjianpgchimpgifgjk/js/direct.js:324
[    6452ms] [LOG] [direct] Download button injected (player mini) @ chrome-extension://ihaelfjohnpciodjianpgchimpgifgjk/js/direct.js:306
[    6452ms] [LOG] [direct] deduped player to 1 @ chrome-extension://ihaelfjohnpciodjianpgchimpgifgjk/js/direct.js:324
[    6453ms] [LOG] [direct] Download button injected (player mini) @ chrome-extension://ihaelfjohnpciodjianpgchimpgifgjk/js/direct.js:306
[    6453ms] [LOG] [direct] deduped player to 1 @ chrome-extension://ihaelfjohnpciodjianpgchimpgifgjk/js/direct.js:324
[    6454ms] [LOG] [direct] Download button injected (player mini) @ chrome-extension://ihaelfjohnpciodjianpgchimpgifgjk/js/direct.js:306
[    6454ms] [LOG] [direct] deduped player to 1 @ chrome-extension://ihaelfjohnpciodjianpgchimpgifgjk/js/direct.js:324
[    6455ms] [LOG] [direct] Download button injected (player mini) @ chrome-extension://ihaelfjohnpciodjianpgchimpgifgjk/js/direct.js:306
[    6456ms] [LOG] [direct] deduped player to 1 @ chrome-extension://ihaelfjohnpciodjianpgchimpgifgjk/js/direct.js:324
[    6456ms] [LOG] [direct] Download button injected (player mini) @ chrome-extension://ihaelfjohnpciodjianpgchimpgifgjk/js/direct.js:306
[    6457ms] [LOG] [direct] deduped player to 1 @ chrome-extension://ihaelfjohnpciodjianpgchimpgifgjk/js/direct.js:324
[    6458ms] [LOG] [direct] Download button injected (player mini) @ chrome-extension://ihaelfjohnpciodjianpgchimpgifgjk/js/direct.js:306
[    6458ms] [LOG] [direct] deduped player to 1 @ chrome-extension://ihaelfjohnpciodjianpgchimpgifgjk/js/direct.js:324
[    6459ms] [LOG] [direct] Download button injected (player mini) @ chrome-extension://ihaelfjohnpciodjianpgchimpgifgjk/js/direct.js:306
[    6459ms] [LOG] [direct] deduped player to 1 @ chrome-extension://ihaelfjohnpciodjianpgchimpgifgjk/js/direct.js:324
[    6460ms] [LOG] [direct] Download button injected (player mini) @ chrome-extension://ihaelfjohnpciodjianpgchimpgifgjk/js/direct.js:306
[    6460ms] [LOG] [direct] deduped player to 1 @ chrome-extension://ihaelfjohnpciodjianpgchimpgifgjk/js/direct.js:324
[    6461ms] [LOG] [direct] Download button injected (player mini) @ chrome-extension://ihaelfjohnpciodjianpgchimpgifgjk/js/direct.js:306
[    6461ms] [LOG] [direct] deduped player to 1 @ chrome-extension://ihaelfjohnpciodjianpgchimpgifgjk/js/direct.js:324
[    6462ms] [LOG] [direct] Download button injected (player mini) @ chrome-extension://ihaelfjohnpciodjianpgchimpgifgjk/js/direct.js:306
[    6462ms] [LOG] [direct] deduped player to 1 @ chrome-extension://ihaelfjohnpciodjianpgchimpgifgjk/js/direct.js:324
[    6462ms] [LOG] [direct] Download button injected (player mini) @ chrome-extension://ihaelfjohnpciodjianpgchimpgifgjk/js/direct.js:306
[    6463ms] [LOG] [direct] deduped player to 1 @ chrome-extension://ihaelfjohnpciodjianpgchimpgifgjk/js/direct.js:324
[    6463ms] [LOG] [direct] Download button injected (player mini) @ chrome-extension://ihaelfjohnpciodjianpgchimpgifgjk/js/direct.js:306
[    6463ms] [LOG] [direct] deduped player to 1 @ chrome-extension://ihaelfjohnpciodjianpgchimpgifgjk/js/direct.js:324
[    6464ms] [LOG] [direct] Download button injected (player mini) @ chrome-extension://ihaelfjohnpciodjianpgchimpgifgjk/js/direct.js:306
[    6464ms] [LOG] [direct] deduped player to 1 @ chrome-extension://ihaelfjohnpciodjianpgchimpgifgjk/js/direct.js:324
[    6465ms] [LOG] [direct] Download button injected (player mini) @ chrome-extension://ihaelfjohnpciodjianpgchimpgifgjk/js/direct.js:306
[    6465ms] [LOG] [direct] deduped player to 1 @ chrome-extension://ihaelfjohnpciodjianpgchimpgifgjk/js/direct.js:324
[    6466ms] [LOG] [direct] Download button injected (player mini) @ chrome-extension://ihaelfjohnpciodjianpgchimpgifgjk/js/direct.js:306
[    6466ms] [LOG] [direct] deduped player to 1 @ chrome-extension://ihaelfjohnpciodjianpgchimpgifgjk/js/direct.js:324
[    6467ms] [LOG] [direct] Download button injected (player mini) @ chrome-extension://ihaelfjohnpciodjianpgchimpgifgjk/js/direct.js:306
[    6467ms] [LOG] [direct] deduped player to 1 @ chrome-extension://ihaelfjohnpciodjianpgchimpgifgjk/js/direct.js:324
[    6468ms] [LOG] [direct] Download button injected (player mini) @ chrome-extension://ihaelfjohnpciodjianpgchimpgifgjk/js/direct.js:306
[    6468ms] [LOG] [direct] deduped player to 1 @ chrome-extension://ihaelfjohnpciodjianpgchimpgifgjk/js/direct.js:324
[    6469ms] [LOG] [direct] Download button injected (player mini) @ chrome-extension://ihaelfjohnpciodjianpgchimpgifgjk/js/direct.js:306
[    6469ms] [LOG] [direct] deduped player to 1 @ chrome-extension://ihaelfjohnpciodjianpgchimpgifgjk/js/direct.js:324
[    6470ms] [LOG] [direct] Download button injected (player mini) @ chrome-extension://ihaelfjohnpciodjianpgchimpgifgjk/js/direct.js:306
[    6470ms] [LOG] [direct] deduped player to 1 @ chrome-extension://ihaelfjohnpciodjianpgchimpgifgjk/js/direct.js:324
[    6471ms] [LOG] [direct] Download button injected (player mini) @ chrome-extension://ihaelfjohnpciodjianpgchimpgifgjk/js/direct.js:306
[    6471ms] [LOG] [direct] deduped player to 1 @ chrome-extension://ihaelfjohnpciodjianpgchimpgifgjk/js/direct.js:324
[    6472ms] [LOG] [direct] Download button injected (player mini) @ chrome-extension://ihaelfjohnpciodjianpgchimpgifgjk/js/direct.js:306
[    6472ms] [LOG] [direct] deduped player to 1 @ chrome-extension://ihaelfjohnpciodjianpgchimpgifgjk/js/direct.js:324
[    6473ms] [LOG] [direct] Download button injected (player mini) @ chrome-extension://ihaelfjohnpciodjianpgchimpgifgjk/js/direct.js:306
[    6474ms] [LOG] [direct] deduped player to 1 @ chrome-extension://ihaelfjohnpciodjianpgchimpgifgjk/js/direct.js:324
[    6474ms] [LOG] [direct] Download button injected (player mini) @ chrome-extension://ihaelfjohnpciodjianpgchimpgifgjk/js/direct.js:306
[    6475ms] [LOG] [direct] deduped player to 1 @ chrome-extension://ihaelfjohnpciodjianpgchimpgifgjk/js/direct.js:324
[    6475ms] [LOG] [direct] Download button injected (player mini) @ chrome-extension://ihaelfjohnpciodjianpgchimpgifgjk/js/direct.js:306
[    6476ms] [LOG] [direct] deduped player to 1 @ chrome-extension://ihaelfjohnpciodjianpgchimpgifgjk/js/direct.js:324
[    6476ms] [LOG] [direct] Download button injected (player mini) @ chrome-extension://ihaelfjohnpciodjianpgchimpgifgjk/js/direct.js:306
[    6477ms] [LOG] [direct] deduped player to 1 @ chrome-extension://ihaelfjohnpciodjianpgchimpgifgjk/js/direct.js:324
[    6477ms] [LOG] [direct] Download button injected (player mini) @ chrome-extension://ihaelfjohnpciodjianpgchimpgifgjk/js/direct.js:306
[    6478ms] [LOG] [direct] deduped player to 1 @ chrome-extension://ihaelfjohnpciodjianpgchimpgifgjk/js/direct.js:324
[    6479ms] [LOG] [direct] Download button injected (player mini) @ chrome-extension://ihaelfjohnpciodjianpgchimpgifgjk/js/direct.js:306
[    6479ms] [LOG] [direct] deduped player to 1 @ chrome-extension://ihaelfjohnpciodjianpgchimpgifgjk/js/direct.js:324
[    6480ms] [LOG] [direct] Download button injected (player mini) @ chrome-extension://ihaelfjohnpciodjianpgchimpgifgjk/js/direct.js:306
[    6480ms] [LOG] [direct] deduped player to 1 @ chrome-extension://ihaelfjohnpciodjianpgchimpgifgjk/js/direct.js:324
[    6480ms] [LOG] [direct] Download button injected (player mini) @ chrome-extension://ihaelfjohnpciodjianpgchimpgifgjk/js/direct.js:306
[    6481ms] [LOG] [direct] deduped player to 1 @ chrome-extension://ihaelfjohnpciodjianpgchimpgifgjk/js/direct.js:324
[    6481ms] [LOG] [direct] Download button injected (player mini) @ chrome-extension://ihaelfjohnpciodjianpgchimpgifgjk/js/direct.js:306
[    6481ms] [LOG] [direct] deduped player to 1 @ chrome-extension://ihaelfjohnpciodjianpgchimpgifgjk/js/direct.js:324
[    6482ms] [LOG] [direct] Download button injected (player mini) @ chrome-extension://ihaelfjohnpciodjianpgchimpgifgjk/js/direct.js:306
[    6482ms] [LOG] [direct] deduped player to 1 @ chrome-extension://ihaelfjohnpciodjianpgchimpgifgjk/js/direct.js:324
[    6483ms] [LOG] [direct] Download button injected (player mini) @ chrome-extension://ihaelfjohnpciodjianpgchimpgifgjk/js/direct.js:306
[    6483ms] [LOG] [direct] deduped player to 1 @ chrome-extension://ihaelfjohnpciodjianpgchimpgifgjk/js/direct.js:324
[    6484ms] [LOG] [direct] Download button injected (player mini) @ chrome-extension://ihaelfjohnpciodjianpgchimpgifgjk/js/direct.js:306
[    6484ms] [LOG] [direct] deduped player to 1 @ chrome-extension://ihaelfjohnpciodjianpgchimpgifgjk/js/direct.js:324
[    6485ms] [LOG] [direct] Download button injected (player mini) @ chrome-extension://ihaelfjohnpciodjianpgchimpgifgjk/js/direct.js:306
[    6485ms] [LOG] [direct] deduped player to 1 @ chrome-extension://ihaelfjohnpciodjianpgchimpgifgjk/js/direct.js:324
[    6486ms] [LOG] [direct] Download button injected (player mini) @ chrome-extension://ihaelfjohnpciodjianpgchimpgifgjk/js/direct.js:306
[    6486ms] [LOG] [direct] deduped player to 1 @ chrome-extension://ihaelfjohnpciodjianpgchimpgifgjk/js/direct.js:324
[    6487ms] [LOG] [direct] Download button injected (player mini) @ chrome-extension://ihaelfjohnpciodjianpgchimpgifgjk/js/direct.js:306
[    6487ms] [LOG] [direct] deduped player to 1 @ chrome-extension://ihaelfjohnpciodjianpgchimpgifgjk/js/direct.js:324
[    6488ms] [LOG] [direct] Download button injected (player mini) @ chrome-extension://ihaelfjohnpciodjianpgchimpgifgjk/js/direct.js:306
[    6488ms] [LOG] [direct] deduped player to 1 @ chrome-extension://ihaelfjohnpciodjianpgchimpgifgjk/js/direct.js:324
[    6489ms] [LOG] [direct] Download button injected (player mini) @ chrome-extension://ihaelfjohnpciodjianpgchimpgifgjk/js/direct.js:306
[    6489ms] [LOG] [direct] deduped player to 1 @ chrome-extension://ihaelfjohnpciodjianpgchimpgifgjk/js/direct.js:324
[    6489ms] [LOG] [direct] Download button injected (player mini) @ chrome-extension://ihaelfjohnpciodjianpgchimpgifgjk/js/direct.js:306
[    6490ms] [LOG] [direct] deduped player to 1 @ chrome-extension://ihaelfjohnpciodjianpgchimpgifgjk/js/direct.js:324
[    6490ms] [LOG] [direct] Download button injected (player mini) @ chrome-extension://ihaelfjohnpciodjianpgchimpgifgjk/js/direct.js:306
[    6490ms] [LOG] [direct] deduped player to 1 @ chrome-extension://ihaelfjohnpciodjianpgchimpgifgjk/js/direct.js:324
[    6491ms] [LOG] [direct] Download button injected (player mini) @ chrome-extension://ihaelfjohnpciodjianpgchimpgifgjk/js/direct.js:306
[    6491ms] [LOG] [direct] deduped player to 1 @ chrome-extension://ihaelfjohnpciodjianpgchimpgifgjk/js/direct.js:324
[    6492ms] [LOG] [direct] Download button injected (player mini) @ chrome-extension://ihaelfjohnpciodjianpgchimpgifgjk/js/direct.js:306
[    6493ms] [LOG] [direct] deduped player to 1 @ chrome-extension://ihaelfjohnpciodjianpgchimpgifgjk/js/direct.js:324
[    6494ms] [LOG] [direct] Download button injected (player mini) @ chrome-extension://ihaelfjohnpciodjianpgchimpgifgjk/js/direct.js:306
[    6494ms] [LOG] [direct] deduped player to 1 @ chrome-extension://ihaelfjohnpciodjianpgchimpgifgjk/js/direct.js:324
[    6495ms] [LOG] [direct] Download button injected (player mini) @ chrome-extension://ihaelfjohnpciodjianpgchimpgifgjk/js/direct.js:306
[    6495ms] [LOG] [direct] deduped player to 1 @ chrome-extension://ihaelfjohnpciodjianpgchimpgifgjk/js/direct.js:324
[    6496ms] [LOG] [direct] Download button injected (player mini) @ chrome-extension://ihaelfjohnpciodjianpgchimpgifgjk/js/direct.js:306
[    6496ms] [LOG] [direct] deduped player to 1 @ chrome-extension://ihaelfjohnpciodjianpgchimpgifgjk/js/direct.js:324
[    6497ms] [LOG] [direct] Download button injected (player mini) @ chrome-extension://ihaelfjohnpciodjianpgchimpgifgjk/js/direct.js:306
[    6497ms] [LOG] [direct] deduped player to 1 @ chrome-extension://ihaelfjohnpciodjianpgchimpgifgjk/js/direct.js:324
[    6498ms] [LOG] [direct] Download button injected (player mini) @ chrome-extension://ihaelfjohnpciodjianpgchimpgifgjk/js/direct.js:306
[    6498ms] [LOG] [direct] deduped player to 1 @ chrome-extension://ihaelfjohnpciodjianpgchimpgifgjk/js/direct.js:324
[    6498ms] [LOG] [direct] Download button injected (player mini) @ chrome-extension://ihaelfjohnpciodjianpgchimpgifgjk/js/direct.js:306
[    6498ms] [LOG] [direct] deduped player to 1 @ chrome-extension://ihaelfjohnpciodjianpgchimpgifgjk/js/direct.js:324
[    6499ms] [LOG] [direct] Download button injected (player mini) @ chrome-extension://ihaelfjohnpciodjianpgchimpgifgjk/js/direct.js:306
[    6499ms] [LOG] [direct] deduped player to 1 @ chrome-extension://ihaelfjohnpciodjianpgchimpgifgjk/js/direct.js:324
[    6500ms] [LOG] [direct] Download button injected (player mini) @ chrome-extension://ihaelfjohnpciodjianpgchimpgifgjk/js/direct.js:306
[    6500ms] [LOG] [direct] deduped player to 1 @ chrome-extension://ihaelfjohnpciodjianpgchimpgifgjk/js/direct.js:324
[    6501ms] [LOG] [direct] Download button injected (player mini) @ chrome-extension://ihaelfjohnpciodjianpgchimpgifgjk/js/direct.js:306
[    6501ms] [LOG] [direct] deduped player to 1 @ chrome-extension://ihaelfjohnpciodjianpgchimpgifgjk/js/direct.js:324
[    6501ms] [LOG] [direct] Download button injected (player mini) @ chrome-extension://ihaelfjohnpciodjianpgchimpgifgjk/js/direct.js:306
[    6502ms] [LOG] [direct] deduped player to 1 @ chrome-extension://ihaelfjohnpciodjianpgchimpgifgjk/js/direct.js:324
[    6502ms] [LOG] [direct] Download button injected (player mini) @ chrome-extension://ihaelfjohnpciodjianpgchimpgifgjk/js/direct.js:306
[    6502ms] [LOG] [direct] deduped player to 1 @ chrome-extension://ihaelfjohnpciodjianpgchimpgifgjk/js/direct.js:324
[    6503ms] [LOG] [direct] Download button injected (player mini) @ chrome-extension://ihaelfjohnpciodjianpgchimpgifgjk/js/direct.js:306
[    6503ms] [LOG] [direct] deduped player to 1 @ chrome-extension://ihaelfjohnpciodjianpgchimpgifgjk/js/direct.js:324
[    6504ms] [LOG] [direct] Download button injected (player mini) @ chrome-extension://ihaelfjohnpciodjianpgchimpgifgjk/js/direct.js:306
[    6504ms] [LOG] [direct] deduped player to 1 @ chrome-extension://ihaelfjohnpciodjianpgchimpgifgjk/js/direct.js:324
[    6505ms] [LOG] [direct] Download button injected (player mini) @ chrome-extension://ihaelfjohnpciodjianpgchimpgifgjk/js/direct.js:306
[    6505ms] [LOG] [direct] deduped player to 1 @ chrome-extension://ihaelfjohnpciodjianpgchimpgifgjk/js/direct.js:324
[    6506ms] [LOG] [direct] Download button injected (player mini) @ chrome-extension://ihaelfjohnpciodjianpgchimpgifgjk/js/direct.js:306
[    6506ms] [LOG] [direct] deduped player to 1 @ chrome-extension://ihaelfjohnpciodjianpgchimpgifgjk/js/direct.js:324
[    6507ms] [LOG] [direct] Download button injected (player mini) @ chrome-extension://ihaelfjohnpciodjianpgchimpgifgjk/js/direct.js:306
[    6507ms] [LOG] [direct] deduped player to 1 @ chrome-extension://ihaelfjohnpciodjianpgchimpgifgjk/js/direct.js:324
[    6509ms] [LOG] [direct] Download button injected (player mini) @ chrome-extension://ihaelfjohnpciodjianpgchimpgifgjk/js/direct.js:306
[    6509ms] [LOG] [direct] deduped player to 1 @ chrome-extension://ihaelfjohnpciodjianpgchimpgifgjk/js/direct.js:324
[    6511ms] [LOG] [direct] Download button injected (player mini) @ chrome-extension://ihaelfjohnpciodjianpgchimpgifgjk/js/direct.js:306
[    6511ms] [LOG] [direct] deduped player to 1 @ chrome-extension://ihaelfjohnpciodjianpgchimpgifgjk/js/direct.js:324
[    6513ms] [LOG] [direct] Download button injected (player mini) @ chrome-extension://ihaelfjohnpciodjianpgchimpgifgjk/js/direct.js:306
[    6513ms] [LOG] [direct] deduped player to 1 @ chrome-extension://ihaelfjohnpciodjianpgchimpgifgjk/js/direct.js:324
[    6514ms] [LOG] [direct] Download button injected (player mini) @ chrome-extension://ihaelfjohnpciodjianpgchimpgifgjk/js/direct.js:306
[    6514ms] [LOG] [direct] deduped player to 1 @ chrome-extension://ihaelfjohnpciodjianpgchimpgifgjk/js/direct.js:324
[    6515ms] [LOG] [direct] Download button injected (player mini) @ chrome-extension://ihaelfjohnpciodjianpgchimpgifgjk/js/direct.js:306
[    6515ms] [LOG] [direct] deduped player to 1 @ chrome-extension://ihaelfjohnpciodjianpgchimpgifgjk/js/direct.js:324
[    6516ms] [LOG] [direct] Download button injected (player mini) @ chrome-extension://ihaelfjohnpciodjianpgchimpgifgjk/js/direct.js:306
[    6516ms] [LOG] [direct] deduped player to 1 @ chrome-extension://ihaelfjohnpciodjianpgchimpgifgjk/js/direct.js:324
[    6517ms] [LOG] [direct] Download button injected (player mini) @ chrome-extension://ihaelfjohnpciodjianpgchimpgifgjk/js/direct.js:306
[    6517ms] [LOG] [direct] deduped player to 1 @ chrome-extension://ihaelfjohnpciodjianpgchimpgifgjk/js/direct.js:324
[    6518ms] [LOG] [direct] Download button injected (player mini) @ chrome-extension://ihaelfjohnpciodjianpgchimpgifgjk/js/direct.js:306
[    6518ms] [LOG] [direct] deduped player to 1 @ chrome-extension://ihaelfjohnpciodjianpgchimpgifgjk/js/direct.js:324
[    6519ms] [LOG] [direct] Download button injected (player mini) @ chrome-extension://ihaelfjohnpciodjianpgchimpgifgjk/js/direct.js:306
[    6519ms] [LOG] [direct] deduped player to 1 @ chrome-extension://ihaelfjohnpciodjianpgchimpgifgjk/js/direct.js:324
[    6520ms] [LOG] [direct] Download button injected (player mini) @ chrome-extension://ihaelfjohnpciodjianpgchimpgifgjk/js/direct.js:306
[    6520ms] [LOG] [direct] deduped player to 1 @ chrome-extension://ihaelfjohnpciodjianpgchimpgifgjk/js/direct.js:324
[    6521ms] [LOG] [direct] Download button injected (player mini) @ chrome-extension://ihaelfjohnpciodjianpgchimpgifgjk/js/direct.js:306
[    6521ms] [LOG] [direct] deduped player to 1 @ chrome-extension://ihaelfjohnpciodjianpgchimpgifgjk/js/direct.js:324
[    6522ms] [LOG] [direct] Download button injected (player mini) @ chrome-extension://ihaelfjohnpciodjianpgchimpgifgjk/js/direct.js:306
[    6522ms] [LOG] [direct] deduped player to 1 @ chrome-extension://ihaelfjohnpciodjianpgchimpgifgjk/js/direct.js:324
[    6523ms] [LOG] [direct] Download button injected (player mini) @ chrome-extension://ihaelfjohnpciodjianpgchimpgifgjk/js/direct.js:306
[    6523ms] [LOG] [direct] deduped player to 1 @ chrome-extension://ihaelfjohnpciodjianpgchimpgifgjk/js/direct.js:324
[    6524ms] [LOG] [direct] Download button injected (player mini) @ chrome-extension://ihaelfjohnpciodjianpgchimpgifgjk/js/direct.js:306
[    6524ms] [LOG] [direct] deduped player to 1 @ chrome-extension://ihaelfjohnpciodjianpgchimpgifgjk/js/direct.js:324
[    6525ms] [LOG] [direct] Download button injected (player mini) @ chrome-extension://ihaelfjohnpciodjianpgchimpgifgjk/js/direct.js:306
[    6526ms] [LOG] [direct] deduped player to 1 @ chrome-extension://ihaelfjohnpciodjianpgchimpgifgjk/js/direct.js:324
[    6527ms] [LOG] [direct] Download button injected (player mini) @ chrome-extension://ihaelfjohnpciodjianpgchimpgifgjk/js/direct.js:306
[    6527ms] [LOG] [direct] deduped player to 1 @ chrome-extension://ihaelfjohnpciodjianpgchimpgifgjk/js/direct.js:324
[    6528ms] [LOG] [direct] Download button injected (player mini) @ chrome-extension://ihaelfjohnpciodjianpgchimpgifgjk/js/direct.js:306
[    6528ms] [LOG] [direct] deduped player to 1 @ chrome-extension://ihaelfjohnpciodjianpgchimpgifgjk/js/direct.js:324
[    6529ms] [LOG] [direct] Download button injected (player mini) @ chrome-extension://ihaelfjohnpciodjianpgchimpgifgjk/js/direct.js:306
[    6529ms] [LOG] [direct] deduped player to 1 @ chrome-extension://ihaelfjohnpciodjianpgchimpgifgjk/js/direct.js:324
[    6530ms] [LOG] [direct] Download button injected (player mini) @ chrome-extension://ihaelfjohnpciodjianpgchimpgifgjk/js/direct.js:306
[    6531ms] [LOG] [direct] deduped player to 1 @ chrome-extension://ihaelfjohnpciodjianpgchimpgifgjk/js/direct.js:324
[    6532ms] [LOG] [direct] Download button injected (player mini) @ chrome-extension://ihaelfjohnpciodjianpgchimpgifgjk/js/direct.js:306
[    6532ms] [LOG] [direct] deduped player to 1 @ chrome-extension://ihaelfjohnpciodjianpgchimpgifgjk/js/direct.js:324
[    6533ms] [LOG] [direct] Download button injected (player mini) @ chrome-extension://ihaelfjohnpciodjianpgchimpgifgjk/js/direct.js:306
[    6533ms] [LOG] [direct] deduped player to 1 @ chrome-extension://ihaelfjohnpciodjianpgchimpgifgjk/js/direct.js:324
[    6535ms] [LOG] [direct] Download button injected (player mini) @ chrome-extension://ihaelfjohnpciodjianpgchimpgifgjk/js/direct.js:306
[    6535ms] [LOG] [direct] deduped player to 1 @ chrome-extension://ihaelfjohnpciodjianpgchimpgifgjk/js/direct.js:324
[    6536ms] [LOG] [direct] Download button injected (player mini) @ chrome-extension://ihaelfjohnpciodjianpgchimpgifgjk/js/direct.js:306
[    6537ms] [LOG] [direct] deduped player to 1 @ chrome-extension://ihaelfjohnpciodjianpgchimpgifgjk/js/direct.js:324
[    6538ms] [LOG] [direct] Download button injected (player mini) @ chrome-extension://ihaelfjohnpciodjianpgchimpgifgjk/js/direct.js:306
[    6538ms] [LOG] [direct] deduped player to 1 @ chrome-extension://ihaelfjohnpciodjianpgchimpgifgjk/js/direct.js:324
[    6539ms] [LOG] [direct] Download button injected (player mini) @ chrome-extension://ihaelfjohnpciodjianpgchimpgifgjk/js/direct.js:306
[    6539ms] [LOG] [direct] deduped player to 1 @ chrome-extension://ihaelfjohnpciodjianpgchimpgifgjk/js/direct.js:324
[    6540ms] [LOG] [direct] Download button injected (player mini) @ chrome-extension://ihaelfjohnpciodjianpgchimpgifgjk/js/direct.js:306
[    6541ms] [LOG] [direct] deduped player to 1 @ chrome-extension://ihaelfjohnpciodjianpgchimpgifgjk/js/direct.js:324
[    6543ms] [LOG] [direct] Download button injected (player mini) @ chrome-extension://ihaelfjohnpciodjianpgchimpgifgjk/js/direct.js:306
[    6544ms] [LOG] [direct] deduped player to 1 @ chrome-extension://ihaelfjohnpciodjianpgchimpgifgjk/js/direct.js:324
[    6545ms] [LOG] [direct] Download button injected (player mini) @ chrome-extension://ihaelfjohnpciodjianpgchimpgifgjk/js/direct.js:306
[    6546ms] [LOG] [direct] deduped player to 1 @ chrome-extension://ihaelfjohnpciodjianpgchimpgifgjk/js/direct.js:324
[    6547ms] [LOG] [direct] Download button injected (player mini) @ chrome-extension://ihaelfjohnpciodjianpgchimpgifgjk/js/direct.js:306
[    6547ms] [LOG] [direct] deduped player to 1 @ chrome-extension://ihaelfjohnpciodjianpgchimpgifgjk/js/direct.js:324
[    6548ms] [LOG] [direct] Download button injected (player mini) @ chrome-extension://ihaelfjohnpciodjianpgchimpgifgjk/js/direct.js:306
[    6549ms] [LOG] [direct] deduped player to 1 @ chrome-extension://ihaelfjohnpciodjianpgchimpgifgjk/js/direct.js:324
[    6550ms] [LOG] [direct] Download button injected (player mini) @ chrome-extension://ihaelfjohnpciodjianpgchimpgifgjk/js/direct.js:306
[    6550ms] [LOG] [direct] deduped player to 1 @ chrome-extension://ihaelfjohnpciodjianpgchimpgifgjk/js/direct.js:324
[    6551ms] [LOG] [direct] Download button injected (player mini) @ chrome-extension://ihaelfjohnpciodjianpgchimpgifgjk/js/direct.js:306
[    6552ms] [LOG] [direct] deduped player to 1 @ chrome-extension://ihaelfjohnpciodjianpgchimpgifgjk/js/direct.js:324
[    6552ms] [LOG] [direct] Download button injected (player mini) @ chrome-extension://ihaelfjohnpciodjianpgchimpgifgjk/js/direct.js:306
[    6553ms] [LOG] [direct] deduped player to 1 @ chrome-extension://ihaelfjohnpciodjianpgchimpgifgjk/js/direct.js:324
[    6554ms] [LOG] [direct] Download button injected (player mini) @ chrome-extension://ihaelfjohnpciodjianpgchimpgifgjk/js/direct.js:306
[    6554ms] [LOG] [direct] deduped player to 1 @ chrome-extension://ihaelfjohnpciodjianpgchimpgifgjk/js/direct.js:324
[    6555ms] [LOG] [direct] Download button injected (player mini) @ chrome-extension://ihaelfjohnpciodjianpgchimpgifgjk/js/direct.js:306
[    6555ms] [LOG] [direct] deduped player to 1 @ chrome-extension://ihaelfjohnpciodjianpgchimpgifgjk/js/direct.js:324
[    6556ms] [LOG] [direct] Download button injected (player mini) @ chrome-extension://ihaelfjohnpciodjianpgchimpgifgjk/js/direct.js:306
[    6557ms] [LOG] [direct] deduped player to 1 @ chrome-extension://ihaelfjohnpciodjianpgchimpgifgjk/js/direct.js:324
[    6557ms] [LOG] [direct] Download button injected (player mini) @ chrome-extension://ihaelfjohnpciodjianpgchimpgifgjk/js/direct.js:306
[    6558ms] [LOG] [direct] deduped player to 1 @ chrome-extension://ihaelfjohnpciodjianpgchimpgifgjk/js/direct.js:324
[    6559ms] [LOG] [direct] Download button injected (player mini) @ chrome-extension://ihaelfjohnpciodjianpgchimpgifgjk/js/direct.js:306
[    6559ms] [LOG] [direct] deduped player to 1 @ chrome-extension://ihaelfjohnpciodjianpgchimpgifgjk/js/direct.js:324
[    6560ms] [LOG] [direct] Download button injected (player mini) @ chrome-extension://ihaelfjohnpciodjianpgchimpgifgjk/js/direct.js:306
[    6561ms] [LOG] [direct] deduped player to 1 @ chrome-extension://ihaelfjohnpciodjianpgchimpgifgjk/js/direct.js:324
[    6562ms] [LOG] [direct] Download button injected (player mini) @ chrome-extension://ihaelfjohnpciodjianpgchimpgifgjk/js/direct.js:306
[    6562ms] [LOG] [direct] deduped player to 1 @ chrome-extension://ihaelfjohnpciodjianpgchimpgifgjk/js/direct.js:324
[    6563ms] [LOG] [direct] Download button injected (player mini) @ chrome-extension://ihaelfjohnpciodjianpgchimpgifgjk/js/direct.js:306
[    6563ms] [LOG] [direct] deduped player to 1 @ chrome-extension://ihaelfjohnpciodjianpgchimpgifgjk/js/direct.js:324
[    6565ms] [LOG] [direct] Download button injected (player mini) @ chrome-extension://ihaelfjohnpciodjianpgchimpgifgjk/js/direct.js:306
[    6565ms] [LOG] [direct] deduped player to 1 @ chrome-extension://ihaelfjohnpciodjianpgchimpgifgjk/js/direct.js:324
[    6566ms] [LOG] [direct] Download button injected (player mini) @ chrome-extension://ihaelfjohnpciodjianpgchimpgifgjk/js/direct.js:306
[    6567ms] [LOG] [direct] deduped player to 1 @ chrome-extension://ihaelfjohnpciodjianpgchimpgifgjk/js/direct.js:324
[    6568ms] [LOG] [direct] Download button injected (player mini) @ chrome-extension://ihaelfjohnpciodjianpgchimpgifgjk/js/direct.js:306
[    6569ms] [LOG] [direct] deduped player to 1 @ chrome-extension://ihaelfjohnpciodjianpgchimpgifgjk/js/direct.js:324
[    6570ms] [LOG] [direct] Download button injected (player mini) @ chrome-extension://ihaelfjohnpciodjianpgchimpgifgjk/js/direct.js:306
[    6570ms] [LOG] [direct] deduped player to 1 @ chrome-extension://ihaelfjohnpciodjianpgchimpgifgjk/js/direct.js:324
[    6572ms] [LOG] [direct] Download button injected (player mini) @ chrome-extension://ihaelfjohnpciodjianpgchimpgifgjk/js/direct.js:306
[    6573ms] [LOG] [direct] deduped player to 1 @ chrome-extension://ihaelfjohnpciodjianpgchimpgifgjk/js/direct.js:324
[    6574ms] [LOG] [direct] Download button injected (player mini) @ chrome-extension://ihaelfjohnpciodjianpgchimpgifgjk/js/direct.js:306
[    6574ms] [LOG] [direct] deduped player to 1 @ chrome-extension://ihaelfjohnpciodjianpgchimpgifgjk/js/direct.js:324
[    6576ms] [LOG] [direct] Download button injected (player mini) @ chrome-extension://ihaelfjohnpciodjianpgchimpgifgjk/js/direct.js:306
[    6577ms] [LOG] [direct] deduped player to 1 @ chrome-extension://ihaelfjohnpciodjianpgchimpgifgjk/js/direct.js:324
[    6579ms] [LOG] [direct] Download button injected (player mini) @ chrome-extension://ihaelfjohnpciodjianpgchimpgifgjk/js/direct.js:306
[    6579ms] [LOG] [direct] deduped player to 1 @ chrome-extension://ihaelfjohnpciodjianpgchimpgifgjk/js/direct.js:324
[    6581ms] [LOG] [direct] Download button injected (player mini) @ chrome-extension://ihaelfjohnpciodjianpgchimpgifgjk/js/direct.js:306
[    6582ms] [LOG] [direct] deduped player to 1 @ chrome-extension://ihaelfjohnpciodjianpgchimpgifgjk/js/direct.js:324
[    6583ms] [LOG] [direct] Download button injected (player mini) @ chrome-extension://ihaelfjohnpciodjianpgchimpgifgjk/js/direct.js:306
[    6583ms] [LOG] [direct] deduped player to 1 @ chrome-extension://ihaelfjohnpciodjianpgchimpgifgjk/js/direct.js:324
[    6584ms] [LOG] [direct] Download button injected (player mini) @ chrome-extension://ihaelfjohnpciodjianpgchimpgifgjk/js/direct.js:306
[    6584ms] [LOG] [direct] deduped player to 1 @ chrome-extension://ihaelfjohnpciodjianpgchimpgifgjk/js/direct.js:324
[    6585ms] [LOG] [direct] Download button injected (player mini) @ chrome-extension://ihaelfjohnpciodjianpgchimpgifgjk/js/direct.js:306
[    6586ms] [LOG] [direct] deduped player to 1 @ chrome-extension://ihaelfjohnpciodjianpgchimpgifgjk/js/direct.js:324
[    6587ms] [LOG] [direct] Download button injected (player mini) @ chrome-extension://ihaelfjohnpciodjianpgchimpgifgjk/js/direct.js:306
[    6587ms] [LOG] [direct] deduped player to 1 @ chrome-extension://ihaelfjohnpciodjianpgchimpgifgjk/js/direct.js:324
[    6588ms] [LOG] [direct] Download button injected (player mini) @ chrome-extension://ihaelfjohnpciodjianpgchimpgifgjk/js/direct.js:306
[    6588ms] [LOG] [direct] deduped player to 1 @ chrome-extension://ihaelfjohnpciodjianpgchimpgifgjk/js/direct.js:324
[    6590ms] [LOG] [direct] Download button injected (player mini) @ chrome-extension://ihaelfjohnpciodjianpgchimpgifgjk/js/direct.js:306
[    6590ms] [LOG] [direct] deduped player to 1 @ chrome-extension://ihaelfjohnpciodjianpgchimpgifgjk/js/direct.js:324
[    6591ms] [LOG] [direct] Download button injected (player mini) @ chrome-extension://ihaelfjohnpciodjianpgchimpgifgjk/js/direct.js:306
[    6592ms] [LOG] [direct] deduped player to 1 @ chrome-extension://ihaelfjohnpciodjianpgchimpgifgjk/js/direct.js:324
[    6593ms] [LOG] [direct] Download button injected (player mini) @ chrome-extension://ihaelfjohnpciodjianpgchimpgifgjk/js/direct.js:306
[    6594ms] [LOG] [direct] deduped player to 1 @ chrome-extension://ihaelfjohnpciodjianpgchimpgifgjk/js/direct.js:324
[    6595ms] [LOG] [direct] Download button injected (player mini) @ chrome-extension://ihaelfjohnpciodjianpgchimpgifgjk/js/direct.js:306
[    6595ms] [LOG] [direct] deduped player to 1 @ chrome-extension://ihaelfjohnpciodjianpgchimpgifgjk/js/direct.js:324
[    6596ms] [LOG] [direct] Download button injected (player mini) @ chrome-extension://ihaelfjohnpciodjianpgchimpgifgjk/js/direct.js:306
[    6597ms] [LOG] [direct] deduped player to 1 @ chrome-extension://ihaelfjohnpciodjianpgchimpgifgjk/js/direct.js:324
[    6598ms] [LOG] [direct] Download button injected (player mini) @ chrome-extension://ihaelfjohnpciodjianpgchimpgifgjk/js/direct.js:306
[    6598ms] [LOG] [direct] deduped player to 1 @ chrome-extension://ihaelfjohnpciodjianpgchimpgifgjk/js/direct.js:324
[    6599ms] [LOG] [direct] Download button injected (player mini) @ chrome-extension://ihaelfjohnpciodjianpgchimpgifgjk/js/direct.js:306
[    6600ms] [LOG] [direct] deduped player to 1 @ chrome-extension://ihaelfjohnpciodjianpgchimpgifgjk/js/direct.js:324
[    6601ms] [LOG] [direct] Download button injected (player mini) @ chrome-extension://ihaelfjohnpciodjianpgchimpgifgjk/js/direct.js:306
[    6602ms] [LOG] [direct] deduped player to 1 @ chrome-extension://ihaelfjohnpciodjianpgchimpgifgjk/js/direct.js:324
[    6603ms] [LOG] [direct] Download button injected (player mini) @ chrome-extension://ihaelfjohnpciodjianpgchimpgifgjk/js/direct.js:306
[    6603ms] [LOG] [direct] deduped player to 1 @ chrome-extension://ihaelfjohnpciodjianpgchimpgifgjk/js/direct.js:324
[    6605ms] [LOG] [direct] Download button injected (player mini) @ chrome-extension://ihaelfjohnpciodjianpgchimpgifgjk/js/direct.js:306
[    6605ms] [LOG] [direct] deduped player to 1 @ chrome-extension://ihaelfjohnpciodjianpgchimpgifgjk/js/direct.js:324
[    6606ms] [LOG] [direct] Download button injected (player mini) @ chrome-extension://ihaelfjohnpciodjianpgchimpgifgjk/js/direct.js:306
[    6607ms] [LOG] [direct] deduped player to 1 @ chrome-extension://ihaelfjohnpciodjianpgchimpgifgjk/js/direct.js:324
[    6608ms] [LOG] [direct] Download button injected (player mini) @ chrome-extension://ihaelfjohnpciodjianpgchimpgifgjk/js/direct.js:306
[    6608ms] [LOG] [direct] deduped player to 1 @ chrome-extension://ihaelfjohnpciodjianpgchimpgifgjk/js/direct.js:324
[    6610ms] [LOG] [direct] Download button injected (player mini) @ chrome-extension://ihaelfjohnpciodjianpgchimpgifgjk/js/direct.js:306
[    6610ms] [LOG] [direct] deduped player to 1 @ chrome-extension://ihaelfjohnpciodjianpgchimpgifgjk/js/direct.js:324
[    6612ms] [LOG] [direct] Download button injected (player mini) @ chrome-extension://ihaelfjohnpciodjianpgchimpgifgjk/js/direct.js:306
[    6612ms] [LOG] [direct] deduped player to 1 @ chrome-extension://ihaelfjohnpciodjianpgchimpgifgjk/js/direct.js:324
[    6613ms] [LOG] [direct] Download button injected (player mini) @ chrome-extension://ihaelfjohnpciodjianpgchimpgifgjk/js/direct.js:306
[    6614ms] [LOG] [direct] deduped player to 1 @ chrome-extension://ihaelfjohnpciodjianpgchimpgifgjk/js/direct.js:324
[    6615ms] [LOG] [direct] Download button injected (player mini) @ chrome-extension://ihaelfjohnpciodjianpgchimpgifgjk/js/direct.js:306
[    6616ms] [LOG] [direct] deduped player to 1 @ chrome-extension://ihaelfjohnpciodjianpgchimpgifgjk/js/direct.js:324
[    6617ms] [LOG] [direct] Download button injected (player mini) @ chrome-extension://ihaelfjohnpciodjianpgchimpgifgjk/js/direct.js:306
[    6617ms] [LOG] [direct] deduped player to 1 @ chrome-extension://ihaelfjohnpciodjianpgchimpgifgjk/js/direct.js:324
[    6618ms] [LOG] [direct] Download button injected (player mini) @ chrome-extension://ihaelfjohnpciodjianpgchimpgifgjk/js/direct.js:306
[    6619ms] [LOG] [direct] deduped player to 1 @ chrome-extension://ihaelfjohnpciodjianpgchimpgifgjk/js/direct.js:324
[    6620ms] [LOG] [direct] Download button injected (player mini) @ chrome-extension://ihaelfjohnpciodjianpgchimpgifgjk/js/direct.js:306
[    6620ms] [LOG] [direct] deduped player to 1 @ chrome-extension://ihaelfjohnpciodjianpgchimpgifgjk/js/direct.js:324
[    6622ms] [LOG] [direct] Download button injected (player mini) @ chrome-extension://ihaelfjohnpciodjianpgchimpgifgjk/js/direct.js:306
[    6623ms] [LOG] [direct] deduped player to 1 @ chrome-extension://ihaelfjohnpciodjianpgchimpgifgjk/js/direct.js:324
[    6624ms] [LOG] [direct] Download button injected (player mini) @ chrome-extension://ihaelfjohnpciodjianpgchimpgifgjk/js/direct.js:306
[    6624ms] [LOG] [direct] deduped player to 1 @ chrome-extension://ihaelfjohnpciodjianpgchimpgifgjk/js/direct.js:324
[    6626ms] [LOG] [direct] Download button injected (player mini) @ chrome-extension://ihaelfjohnpciodjianpgchimpgifgjk/js/direct.js:306
[    6627ms] [LOG] [direct] deduped player to 1 @ chrome-extension://ihaelfjohnpciodjianpgchimpgifgjk/js/direct.js:324
[    6628ms] [LOG] [direct] Download button injected (player mini) @ chrome-extension://ihaelfjohnpciodjianpgchimpgifgjk/js/direct.js:306
[    6629ms] [LOG] [direct] deduped player to 1 @ chrome-extension://ihaelfjohnpciodjianpgchimpgifgjk/js/direct.js:324
[    6630ms] [LOG] [direct] Download button injected (player mini) @ chrome-extension://ihaelfjohnpciodjianpgchimpgifgjk/js/direct.js:306
[    6630ms] [LOG] [direct] deduped player to 1 @ chrome-extension://ihaelfjohnpciodjianpgchimpgifgjk/js/direct.js:324
[    6632ms] [LOG] [direct] Download button injected (player mini) @ chrome-extension://ihaelfjohnpciodjianpgchimpgifgjk/js/direct.js:306
[    6632ms] [LOG] [direct] deduped player to 1 @ chrome-extension://ihaelfjohnpciodjianpgchimpgifgjk/js/direct.js:324
[    6634ms] [LOG] [direct] Download button injected (player mini) @ chrome-extension://ihaelfjohnpciodjianpgchimpgifgjk/js/direct.js:306
[    6634ms] [LOG] [direct] deduped player to 1 @ chrome-extension://ihaelfjohnpciodjianpgchimpgifgjk/js/direct.js:324
[    6636ms] [LOG] [direct] Download button injected (player mini) @ chrome-extension://ihaelfjohnpciodjianpgchimpgifgjk/js/direct.js:306
[    6637ms] [LOG] [direct] deduped player to 1 @ chrome-extension://ihaelfjohnpciodjianpgchimpgifgjk/js/direct.js:324
[    6639ms] [LOG] [direct] Download button injected (player mini) @ chrome-extension://ihaelfjohnpciodjianpgchimpgifgjk/js/direct.js:306
[    6639ms] [LOG] [direct] deduped player to 1 @ chrome-extension://ihaelfjohnpciodjianpgchimpgifgjk/js/direct.js:324
[    6640ms] [LOG] [direct] Download button injected (player mini) @ chrome-extension://ihaelfjohnpciodjianpgchimpgifgjk/js/direct.js:306
[    6641ms] [LOG] [direct] deduped player to 1 @ chrome-extension://ihaelfjohnpciodjianpgchimpgifgjk/js/direct.js:324
[    6642ms] [LOG] [direct] Download button injected (player mini) @ chrome-extension://ihaelfjohnpciodjianpgchimpgifgjk/js/direct.js:306
[    6642ms] [LOG] [direct] deduped player to 1 @ chrome-extension://ihaelfjohnpciodjianpgchimpgifgjk/js/direct.js:324
[    6643ms] [LOG] [direct] Download button injected (player mini) @ chrome-extension://ihaelfjohnpciodjianpgchimpgifgjk/js/direct.js:306
[    6644ms] [LOG] [direct] deduped player to 1 @ chrome-extension://ihaelfjohnpciodjianpgchimpgifgjk/js/direct.js:324
[    6645ms] [LOG] [direct] Download button injected (player mini) @ chrome-extension://ihaelfjohnpciodjianpgchimpgifgjk/js/direct.js:306
[    6645ms] [LOG] [direct] deduped player to 1 @ chrome-extension://ihaelfjohnpciodjianpgchimpgifgjk/js/direct.js:324
[    6646ms] [LOG] [direct] Download button injected (player mini) @ chrome-extension://ihaelfjohnpciodjianpgchimpgifgjk/js/direct.js:306
[    6647ms] [LOG] [direct] deduped player to 1 @ chrome-extension://ihaelfjohnpciodjianpgchimpgifgjk/js/direct.js:324
[    6648ms] [LOG] [direct] Download button injected (player mini) @ chrome-extension://ihaelfjohnpciodjianpgchimpgifgjk/js/direct.js:306
[    6648ms] [LOG] [direct] deduped player to 1 @ chrome-extension://ihaelfjohnpciodjianpgchimpgifgjk/js/direct.js:324
[    6649ms] [LOG] [direct] Download button injected (player mini) @ chrome-extension://ihaelfjohnpciodjianpgchimpgifgjk/js/direct.js:306
[    6650ms] [LOG] [direct] deduped player to 1 @ chrome-extension://ihaelfjohnpciodjianpgchimpgifgjk/js/direct.js:324
[    6651ms] [LOG] [direct] Download button injected (player mini) @ chrome-extension://ihaelfjohnpciodjianpgchimpgifgjk/js/direct.js:306
[    6651ms] [LOG] [direct] deduped player to 1 @ chrome-extension://ihaelfjohnpciodjianpgchimpgifgjk/js/direct.js:324
[    6652ms] [LOG] [direct] Download button injected (player mini) @ chrome-extension://ihaelfjohnpciodjianpgchimpgifgjk/js/direct.js:306
[    6653ms] [LOG] [direct] deduped player to 1 @ chrome-extension://ihaelfjohnpciodjianpgchimpgifgjk/js/direct.js:324
[    6654ms] [LOG] [direct] Download button injected (player mini) @ chrome-extension://ihaelfjohnpciodjianpgchimpgifgjk/js/direct.js:306
[    6654ms] [LOG] [direct] deduped player to 1 @ chrome-extension://ihaelfjohnpciodjianpgchimpgifgjk/js/direct.js:324
[    6655ms] [LOG] [direct] Download button injected (player mini) @ chrome-extension://ihaelfjohnpciodjianpgchimpgifgjk/js/direct.js:306
[    6656ms] [LOG] [direct] deduped player to 1 @ chrome-extension://ihaelfjohnpciodjianpgchimpgifgjk/js/direct.js:324
[    6656ms] [LOG] [direct] Download button injected (player mini) @ chrome-extension://ihaelfjohnpciodjianpgchimpgifgjk/js/direct.js:306
[    6657ms] [LOG] [direct] deduped player to 1 @ chrome-extension://ihaelfjohnpciodjianpgchimpgifgjk/js/direct.js:324
[    6658ms] [LOG] [direct] Download button injected (player mini) @ chrome-extension://ihaelfjohnpciodjianpgchimpgifgjk/js/direct.js:306
[    6658ms] [LOG] [direct] deduped player to 1 @ chrome-extension://ihaelfjohnpciodjianpgchimpgifgjk/js/direct.js:324
[    6660ms] [LOG] [direct] Download button injected (player mini) @ chrome-extension://ihaelfjohnpciodjianpgchimpgifgjk/js/direct.js:306
[    6660ms] [LOG] [direct] deduped player to 1 @ chrome-extension://ihaelfjohnpciodjianpgchimpgifgjk/js/direct.js:324
[    6662ms] [LOG] [direct] Download button injected (player mini) @ chrome-extension://ihaelfjohnpciodjianpgchimpgifgjk/js/direct.js:306
[    6662ms] [LOG] [direct] deduped player to 1 @ chrome-extension://ihaelfjohnpciodjianpgchimpgifgjk/js/direct.js:324
[    6663ms] [LOG] [direct] Download button injected (player mini) @ chrome-extension://ihaelfjohnpciodjianpgchimpgifgjk/js/direct.js:306
[    6663ms] [LOG] [direct] deduped player to 1 @ chrome-extension://ihaelfjohnpciodjianpgchimpgifgjk/js/direct.js:324
[    6664ms] [LOG] [direct] Download button injected (player mini) @ chrome-extension://ihaelfjohnpciodjianpgchimpgifgjk/js/direct.js:306
[    6665ms] [LOG] [direct] deduped player to 1 @ chrome-extension://ihaelfjohnpciodjianpgchimpgifgjk/js/direct.js:324
[    6665ms] [LOG] [direct] Download button injected (player mini) @ chrome-extension://ihaelfjohnpciodjianpgchimpgifgjk/js/direct.js:306
[    6666ms] [LOG] [direct] deduped player to 1 @ chrome-extension://ihaelfjohnpciodjianpgchimpgifgjk/js/direct.js:324
[    6667ms] [LOG] [direct] Download button injected (player mini) @ chrome-extension://ihaelfjohnpciodjianpgchimpgifgjk/js/direct.js:306
[    6668ms] [LOG] [direct] deduped player to 1 @ chrome-extension://ihaelfjohnpciodjianpgchimpgifgjk/js/direct.js:324
[    6669ms] [LOG] [direct] Download button injected (player mini) @ chrome-extension://ihaelfjohnpciodjianpgchimpgifgjk/js/direct.js:306
[    6669ms] [LOG] [direct] deduped player to 1 @ chrome-extension://ihaelfjohnpciodjianpgchimpgifgjk/js/direct.js:324
[    6670ms] [LOG] [direct] Download button injected (player mini) @ chrome-extension://ihaelfjohnpciodjianpgchimpgifgjk/js/direct.js:306
[    6670ms] [LOG] [direct] deduped player to 1 @ chrome-extension://ihaelfjohnpciodjianpgchimpgifgjk/js/direct.js:324
[    6672ms] [LOG] [direct] Download button injected (player mini) @ chrome-extension://ihaelfjohnpciodjianpgchimpgifgjk/js/direct.js:306
[    6672ms] [LOG] [direct] deduped player to 1 @ chrome-extension://ihaelfjohnpciodjianpgchimpgifgjk/js/direct.js:324
[    6673ms] [LOG] [direct] Download button injected (player mini) @ chrome-extension://ihaelfjohnpciodjianpgchimpgifgjk/js/direct.js:306
[    6673ms] [LOG] [direct] deduped player to 1 @ chrome-extension://ihaelfjohnpciodjianpgchimpgifgjk/js/direct.js:324
[    6674ms] [LOG] [direct] Download button injected (player mini) @ chrome-extension://ihaelfjohnpciodjianpgchimpgifgjk/js/direct.js:306
[    6675ms] [LOG] [direct] deduped player to 1 @ chrome-extension://ihaelfjohnpciodjianpgchimpgifgjk/js/direct.js:324
[    6676ms] [LOG] [direct] Download button injected (player mini) @ chrome-extension://ihaelfjohnpciodjianpgchimpgifgjk/js/direct.js:306
[    6677ms] [LOG] [direct] deduped player to 1 @ chrome-extension://ihaelfjohnpciodjianpgchimpgifgjk/js/direct.js:324
[    6678ms] [LOG] [direct] Download button injected (player mini) @ chrome-extension://ihaelfjohnpciodjianpgchimpgifgjk/js/direct.js:306
[    6678ms] [LOG] [direct] deduped player to 1 @ chrome-extension://ihaelfjohnpciodjianpgchimpgifgjk/js/direct.js:324
[    6680ms] [LOG] [direct] Download button injected (player mini) @ chrome-extension://ihaelfjohnpciodjianpgchimpgifgjk/js/direct.js:306
[    6680ms] [LOG] [direct] deduped player to 1 @ chrome-extension://ihaelfjohnpciodjianpgchimpgifgjk/js/direct.js:324
[    6681ms] [LOG] [direct] Download button injected (player mini) @ chrome-extension://ihaelfjohnpciodjianpgchimpgifgjk/js/direct.js:306
[    6682ms] [LOG] [direct] deduped player to 1 @ chrome-extension://ihaelfjohnpciodjianpgchimpgifgjk/js/direct.js:324
[    6683ms] [LOG] [direct] Download button injected (player mini) @ chrome-extension://ihaelfjohnpciodjianpgchimpgifgjk/js/direct.js:306
[    6683ms] [LOG] [direct] deduped player to 1 @ chrome-extension://ihaelfjohnpciodjianpgchimpgifgjk/js/direct.js:324
[    6684ms] [LOG] [direct] Download button injected (player mini) @ chrome-extension://ihaelfjohnpciodjianpgchimpgifgjk/js/direct.js:306
[    6684ms] [LOG] [direct] deduped player to 1 @ chrome-extension://ihaelfjohnpciodjianpgchimpgifgjk/js/direct.js:324
[    6685ms] [LOG] [direct] Download button injected (player mini) @ chrome-extension://ihaelfjohnpciodjianpgchimpgifgjk/js/direct.js:306
[    6686ms] [LOG] [direct] deduped player to 1 @ chrome-extension://ihaelfjohnpciodjianpgchimpgifgjk/js/direct.js:324
[    6687ms] [LOG] [direct] Download button injected (player mini) @ chrome-extension://ihaelfjohnpciodjianpgchimpgifgjk/js/direct.js:306
[    6687ms] [LOG] [direct] deduped player to 1 @ chrome-extension://ihaelfjohnpciodjianpgchimpgifgjk/js/direct.js:324
[    6688ms] [LOG] [direct] Download button injected (player mini) @ chrome-extension://ihaelfjohnpciodjianpgchimpgifgjk/js/direct.js:306
[    6688ms] [LOG] [direct] deduped player to 1 @ chrome-extension://ihaelfjohnpciodjianpgchimpgifgjk/js/direct.js:324
[    6689ms] [LOG] [direct] Download button injected (player mini) @ chrome-extension://ihaelfjohnpciodjianpgchimpgifgjk/js/direct.js:306
[    6689ms] [LOG] [direct] deduped player to 1 @ chrome-extension://ihaelfjohnpciodjianpgchimpgifgjk/js/direct.js:324
[    6691ms] [LOG] [direct] Download button injected (player mini) @ chrome-extension://ihaelfjohnpciodjianpgchimpgifgjk/js/direct.js:306
[    6691ms] [LOG] [direct] deduped player to 1 @ chrome-extension://ihaelfjohnpciodjianpgchimpgifgjk/js/direct.js:324
[    6692ms] [LOG] [direct] Download button injected (player mini) @ chrome-extension://ihaelfjohnpciodjianpgchimpgifgjk/js/direct.js:306
[    6693ms] [LOG] [direct] deduped player to 1 @ chrome-extension://ihaelfjohnpciodjianpgchimpgifgjk/js/direct.js:324
[    6694ms] [LOG] [direct] Download button injected (player mini) @ chrome-extension://ihaelfjohnpciodjianpgchimpgifgjk/js/direct.js:306
[    6694ms] [LOG] [direct] deduped player to 1 @ chrome-extension://ihaelfjohnpciodjianpgchimpgifgjk/js/direct.js:324
[    6695ms] [LOG] [direct] Download button injected (player mini) @ chrome-extension://ihaelfjohnpciodjianpgchimpgifgjk/js/direct.js:306
[    6695ms] [LOG] [direct] deduped player to 1 @ chrome-extension://ihaelfjohnpciodjianpgchimpgifgjk/js/direct.js:324
[    6695ms] [LOG] [direct] Download button injected (player mini) @ chrome-extension://ihaelfjohnpciodjianpgchimpgifgjk/js/direct.js:306
[    6696ms] [LOG] [direct] deduped player to 1 @ chrome-extension://ihaelfjohnpciodjianpgchimpgifgjk/js/direct.js:324
[    6697ms] [LOG] [direct] Download button injected (player mini) @ chrome-extension://ihaelfjohnpciodjianpgchimpgifgjk/js/direct.js:306
[    6697ms] [LOG] [direct] deduped player to 1 @ chrome-extension://ihaelfjohnpciodjianpgchimpgifgjk/js/direct.js:324
[    6698ms] [LOG] [direct] Download button injected (player mini) @ chrome-extension://ihaelfjohnpciodjianpgchimpgifgjk/js/direct.js:306
[    6698ms] [LOG] [direct] deduped player to 1 @ chrome-extension://ihaelfjohnpciodjianpgchimpgifgjk/js/direct.js:324
[    6699ms] [LOG] [direct] Download button injected (player mini) @ chrome-extension://ihaelfjohnpciodjianpgchimpgifgjk/js/direct.js:306
[    6699ms] [LOG] [direct] deduped player to 1 @ chrome-extension://ihaelfjohnpciodjianpgchimpgifgjk/js/direct.js:324
[    6700ms] [LOG] [direct] Download button injected (player mini) @ chrome-extension://ihaelfjohnpciodjianpgchimpgifgjk/js/direct.js:306
[    6700ms] [LOG] [direct] deduped player to 1 @ chrome-extension://ihaelfjohnpciodjianpgchimpgifgjk/js/direct.js:324
[    6701ms] [LOG] [direct] Download button injected (player mini) @ chrome-extension://ihaelfjohnpciodjianpgchimpgifgjk/js/direct.js:306
[    6701ms] [LOG] [direct] deduped player to 1 @ chrome-extension://ihaelfjohnpciodjianpgchimpgifgjk/js/direct.js:324
[    6702ms] [LOG] [direct] Download button injected (player mini) @ chrome-extension://ihaelfjohnpciodjianpgchimpgifgjk/js/direct.js:306
[    6703ms] [LOG] [direct] deduped player to 1 @ chrome-extension://ihaelfjohnpciodjianpgchimpgifgjk/js/direct.js:324
[    6704ms] [LOG] [direct] Download button injected (player mini) @ chrome-extension://ihaelfjohnpciodjianpgchimpgifgjk/js/direct.js:306
[    6704ms] [LOG] [direct] deduped player to 1 @ chrome-extension://ihaelfjohnpciodjianpgchimpgifgjk/js/direct.js:324
[    6705ms] [LOG] [direct] Download button injected (player mini) @ chrome-extension://ihaelfjohnpciodjianpgchimpgifgjk/js/direct.js:306
[    6705ms] [LOG] [direct] deduped player to 1 @ chrome-extension://ihaelfjohnpciodjianpgchimpgifgjk/js/direct.js:324
[    6708ms] [LOG] [direct] Download button injected (player mini) @ chrome-extension://ihaelfjohnpciodjianpgchimpgifgjk/js/direct.js:306
[    6708ms] [LOG] [direct] deduped player to 1 @ chrome-extension://ihaelfjohnpciodjianpgchimpgifgjk/js/direct.js:324
[    6709ms] [LOG] [direct] Download button injected (player mini) @ chrome-extension://ihaelfjohnpciodjianpgchimpgifgjk/js/direct.js:306
[    6710ms] [LOG] [direct] deduped player to 1 @ chrome-extension://ihaelfjohnpciodjianpgchimpgifgjk/js/direct.js:324
[    6711ms] [LOG] [direct] Download button injected (player mini) @ chrome-extension://ihaelfjohnpciodjianpgchimpgifgjk/js/direct.js:306
[    6711ms] [LOG] [direct] deduped player to 1 @ chrome-extension://ihaelfjohnpciodjianpgchimpgifgjk/js/direct.js:324
[    6712ms] [LOG] [direct] Download button injected (player mini) @ chrome-extension://ihaelfjohnpciodjianpgchimpgifgjk/js/direct.js:306
[    6712ms] [LOG] [direct] deduped player to 1 @ chrome-extension://ihaelfjohnpciodjianpgchimpgifgjk/js/direct.js:324
[    6713ms] [LOG] [direct] Download button injected (player mini) @ chrome-extension://ihaelfjohnpciodjianpgchimpgifgjk/js/direct.js:306
[    6714ms] [LOG] [direct] deduped player to 1 @ chrome-extension://ihaelfjohnpciodjianpgchimpgifgjk/js/direct.js:324
[    6714ms] [LOG] [direct] Download button injected (player mini) @ chrome-extension://ihaelfjohnpciodjianpgchimpgifgjk/js/direct.js:306
[    6715ms] [LOG] [direct] deduped player to 1 @ chrome-extension://ihaelfjohnpciodjianpgchimpgifgjk/js/direct.js:324
[    6716ms] [LOG] [direct] Download button injected (player mini) @ chrome-extension://ihaelfjohnpciodjianpgchimpgifgjk/js/direct.js:306
[    6716ms] [LOG] [direct] deduped player to 1 @ chrome-extension://ihaelfjohnpciodjianpgchimpgifgjk/js/direct.js:324
[    6717ms] [LOG] [direct] Download button injected (player mini) @ chrome-extension://ihaelfjohnpciodjianpgchimpgifgjk/js/direct.js:306
[    6717ms] [LOG] [direct] deduped player to 1 @ chrome-extension://ihaelfjohnpciodjianpgchimpgifgjk/js/direct.js:324
[    6718ms] [LOG] [direct] Download button injected (player mini) @ chrome-extension://ihaelfjohnpciodjianpgchimpgifgjk/js/direct.js:306
[    6718ms] [LOG] [direct] deduped player to 1 @ chrome-extension://ihaelfjohnpciodjianpgchimpgifgjk/js/direct.js:324
[    6719ms] [LOG] [direct] Download button injected (player mini) @ chrome-extension://ihaelfjohnpciodjianpgchimpgifgjk/js/direct.js:306
[    6719ms] [LOG] [direct] deduped player to 1 @ chrome-extension://ihaelfjohnpciodjianpgchimpgifgjk/js/direct.js:324
[    6720ms] [LOG] [direct] Download button injected (player mini) @ chrome-extension://ihaelfjohnpciodjianpgchimpgifgjk/js/direct.js:306
[    6721ms] [LOG] [direct] deduped player to 1 @ chrome-extension://ihaelfjohnpciodjianpgchimpgifgjk/js/direct.js:324
[    6722ms] [LOG] [direct] Download button injected (player mini) @ chrome-extension://ihaelfjohnpciodjianpgchimpgifgjk/js/direct.js:306
[    6722ms] [LOG] [direct] deduped player to 1 @ chrome-extension://ihaelfjohnpciodjianpgchimpgifgjk/js/direct.js:324
[    6723ms] [LOG] [direct] Download button injected (player mini) @ chrome-extension://ihaelfjohnpciodjianpgchimpgifgjk/js/direct.js:306
[    6723ms] [LOG] [direct] deduped player to 1 @ chrome-extension://ihaelfjohnpciodjianpgchimpgifgjk/js/direct.js:324
[    6724ms] [LOG] [direct] Download button injected (player mini) @ chrome-extension://ihaelfjohnpciodjianpgchimpgifgjk/js/direct.js:306
[    6724ms] [LOG] [direct] deduped player to 1 @ chrome-extension://ihaelfjohnpciodjianpgchimpgifgjk/js/direct.js:324
[    6725ms] [LOG] [direct] Download button injected (player mini) @ chrome-extension://ihaelfjohnpciodjianpgchimpgifgjk/js/direct.js:306
[    6725ms] [LOG] [direct] deduped player to 1 @ chrome-extension://ihaelfjohnpciodjianpgchimpgifgjk/js/direct.js:324
[    6726ms] [LOG] [direct] Download button injected (player mini) @ chrome-extension://ihaelfjohnpciodjianpgchimpgifgjk/js/direct.js:306
[    6726ms] [LOG] [direct] deduped player to 1 @ chrome-extension://ihaelfjohnpciodjianpgchimpgifgjk/js/direct.js:324
[    6727ms] [LOG] [direct] Download button injected (player mini) @ chrome-extension://ihaelfjohnpciodjianpgchimpgifgjk/js/direct.js:306
[    6728ms] [LOG] [direct] deduped player to 1 @ chrome-extension://ihaelfjohnpciodjianpgchimpgifgjk/js/direct.js:324
[    6729ms] [LOG] [direct] Download button injected (player mini) @ chrome-extension://ihaelfjohnpciodjianpgchimpgifgjk/js/direct.js:306
[    6729ms] [LOG] [direct] deduped player to 1 @ chrome-extension://ihaelfjohnpciodjianpgchimpgifgjk/js/direct.js:324
[    6730ms] [LOG] [direct] Download button injected (player mini) @ chrome-extension://ihaelfjohnpciodjianpgchimpgifgjk/js/direct.js:306
[    6730ms] [LOG] [direct] deduped player to 1 @ chrome-extension://ihaelfjohnpciodjianpgchimpgifgjk/js/direct.js:324
[    6732ms] [LOG] [direct] Download button injected (player mini) @ chrome-extension://ihaelfjohnpciodjianpgchimpgifgjk/js/direct.js:306
[    6732ms] [LOG] [direct] deduped player to 1 @ chrome-extension://ihaelfjohnpciodjianpgchimpgifgjk/js/direct.js:324
[    6733ms] [LOG] [direct] Download button injected (player mini) @ chrome-extension://ihaelfjohnpciodjianpgchimpgifgjk/js/direct.js:306
[    6734ms] [LOG] [direct] deduped player to 1 @ chrome-extension://ihaelfjohnpciodjianpgchimpgifgjk/js/direct.js:324
[    6735ms] [LOG] [direct] Download button injected (player mini) @ chrome-extension://ihaelfjohnpciodjianpgchimpgifgjk/js/direct.js:306
[    6735ms] [LOG] [direct] deduped player to 1 @ chrome-extension://ihaelfjohnpciodjianpgchimpgifgjk/js/direct.js:324
[    6736ms] [LOG] [direct] Download button injected (player mini) @ chrome-extension://ihaelfjohnpciodjianpgchimpgifgjk/js/direct.js:306
[    6737ms] [LOG] [direct] deduped player to 1 @ chrome-extension://ihaelfjohnpciodjianpgchimpgifgjk/js/direct.js:324
[    6738ms] [LOG] [direct] Download button injected (player mini) @ chrome-extension://ihaelfjohnpciodjianpgchimpgifgjk/js/direct.js:306
[    6739ms] [LOG] [direct] deduped player to 1 @ chrome-extension://ihaelfjohnpciodjianpgchimpgifgjk/js/direct.js:324
[    6740ms] [LOG] [direct] Download button injected (player mini) @ chrome-extension://ihaelfjohnpciodjianpgchimpgifgjk/js/direct.js:306
[    6740ms] [LOG] [direct] deduped player to 1 @ chrome-extension://ihaelfjohnpciodjianpgchimpgifgjk/js/direct.js:324
[    6741ms] [LOG] [direct] Download button injected (player mini) @ chrome-extension://ihaelfjohnpciodjianpgchimpgifgjk/js/direct.js:306
[    6742ms] [LOG] [direct] deduped player to 1 @ chrome-extension://ihaelfjohnpciodjianpgchimpgifgjk/js/direct.js:324
[    6743ms] [LOG] [direct] Download button injected (player mini) @ chrome-extension://ihaelfjohnpciodjianpgchimpgifgjk/js/direct.js:306
[    6743ms] [LOG] [direct] deduped player to 1 @ chrome-extension://ihaelfjohnpciodjianpgchimpgifgjk/js/direct.js:324
[    6744ms] [LOG] [direct] Download button injected (player mini) @ chrome-extension://ihaelfjohnpciodjianpgchimpgifgjk/js/direct.js:306
[    6745ms] [LOG] [direct] deduped player to 1 @ chrome-extension://ihaelfjohnpciodjianpgchimpgifgjk/js/direct.js:324
[    6746ms] [LOG] [direct] Download button injected (player mini) @ chrome-extension://ihaelfjohnpciodjianpgchimpgifgjk/js/direct.js:306
[    6746ms] [LOG] [direct] deduped player to 1 @ chrome-extension://ihaelfjohnpciodjianpgchimpgifgjk/js/direct.js:324
[    6747ms] [LOG] [direct] Download button injected (player mini) @ chrome-extension://ihaelfjohnpciodjianpgchimpgifgjk/js/direct.js:306
[    6747ms] [LOG] [direct] deduped player to 1 @ chrome-extension://ihaelfjohnpciodjianpgchimpgifgjk/js/direct.js:324
[    6748ms] [LOG] [direct] Download button injected (player mini) @ chrome-extension://ihaelfjohnpciodjianpgchimpgifgjk/js/direct.js:306
[    6748ms] [LOG] [direct] deduped player to 1 @ chrome-extension://ihaelfjohnpciodjianpgchimpgifgjk/js/direct.js:324
[    6749ms] [LOG] [direct] Download button injected (player mini) @ chrome-extension://ihaelfjohnpciodjianpgchimpgifgjk/js/direct.js:306
[    6749ms] [LOG] [direct] deduped player to 1 @ chrome-extension://ihaelfjohnpciodjianpgchimpgifgjk/js/direct.js:324
[    6750ms] [LOG] [direct] Download button injected (player mini) @ chrome-extension://ihaelfjohnpciodjianpgchimpgifgjk/js/direct.js:306
[    6750ms] [LOG] [direct] deduped player to 1 @ chrome-extension://ihaelfjohnpciodjianpgchimpgifgjk/js/direct.js:324
[    6751ms] [LOG] [direct] Download button injected (player mini) @ chrome-extension://ihaelfjohnpciodjianpgchimpgifgjk/js/direct.js:306
[    6752ms] [LOG] [direct] deduped player to 1 @ chrome-extension://ihaelfjohnpciodjianpgchimpgifgjk/js/direct.js:324
[    6753ms] [LOG] [direct] Download button injected (player mini) @ chrome-extension://ihaelfjohnpciodjianpgchimpgifgjk/js/direct.js:306
[    6753ms] [LOG] [direct] deduped player to 1 @ chrome-extension://ihaelfjohnpciodjianpgchimpgifgjk/js/direct.js:324
[    6754ms] [LOG] [direct] Download button injected (player mini) @ chrome-extension://ihaelfjohnpciodjianpgchimpgifgjk/js/direct.js:306
[    6754ms] [LOG] [direct] deduped player to 1 @ chrome-extension://ihaelfjohnpciodjianpgchimpgifgjk/js/direct.js:324
[    6755ms] [LOG] [direct] Download button injected (player mini) @ chrome-extension://ihaelfjohnpciodjianpgchimpgifgjk/js/direct.js:306
[    6755ms] [LOG] [direct] deduped player to 1 @ chrome-extension://ihaelfjohnpciodjianpgchimpgifgjk/js/direct.js:324
[    6756ms] [LOG] [direct] Download button injected (player mini) @ chrome-extension://ihaelfjohnpciodjianpgchimpgifgjk/js/direct.js:306
[    6756ms] [LOG] [direct] deduped player to 1 @ chrome-extension://ihaelfjohnpciodjianpgchimpgifgjk/js/direct.js:324
[    6757ms] [LOG] [direct] Download button injected (player mini) @ chrome-extension://ihaelfjohnpciodjianpgchimpgifgjk/js/direct.js:306
[    6758ms] [LOG] [direct] deduped player to 1 @ chrome-extension://ihaelfjohnpciodjianpgchimpgifgjk/js/direct.js:324
[    6759ms] [LOG] [direct] Download button injected (player mini) @ chrome-extension://ihaelfjohnpciodjianpgchimpgifgjk/js/direct.js:306
[    6759ms] [LOG] [direct] deduped player to 1 @ chrome-extension://ihaelfjohnpciodjianpgchimpgifgjk/js/direct.js:324
[    6760ms] [LOG] [direct] Download button injected (player mini) @ chrome-extension://ihaelfjohnpciodjianpgchimpgifgjk/js/direct.js:306
[    6761ms] [LOG] [direct] deduped player to 1 @ chrome-extension://ihaelfjohnpciodjianpgchimpgifgjk/js/direct.js:324
[    6762ms] [LOG] [direct] Download button injected (player mini) @ chrome-extension://ihaelfjohnpciodjianpgchimpgifgjk/js/direct.js:306
[    6762ms] [LOG] [direct] deduped player to 1 @ chrome-extension://ihaelfjohnpciodjianpgchimpgifgjk/js/direct.js:324
[    6763ms] [LOG] [direct] Download button injected (player mini) @ chrome-extension://ihaelfjohnpciodjianpgchimpgifgjk/js/direct.js:306
[    6763ms] [LOG] [direct] deduped player to 1 @ chrome-extension://ihaelfjohnpciodjianpgchimpgifgjk/js/direct.js:324
[    6764ms] [LOG] [direct] Download button injected (player mini) @ chrome-extension://ihaelfjohnpciodjianpgchimpgifgjk/js/direct.js:306
[    6764ms] [LOG] [direct] deduped player to 1 @ chrome-extension://ihaelfjohnpciodjianpgchimpgifgjk/js/direct.js:324
[    6765ms] [LOG] [direct] Download button injected (player mini) @ chrome-extension://ihaelfjohnpciodjianpgchimpgifgjk/js/direct.js:306
[    6765ms] [LOG] [direct] deduped player to 1 @ chrome-extension://ihaelfjohnpciodjianpgchimpgifgjk/js/direct.js:324
[    6766ms] [LOG] [direct] Download button injected (player mini) @ chrome-extension://ihaelfjohnpciodjianpgchimpgifgjk/js/direct.js:306
[    6767ms] [LOG] [direct] deduped player to 1 @ chrome-extension://ihaelfjohnpciodjianpgchimpgifgjk/js/direct.js:324
[    6768ms] [LOG] [direct] Download button injected (player mini) @ chrome-extension://ihaelfjohnpciodjianpgchimpgifgjk/js/direct.js:306
[    6768ms] [LOG] [direct] deduped player to 1 @ chrome-extension://ihaelfjohnpciodjianpgchimpgifgjk/js/direct.js:324
[    6769ms] [LOG] [direct] Download button injected (player mini) @ chrome-extension://ihaelfjohnpciodjianpgchimpgifgjk/js/direct.js:306
[    6769ms] [LOG] [direct] deduped player to 1 @ chrome-extension://ihaelfjohnpciodjianpgchimpgifgjk/js/direct.js:324
[    6769ms] [LOG] [direct] Download button injected (player mini) @ chrome-extension://ihaelfjohnpciodjianpgchimpgifgjk/js/direct.js:306
[    6770ms] [LOG] [direct] deduped player to 1 @ chrome-extension://ihaelfjohnpciodjianpgchimpgifgjk/js/direct.js:324
[    6771ms] [LOG] [direct] Download button injected (player mini) @ chrome-extension://ihaelfjohnpciodjianpgchimpgifgjk/js/direct.js:306
[    6771ms] [LOG] [direct] deduped player to 1 @ chrome-extension://ihaelfjohnpciodjianpgchimpgifgjk/js/direct.js:324
[    6772ms] [LOG] [direct] Download button injected (player mini) @ chrome-extension://ihaelfjohnpciodjianpgchimpgifgjk/js/direct.js:306
[    6772ms] [LOG] [direct] deduped player to 1 @ chrome-extension://ihaelfjohnpciodjianpgchimpgifgjk/js/direct.js:324
[    6772ms] [LOG] [direct] Download button injected (player mini) @ chrome-extension://ihaelfjohnpciodjianpgchimpgifgjk/js/direct.js:306
[    6773ms] [LOG] [direct] deduped player to 1 @ chrome-extension://ihaelfjohnpciodjianpgchimpgifgjk/js/direct.js:324
[    6773ms] [LOG] [direct] Download button injected (player mini) @ chrome-extension://ihaelfjohnpciodjianpgchimpgifgjk/js/direct.js:306
[    6773ms] [LOG] [direct] deduped player to 1 @ chrome-extension://ihaelfjohnpciodjianpgchimpgifgjk/js/direct.js:324
[    6774ms] [LOG] [direct] Download button injected (player mini) @ chrome-extension://ihaelfjohnpciodjianpgchimpgifgjk/js/direct.js:306
[    6775ms] [LOG] [direct] deduped player to 1 @ chrome-extension://ihaelfjohnpciodjianpgchimpgifgjk/js/direct.js:324
[    6775ms] [LOG] [direct] Download button injected (player mini) @ chrome-extension://ihaelfjohnpciodjianpgchimpgifgjk/js/direct.js:306
[    6776ms] [LOG] [direct] deduped player to 1 @ chrome-extension://ihaelfjohnpciodjianpgchimpgifgjk/js/direct.js:324
[    6777ms] [LOG] [direct] Download button injected (player mini) @ chrome-extension://ihaelfjohnpciodjianpgchimpgifgjk/js/direct.js:306
[    6777ms] [LOG] [direct] deduped player to 1 @ chrome-extension://ihaelfjohnpciodjianpgchimpgifgjk/js/direct.js:324
[    6778ms] [LOG] [direct] Download button injected (player mini) @ chrome-extension://ihaelfjohnpciodjianpgchimpgifgjk/js/direct.js:306
[    6778ms] [LOG] [direct] deduped player to 1 @ chrome-extension://ihaelfjohnpciodjianpgchimpgifgjk/js/direct.js:324
[    6779ms] [LOG] [direct] Download button injected (player mini) @ chrome-extension://ihaelfjohnpciodjianpgchimpgifgjk/js/direct.js:306
[    6779ms] [LOG] [direct] deduped player to 1 @ chrome-extension://ihaelfjohnpciodjianpgchimpgifgjk/js/direct.js:324
[    6780ms] [LOG] [direct] Download button injected (player mini) @ chrome-extension://ihaelfjohnpciodjianpgchimpgifgjk/js/direct.js:306
[    6780ms] [LOG] [direct] deduped player to 1 @ chrome-extension://ihaelfjohnpciodjianpgchimpgifgjk/js/direct.js:324
[    6781ms] [LOG] [direct] Download button injected (player mini) @ chrome-extension://ihaelfjohnpciodjianpgchimpgifgjk/js/direct.js:306
[    6781ms] [LOG] [direct] deduped player to 1 @ chrome-extension://ihaelfjohnpciodjianpgchimpgifgjk/js/direct.js:324
[    6782ms] [LOG] [direct] Download button injected (player mini) @ chrome-extension://ihaelfjohnpciodjianpgchimpgifgjk/js/direct.js:306
[    6782ms] [LOG] [direct] deduped player to 1 @ chrome-extension://ihaelfjohnpciodjianpgchimpgifgjk/js/direct.js:324
[    6783ms] [LOG] [direct] Download button injected (player mini) @ chrome-extension://ihaelfjohnpciodjianpgchimpgifgjk/js/direct.js:306
[    6783ms] [LOG] [direct] deduped player to 1 @ chrome-extension://ihaelfjohnpciodjianpgchimpgifgjk/js/direct.js:324
[    6783ms] [LOG] [direct] Download button injected (player mini) @ chrome-extension://ihaelfjohnpciodjianpgchimpgifgjk/js/direct.js:306
[    6784ms] [LOG] [direct] deduped player to 1 @ chrome-extension://ihaelfjohnpciodjianpgchimpgifgjk/js/direct.js:324
[    6784ms] [LOG] [direct] Download button injected (player mini) @ chrome-extension://ihaelfjohnpciodjianpgchimpgifgjk/js/direct.js:306
[    6785ms] [LOG] [direct] deduped player to 1 @ chrome-extension://ihaelfjohnpciodjianpgchimpgifgjk/js/direct.js:324
[    6786ms] [LOG] [direct] Download button injected (player mini) @ chrome-extension://ihaelfjohnpciodjianpgchimpgifgjk/js/direct.js:306
[    6786ms] [LOG] [direct] deduped player to 1 @ chrome-extension://ihaelfjohnpciodjianpgchimpgifgjk/js/direct.js:324
[    6787ms] [LOG] [direct] Download button injected (player mini) @ chrome-extension://ihaelfjohnpciodjianpgchimpgifgjk/js/direct.js:306
[    6787ms] [LOG] [direct] deduped player to 1 @ chrome-extension://ihaelfjohnpciodjianpgchimpgifgjk/js/direct.js:324
[    6788ms] [LOG] [direct] Download button injected (player mini) @ chrome-extension://ihaelfjohnpciodjianpgchimpgifgjk/js/direct.js:306
[    6788ms] [LOG] [direct] deduped player to 1 @ chrome-extension://ihaelfjohnpciodjianpgchimpgifgjk/js/direct.js:324
[    6789ms] [LOG] [direct] Download button injected (player mini) @ chrome-extension://ihaelfjohnpciodjianpgchimpgifgjk/js/direct.js:306
[    6789ms] [LOG] [direct] deduped player to 1 @ chrome-extension://ihaelfjohnpciodjianpgchimpgifgjk/js/direct.js:324
[    6791ms] [LOG] [direct] Download button injected (player mini) @ chrome-extension://ihaelfjohnpciodjianpgchimpgifgjk/js/direct.js:306
[    6791ms] [LOG] [direct] deduped player to 1 @ chrome-extension://ihaelfjohnpciodjianpgchimpgifgjk/js/direct.js:324
[    6792ms] [LOG] [direct] Download button injected (player mini) @ chrome-extension://ihaelfjohnpciodjianpgchimpgifgjk/js/direct.js:306
[    6792ms] [LOG] [direct] deduped player to 1 @ chrome-extension://ihaelfjohnpciodjianpgchimpgifgjk/js/direct.js:324
[    6793ms] [LOG] [direct] Download button injected (player mini) @ chrome-extension://ihaelfjohnpciodjianpgchimpgifgjk/js/direct.js:306
[    6794ms] [LOG] [direct] deduped player to 1 @ chrome-extension://ihaelfjohnpciodjianpgchimpgifgjk/js/direct.js:324
[    6795ms] [LOG] [direct] Download button injected (player mini) @ chrome-extension://ihaelfjohnpciodjianpgchimpgifgjk/js/direct.js:306
[    6795ms] [LOG] [direct] deduped player to 1 @ chrome-extension://ihaelfjohnpciodjianpgchimpgifgjk/js/direct.js:324
[    6796ms] [LOG] [direct] Download button injected (player mini) @ chrome-extension://ihaelfjohnpciodjianpgchimpgifgjk/js/direct.js:306
[    6796ms] [LOG] [direct] deduped player to 1 @ chrome-extension://ihaelfjohnpciodjianpgchimpgifgjk/js/direct.js:324
[    6797ms] [LOG] [direct] Download button injected (player mini) @ chrome-extension://ihaelfjohnpciodjianpgchimpgifgjk/js/direct.js:306
[    6797ms] [LOG] [direct] deduped player to 1 @ chrome-extension://ihaelfjohnpciodjianpgchimpgifgjk/js/direct.js:324
[    6797ms] [LOG] [direct] Download button injected (player mini) @ chrome-extension://ihaelfjohnpciodjianpgchimpgifgjk/js/direct.js:306
[    6798ms] [LOG] [direct] deduped player to 1 @ chrome-extension://ihaelfjohnpciodjianpgchimpgifgjk/js/direct.js:324
[    6798ms] [LOG] [direct] Download button injected (player mini) @ chrome-extension://ihaelfjohnpciodjianpgchimpgifgjk/js/direct.js:306
[    6799ms] [LOG] [direct] deduped player to 1 @ chrome-extension://ihaelfjohnpciodjianpgchimpgifgjk/js/direct.js:324
[    6800ms] [LOG] [direct] Download button injected (player mini) @ chrome-extension://ihaelfjohnpciodjianpgchimpgifgjk/js/direct.js:306
[    6800ms] [LOG] [direct] deduped player to 1 @ chrome-extension://ihaelfjohnpciodjianpgchimpgifgjk/js/direct.js:324
[    6801ms] [LOG] [direct] Download button injected (player mini) @ chrome-extension://ihaelfjohnpciodjianpgchimpgifgjk/js/direct.js:306
[    6801ms] [LOG] [direct] deduped player to 1 @ chrome-extension://ihaelfjohnpciodjianpgchimpgifgjk/js/direct.js:324
[    6802ms] [LOG] [direct] Download button injected (player mini) @ chrome-extension://ihaelfjohnpciodjianpgchimpgifgjk/js/direct.js:306
[    6802ms] [LOG] [direct] deduped player to 1 @ chrome-extension://ihaelfjohnpciodjianpgchimpgifgjk/js/direct.js:324
[    6803ms] [LOG] [direct] Download button injected (player mini) @ chrome-extension://ihaelfjohnpciodjianpgchimpgifgjk/js/direct.js:306
[    6803ms] [LOG] [direct] deduped player to 1 @ chrome-extension://ihaelfjohnpciodjianpgchimpgifgjk/js/direct.js:324
[    6804ms] [LOG] [direct] Download button injected (player mini) @ chrome-extension://ihaelfjohnpciodjianpgchimpgifgjk/js/direct.js:306
[    6804ms] [LOG] [direct] deduped player to 1 @ chrome-extension://ihaelfjohnpciodjianpgchimpgifgjk/js/direct.js:324
[    6805ms] [LOG] [direct] Download button injected (player mini) @ chrome-extension://ihaelfjohnpciodjianpgchimpgifgjk/js/direct.js:306
[    6806ms] [LOG] [direct] deduped player to 1 @ chrome-extension://ihaelfjohnpciodjianpgchimpgifgjk/js/direct.js:324
[    6807ms] [LOG] [direct] Download button injected (player mini) @ chrome-extension://ihaelfjohnpciodjianpgchimpgifgjk/js/direct.js:306
[    6807ms] [LOG] [direct] deduped player to 1 @ chrome-extension://ihaelfjohnpciodjianpgchimpgifgjk/js/direct.js:324
[    6808ms] [LOG] [direct] Download button injected (player mini) @ chrome-extension://ihaelfjohnpciodjianpgchimpgifgjk/js/direct.js:306
[    6808ms] [LOG] [direct] deduped player to 1 @ chrome-extension://ihaelfjohnpciodjianpgchimpgifgjk/js/direct.js:324
[    6809ms] [LOG] [direct] Download button injected (player mini) @ chrome-extension://ihaelfjohnpciodjianpgchimpgifgjk/js/direct.js:306
[    6809ms] [LOG] [direct] deduped player to 1 @ chrome-extension://ihaelfjohnpciodjianpgchimpgifgjk/js/direct.js:324
[    6811ms] [LOG] [direct] Download button injected (player mini) @ chrome-extension://ihaelfjohnpciodjianpgchimpgifgjk/js/direct.js:306
[    6811ms] [LOG] [direct] deduped player to 1 @ chrome-extension://ihaelfjohnpciodjianpgchimpgifgjk/js/direct.js:324
[    6812ms] [LOG] [direct] Download button injected (player mini) @ chrome-extension://ihaelfjohnpciodjianpgchimpgifgjk/js/direct.js:306
[    6812ms] [LOG] [direct] deduped player to 1 @ chrome-extension://ihaelfjohnpciodjianpgchimpgifgjk/js/direct.js:324
[    6813ms] [LOG] [direct] Download button injected (player mini) @ chrome-extension://ihaelfjohnpciodjianpgchimpgifgjk/js/direct.js:306
[    6813ms] [LOG] [direct] deduped player to 1 @ chrome-extension://ihaelfjohnpciodjianpgchimpgifgjk/js/direct.js:324
[    6814ms] [LOG] [direct] Download button injected (player mini) @ chrome-extension://ihaelfjohnpciodjianpgchimpgifgjk/js/direct.js:306
[    6814ms] [LOG] [direct] deduped player to 1 @ chrome-extension://ihaelfjohnpciodjianpgchimpgifgjk/js/direct.js:324
[    6815ms] [LOG] [direct] Download button injected (player mini) @ chrome-extension://ihaelfjohnpciodjianpgchimpgifgjk/js/direct.js:306
[    6815ms] [LOG] [direct] deduped player to 1 @ chrome-extension://ihaelfjohnpciodjianpgchimpgifgjk/js/direct.js:324
[    6815ms] [LOG] [direct] Download button injected (player mini) @ chrome-extension://ihaelfjohnpciodjianpgchimpgifgjk/js/direct.js:306
[    6816ms] [LOG] [direct] deduped player to 1 @ chrome-extension://ihaelfjohnpciodjianpgchimpgifgjk/js/direct.js:324
[    6816ms] [LOG] [direct] Download button injected (player mini) @ chrome-extension://ihaelfjohnpciodjianpgchimpgifgjk/js/direct.js:306
[    6817ms] [LOG] [direct] deduped player to 1 @ chrome-extension://ihaelfjohnpciodjianpgchimpgifgjk/js/direct.js:324
[    6817ms] [LOG] [direct] Download button injected (player mini) @ chrome-extension://ihaelfjohnpciodjianpgchimpgifgjk/js/direct.js:306
[    6817ms] [LOG] [direct] deduped player to 1 @ chrome-extension://ihaelfjohnpciodjianpgchimpgifgjk/js/direct.js:324
[    6818ms] [LOG] [direct] Download button injected (player mini) @ chrome-extension://ihaelfjohnpciodjianpgchimpgifgjk/js/direct.js:306
[    6818ms] [LOG] [direct] deduped player to 1 @ chrome-extension://ihaelfjohnpciodjianpgchimpgifgjk/js/direct.js:324
[    6819ms] [LOG] [direct] Download button injected (player mini) @ chrome-extension://ihaelfjohnpciodjianpgchimpgifgjk/js/direct.js:306
[    6819ms] [LOG] [direct] deduped player to 1 @ chrome-extension://ihaelfjohnpciodjianpgchimpgifgjk/js/direct.js:324
[    6820ms] [LOG] [direct] Download button injected (player mini) @ chrome-extension://ihaelfjohnpciodjianpgchimpgifgjk/js/direct.js:306
[    6820ms] [LOG] [direct] deduped player to 1 @ chrome-extension://ihaelfjohnpciodjianpgchimpgifgjk/js/direct.js:324
[    6821ms] [LOG] [direct] Download button injected (player mini) @ chrome-extension://ihaelfjohnpciodjianpgchimpgifgjk/js/direct.js:306
[    6821ms] [LOG] [direct] deduped player to 1 @ chrome-extension://ihaelfjohnpciodjianpgchimpgifgjk/js/direct.js:324
[    6822ms] [LOG] [direct] Download button injected (player mini) @ chrome-extension://ihaelfjohnpciodjianpgchimpgifgjk/js/direct.js:306
[    6822ms] [LOG] [direct] deduped player to 1 @ chrome-extension://ihaelfjohnpciodjianpgchimpgifgjk/js/direct.js:324
[    6822ms] [LOG] [direct] Download button injected (player mini) @ chrome-extension://ihaelfjohnpciodjianpgchimpgifgjk/js/direct.js:306
[    6823ms] [LOG] [direct] deduped player to 1 @ chrome-extension://ihaelfjohnpciodjianpgchimpgifgjk/js/direct.js:324
[    6823ms] [LOG] [direct] Download button injected (player mini) @ chrome-extension://ihaelfjohnpciodjianpgchimpgifgjk/js/direct.js:306
[    6823ms] [LOG] [direct] deduped player to 1 @ chrome-extension://ihaelfjohnpciodjianpgchimpgifgjk/js/direct.js:324
[    6824ms] [LOG] [direct] Download button injected (player mini) @ chrome-extension://ihaelfjohnpciodjianpgchimpgifgjk/js/direct.js:306
[    6824ms] [LOG] [direct] deduped player to 1 @ chrome-extension://ihaelfjohnpciodjianpgchimpgifgjk/js/direct.js:324
[    6825ms] [LOG] [direct] Download button injected (player mini) @ chrome-extension://ihaelfjohnpciodjianpgchimpgifgjk/js/direct.js:306
[    6825ms] [LOG] [direct] deduped player to 1 @ chrome-extension://ihaelfjohnpciodjianpgchimpgifgjk/js/direct.js:324
[    6826ms] [LOG] [direct] Download button injected (player mini) @ chrome-extension://ihaelfjohnpciodjianpgchimpgifgjk/js/direct.js:306
[    6826ms] [LOG] [direct] deduped player to 1 @ chrome-extension://ihaelfjohnpciodjianpgchimpgifgjk/js/direct.js:324
[    6827ms] [LOG] [direct] Download button injected (player mini) @ chrome-extension://ihaelfjohnpciodjianpgchimpgifgjk/js/direct.js:306
[    6827ms] [LOG] [direct] deduped player to 1 @ chrome-extension://ihaelfjohnpciodjianpgchimpgifgjk/js/direct.js:324
[    6828ms] [LOG] [direct] Download button injected (player mini) @ chrome-extension://ihaelfjohnpciodjianpgchimpgifgjk/js/direct.js:306
[    6828ms] [LOG] [direct] deduped player to 1 @ chrome-extension://ihaelfjohnpciodjianpgchimpgifgjk/js/direct.js:324
[    6829ms] [LOG] [direct] Download button injected (player mini) @ chrome-extension://ihaelfjohnpciodjianpgchimpgifgjk/js/direct.js:306
[    6830ms] [LOG] [direct] deduped player to 1 @ chrome-extension://ihaelfjohnpciodjianpgchimpgifgjk/js/direct.js:324
[    6830ms] [LOG] [direct] Download button injected (player mini) @ chrome-extension://ihaelfjohnpciodjianpgchimpgifgjk/js/direct.js:306
[    6831ms] [LOG] [direct] deduped player to 1 @ chrome-extension://ihaelfjohnpciodjianpgchimpgifgjk/js/direct.js:324
[    6831ms] [LOG] [direct] Download button injected (player mini) @ chrome-extension://ihaelfjohnpciodjianpgchimpgifgjk/js/direct.js:306
[    6832ms] [LOG] [direct] deduped player to 1 @ chrome-extension://ihaelfjohnpciodjianpgchimpgifgjk/js/direct.js:324
[    6832ms] [LOG] [direct] Download button injected (player mini) @ chrome-extension://ihaelfjohnpciodjianpgchimpgifgjk/js/direct.js:306
[    6832ms] [LOG] [direct] deduped player to 1 @ chrome-extension://ihaelfjohnpciodjianpgchimpgifgjk/js/direct.js:324
[    6833ms] [LOG] [direct] Download button injected (player mini) @ chrome-extension://ihaelfjohnpciodjianpgchimpgifgjk/js/direct.js:306
[    6833ms] [LOG] [direct] deduped player to 1 @ chrome-extension://ihaelfjohnpciodjianpgchimpgifgjk/js/direct.js:324
[    6834ms] [LOG] [direct] Download button injected (player mini) @ chrome-extension://ihaelfjohnpciodjianpgchimpgifgjk/js/direct.js:306
[    6834ms] [LOG] [direct] deduped player to 1 @ chrome-extension://ihaelfjohnpciodjianpgchimpgifgjk/js/direct.js:324
[    6834ms] [LOG] [direct] Download button injected (player mini) @ chrome-extension://ihaelfjohnpciodjianpgchimpgifgjk/js/direct.js:306
[    6835ms] [LOG] [direct] deduped player to 1 @ chrome-extension://ihaelfjohnpciodjianpgchimpgifgjk/js/direct.js:324
[    6835ms] [LOG] [direct] Download button injected (player mini) @ chrome-extension://ihaelfjohnpciodjianpgchimpgifgjk/js/direct.js:306
[    6835ms] [LOG] [direct] deduped player to 1 @ chrome-extension://ihaelfjohnpciodjianpgchimpgifgjk/js/direct.js:324
[    6836ms] [LOG] [direct] Download button injected (player mini) @ chrome-extension://ihaelfjohnpciodjianpgchimpgifgjk/js/direct.js:306
[    6836ms] [LOG] [direct] deduped player to 1 @ chrome-extension://ihaelfjohnpciodjianpgchimpgifgjk/js/direct.js:324
[    6837ms] [LOG] [direct] Download button injected (player mini) @ chrome-extension://ihaelfjohnpciodjianpgchimpgifgjk/js/direct.js:306
[    6837ms] [LOG] [direct] deduped player to 1 @ chrome-extension://ihaelfjohnpciodjianpgchimpgifgjk/js/direct.js:324
[    6838ms] [LOG] [direct] Download button injected (player mini) @ chrome-extension://ihaelfjohnpciodjianpgchimpgifgjk/js/direct.js:306
[    6838ms] [LOG] [direct] deduped player to 1 @ chrome-extension://ihaelfjohnpciodjianpgchimpgifgjk/js/direct.js:324
[    6839ms] [LOG] [direct] Download button injected (player mini) @ chrome-extension://ihaelfjohnpciodjianpgchimpgifgjk/js/direct.js:306
[    6839ms] [LOG] [direct] deduped player to 1 @ chrome-extension://ihaelfjohnpciodjianpgchimpgifgjk/js/direct.js:324
[    6840ms] [LOG] [direct] Download button injected (player mini) @ chrome-extension://ihaelfjohnpciodjianpgchimpgifgjk/js/direct.js:306
[    6840ms] [LOG] [direct] deduped player to 1 @ chrome-extension://ihaelfjohnpciodjianpgchimpgifgjk/js/direct.js:324
[    6841ms] [LOG] [direct] Download button injected (player mini) @ chrome-extension://ihaelfjohnpciodjianpgchimpgifgjk/js/direct.js:306
[    6841ms] [LOG] [direct] deduped player to 1 @ chrome-extension://ihaelfjohnpciodjianpgchimpgifgjk/js/direct.js:324
[    6842ms] [LOG] [direct] Download button injected (player mini) @ chrome-extension://ihaelfjohnpciodjianpgchimpgifgjk/js/direct.js:306
[    6843ms] [LOG] [direct] deduped player to 1 @ chrome-extension://ihaelfjohnpciodjianpgchimpgifgjk/js/direct.js:324
[    6844ms] [LOG] [direct] Download button injected (player mini) @ chrome-extension://ihaelfjohnpciodjianpgchimpgifgjk/js/direct.js:306
[    6844ms] [LOG] [direct] deduped player to 1 @ chrome-extension://ihaelfjohnpciodjianpgchimpgifgjk/js/direct.js:324
[    6845ms] [LOG] [direct] Download button injected (player mini) @ chrome-extension://ihaelfjohnpciodjianpgchimpgifgjk/js/direct.js:306
[    6845ms] [LOG] [direct] deduped player to 1 @ chrome-extension://ihaelfjohnpciodjianpgchimpgifgjk/js/direct.js:324
[    6846ms] [LOG] [direct] Download button injected (player mini) @ chrome-extension://ihaelfjohnpciodjianpgchimpgifgjk/js/direct.js:306
[    6846ms] [LOG] [direct] deduped player to 1 @ chrome-extension://ihaelfjohnpciodjianpgchimpgifgjk/js/direct.js:324
[    6847ms] [LOG] [direct] Download button injected (player mini) @ chrome-extension://ihaelfjohnpciodjianpgchimpgifgjk/js/direct.js:306
[    6847ms] [LOG] [direct] deduped player to 1 @ chrome-extension://ihaelfjohnpciodjianpgchimpgifgjk/js/direct.js:324
[    6848ms] [LOG] [direct] Download button injected (player mini) @ chrome-extension://ihaelfjohnpciodjianpgchimpgifgjk/js/direct.js:306
[    6848ms] [LOG] [direct] deduped player to 1 @ chrome-extension://ihaelfjohnpciodjianpgchimpgifgjk/js/direct.js:324
[    6849ms] [LOG] [direct] Download button injected (player mini) @ chrome-extension://ihaelfjohnpciodjianpgchimpgifgjk/js/direct.js:306
[    6849ms] [LOG] [direct] deduped player to 1 @ chrome-extension://ihaelfjohnpciodjianpgchimpgifgjk/js/direct.js:324
[    6850ms] [LOG] [direct] Download button injected (player mini) @ chrome-extension://ihaelfjohnpciodjianpgchimpgifgjk/js/direct.js:306
[    6850ms] [LOG] [direct] deduped player to 1 @ chrome-extension://ihaelfjohnpciodjianpgchimpgifgjk/js/direct.js:324
[    6851ms] [LOG] [direct] Download button injected (player mini) @ chrome-extension://ihaelfjohnpciodjianpgchimpgifgjk/js/direct.js:306
[    6851ms] [LOG] [direct] deduped player to 1 @ chrome-extension://ihaelfjohnpciodjianpgchimpgifgjk/js/direct.js:324
[    6852ms] [LOG] [direct] Download button injected (player mini) @ chrome-extension://ihaelfjohnpciodjianpgchimpgifgjk/js/direct.js:306
[    6852ms] [LOG] [direct] deduped player to 1 @ chrome-extension://ihaelfjohnpciodjianpgchimpgifgjk/js/direct.js:324
[    6853ms] [LOG] [direct] Download button injected (player mini) @ chrome-extension://ihaelfjohnpciodjianpgchimpgifgjk/js/direct.js:306
[    6853ms] [LOG] [direct] deduped player to 1 @ chrome-extension://ihaelfjohnpciodjianpgchimpgifgjk/js/direct.js:324
[    6854ms] [LOG] [direct] Download button injected (player mini) @ chrome-extension://ihaelfjohnpciodjianpgchimpgifgjk/js/direct.js:306
[    6854ms] [LOG] [direct] deduped player to 1 @ chrome-extension://ihaelfjohnpciodjianpgchimpgifgjk/js/direct.js:324
[    6855ms] [LOG] [direct] Download button injected (player mini) @ chrome-extension://ihaelfjohnpciodjianpgchimpgifgjk/js/direct.js:306
[    6855ms] [LOG] [direct] deduped player to 1 @ chrome-extension://ihaelfjohnpciodjianpgchimpgifgjk/js/direct.js:324
[    6856ms] [LOG] [direct] Download button injected (player mini) @ chrome-extension://ihaelfjohnpciodjianpgchimpgifgjk/js/direct.js:306
[    6856ms] [LOG] [direct] deduped player to 1 @ chrome-extension://ihaelfjohnpciodjianpgchimpgifgjk/js/direct.js:324
[    6857ms] [LOG] [direct] Download button injected (player mini) @ chrome-extension://ihaelfjohnpciodjianpgchimpgifgjk/js/direct.js:306
[    6857ms] [LOG] [direct] deduped player to 1 @ chrome-extension://ihaelfjohnpciodjianpgchimpgifgjk/js/direct.js:324
[    6858ms] [LOG] [direct] Download button injected (player mini) @ chrome-extension://ihaelfjohnpciodjianpgchimpgifgjk/js/direct.js:306
[    6858ms] [LOG] [direct] deduped player to 1 @ chrome-extension://ihaelfjohnpciodjianpgchimpgifgjk/js/direct.js:324
[    6859ms] [LOG] [direct] Download button injected (player mini) @ chrome-extension://ihaelfjohnpciodjianpgchimpgifgjk/js/direct.js:306
[    6859ms] [LOG] [direct] deduped player to 1 @ chrome-extension://ihaelfjohnpciodjianpgchimpgifgjk/js/direct.js:324
[    6860ms] [LOG] [direct] Download button injected (player mini) @ chrome-extension://ihaelfjohnpciodjianpgchimpgifgjk/js/direct.js:306
[    6861ms] [LOG] [direct] deduped player to 1 @ chrome-extension://ihaelfjohnpciodjianpgchimpgifgjk/js/direct.js:324
[    6861ms] [LOG] [direct] Download button injected (player mini) @ chrome-extension://ihaelfjohnpciodjianpgchimpgifgjk/js/direct.js:306
[    6862ms] [LOG] [direct] deduped player to 1 @ chrome-extension://ihaelfjohnpciodjianpgchimpgifgjk/js/direct.js:324
[    6862ms] [LOG] [direct] Download button injected (player mini) @ chrome-extension://ihaelfjohnpciodjianpgchimpgifgjk/js/direct.js:306
[    6862ms] [LOG] [direct] deduped player to 1 @ chrome-extension://ihaelfjohnpciodjianpgchimpgifgjk/js/direct.js:324
[    6863ms] [LOG] [direct] Download button injected (player mini) @ chrome-extension://ihaelfjohnpciodjianpgchimpgifgjk/js/direct.js:306
[    6863ms] [LOG] [direct] deduped player to 1 @ chrome-extension://ihaelfjohnpciodjianpgchimpgifgjk/js/direct.js:324
[    6864ms] [LOG] [direct] Download button injected (player mini) @ chrome-extension://ihaelfjohnpciodjianpgchimpgifgjk/js/direct.js:306
[    6864ms] [LOG] [direct] deduped player to 1 @ chrome-extension://ihaelfjohnpciodjianpgchimpgifgjk/js/direct.js:324
[    6865ms] [LOG] [direct] Download button injected (player mini) @ chrome-extension://ihaelfjohnpciodjianpgchimpgifgjk/js/direct.js:306
[    6865ms] [LOG] [direct] deduped player to 1 @ chrome-extension://ihaelfjohnpciodjianpgchimpgifgjk/js/direct.js:324
[    6866ms] [LOG] [direct] Download button injected (player mini) @ chrome-extension://ihaelfjohnpciodjianpgchimpgifgjk/js/direct.js:306
[    6866ms] [LOG] [direct] deduped player to 1 @ chrome-extension://ihaelfjohnpciodjianpgchimpgifgjk/js/direct.js:324
[    6866ms] [LOG] [direct] Download button injected (player mini) @ chrome-extension://ihaelfjohnpciodjianpgchimpgifgjk/js/direct.js:306
[    6867ms] [LOG] [direct] deduped player to 1 @ chrome-extension://ihaelfjohnpciodjianpgchimpgifgjk/js/direct.js:324
[    6867ms] [LOG] [direct] Download button injected (player mini) @ chrome-extension://ihaelfjohnpciodjianpgchimpgifgjk/js/direct.js:306
[    6867ms] [LOG] [direct] deduped player to 1 @ chrome-extension://ihaelfjohnpciodjianpgchimpgifgjk/js/direct.js:324
[    6868ms] [LOG] [direct] Download button injected (player mini) @ chrome-extension://ihaelfjohnpciodjianpgchimpgifgjk/js/direct.js:306
[    6868ms] [LOG] [direct] deduped player to 1 @ chrome-extension://ihaelfjohnpciodjianpgchimpgifgjk/js/direct.js:324
[    6869ms] [LOG] [direct] Download button injected (player mini) @ chrome-extension://ihaelfjohnpciodjianpgchimpgifgjk/js/direct.js:306
[    6869ms] [LOG] [direct] deduped player to 1 @ chrome-extension://ihaelfjohnpciodjianpgchimpgifgjk/js/direct.js:324
[    6870ms] [LOG] [direct] Download button injected (player mini) @ chrome-extension://ihaelfjohnpciodjianpgchimpgifgjk/js/direct.js:306
[    6870ms] [LOG] [direct] deduped player to 1 @ chrome-extension://ihaelfjohnpciodjianpgchimpgifgjk/js/direct.js:324
[    6871ms] [LOG] [direct] Download button injected (player mini) @ chrome-extension://ihaelfjohnpciodjianpgchimpgifgjk/js/direct.js:306
[    6871ms] [LOG] [direct] deduped player to 1 @ chrome-extension://ihaelfjohnpciodjianpgchimpgifgjk/js/direct.js:324
[    6872ms] [LOG] [direct] Download button injected (player mini) @ chrome-extension://ihaelfjohnpciodjianpgchimpgifgjk/js/direct.js:306
[    6872ms] [LOG] [direct] deduped player to 1 @ chrome-extension://ihaelfjohnpciodjianpgchimpgifgjk/js/direct.js:324
[    6872ms] [LOG] [direct] Download button injected (player mini) @ chrome-extension://ihaelfjohnpciodjianpgchimpgifgjk/js/direct.js:306
[    6872ms] [LOG] [direct] deduped player to 1 @ chrome-extension://ihaelfjohnpciodjianpgchimpgifgjk/js/direct.js:324
[    6873ms] [LOG] [direct] Download button injected (player mini) @ chrome-extension://ihaelfjohnpciodjianpgchimpgifgjk/js/direct.js:306
[    6874ms] [LOG] [direct] deduped player to 1 @ chrome-extension://ihaelfjohnpciodjianpgchimpgifgjk/js/direct.js:324
[    6874ms] [LOG] [direct] Download button injected (player mini) @ chrome-extension://ihaelfjohnpciodjianpgchimpgifgjk/js/direct.js:306
[    6875ms] [LOG] [direct] deduped player to 1 @ chrome-extension://ihaelfjohnpciodjianpgchimpgifgjk/js/direct.js:324
[    6875ms] [LOG] [direct] Download button injected (player mini) @ chrome-extension://ihaelfjohnpciodjianpgchimpgifgjk/js/direct.js:306
[    6876ms] [LOG] [direct] deduped player to 1 @ chrome-extension://ihaelfjohnpciodjianpgchimpgifgjk/js/direct.js:324
[    6877ms] [LOG] [direct] Download button injected (player mini) @ chrome-extension://ihaelfjohnpciodjianpgchimpgifgjk/js/direct.js:306
[    6877ms] [LOG] [direct] deduped player to 1 @ chrome-extension://ihaelfjohnpciodjianpgchimpgifgjk/js/direct.js:324
[    6878ms] [LOG] [direct] Download button injected (player mini) @ chrome-extension://ihaelfjohnpciodjianpgchimpgifgjk/js/direct.js:306
[    6878ms] [LOG] [direct] deduped player to 1 @ chrome-extension://ihaelfjohnpciodjianpgchimpgifgjk/js/direct.js:324
[    6879ms] [LOG] [direct] Download button injected (player mini) @ chrome-extension://ihaelfjohnpciodjianpgchimpgifgjk/js/direct.js:306
[    6879ms] [LOG] [direct] deduped player to 1 @ chrome-extension://ihaelfjohnpciodjianpgchimpgifgjk/js/direct.js:324
[    6880ms] [LOG] [direct] Download button injected (player mini) @ chrome-extension://ihaelfjohnpciodjianpgchimpgifgjk/js/direct.js:306
[    6880ms] [LOG] [direct] deduped player to 1 @ chrome-extension://ihaelfjohnpciodjianpgchimpgifgjk/js/direct.js:324
[    6881ms] [LOG] [direct] Download button injected (player mini) @ chrome-extension://ihaelfjohnpciodjianpgchimpgifgjk/js/direct.js:306
[    6881ms] [LOG] [direct] deduped player to 1 @ chrome-extension://ihaelfjohnpciodjianpgchimpgifgjk/js/direct.js:324
[    6882ms] [LOG] [direct] Download button injected (player mini) @ chrome-extension://ihaelfjohnpciodjianpgchimpgifgjk/js/direct.js:306
[    6882ms] [LOG] [direct] deduped player to 1 @ chrome-extension://ihaelfjohnpciodjianpgchimpgifgjk/js/direct.js:324
[    6882ms] [LOG] [direct] Download button injected (player mini) @ chrome-extension://ihaelfjohnpciodjianpgchimpgifgjk/js/direct.js:306
[    6883ms] [LOG] [direct] deduped player to 1 @ chrome-extension://ihaelfjohnpciodjianpgchimpgifgjk/js/direct.js:324
[    6883ms] [LOG] [direct] Download button injected (player mini) @ chrome-extension://ihaelfjohnpciodjianpgchimpgifgjk/js/direct.js:306
[    6883ms] [LOG] [direct] deduped player to 1 @ chrome-extension://ihaelfjohnpciodjianpgchimpgifgjk/js/direct.js:324
[    6884ms] [LOG] [direct] Download button injected (player mini) @ chrome-extension://ihaelfjohnpciodjianpgchimpgifgjk/js/direct.js:306
[    6884ms] [LOG] [direct] deduped player to 1 @ chrome-extension://ihaelfjohnpciodjianpgchimpgifgjk/js/direct.js:324
[    6885ms] [LOG] [direct] Download button injected (player mini) @ chrome-extension://ihaelfjohnpciodjianpgchimpgifgjk/js/direct.js:306
[    6885ms] [LOG] [direct] deduped player to 1 @ chrome-extension://ihaelfjohnpciodjianpgchimpgifgjk/js/direct.js:324
[    6886ms] [LOG] [direct] Download button injected (player mini) @ chrome-extension://ihaelfjohnpciodjianpgchimpgifgjk/js/direct.js:306
[    6886ms] [LOG] [direct] deduped player to 1 @ chrome-extension://ihaelfjohnpciodjianpgchimpgifgjk/js/direct.js:324
[    6886ms] [LOG] [direct] Download button injected (player mini) @ chrome-extension://ihaelfjohnpciodjianpgchimpgifgjk/js/direct.js:306
[    6887ms] [LOG] [direct] deduped player to 1 @ chrome-extension://ihaelfjohnpciodjianpgchimpgifgjk/js/direct.js:324
[    6887ms] [LOG] [direct] Download button injected (player mini) @ chrome-extension://ihaelfjohnpciodjianpgchimpgifgjk/js/direct.js:306
[    6888ms] [LOG] [direct] deduped player to 1 @ chrome-extension://ihaelfjohnpciodjianpgchimpgifgjk/js/direct.js:324
[    6888ms] [LOG] [direct] Download button injected (player mini) @ chrome-extension://ihaelfjohnpciodjianpgchimpgifgjk/js/direct.js:306
[    6889ms] [LOG] [direct] deduped player to 1 @ chrome-extension://ihaelfjohnpciodjianpgchimpgifgjk/js/direct.js:324
[    6889ms] [LOG] [direct] Download button injected (player mini) @ chrome-extension://ihaelfjohnpciodjianpgchimpgifgjk/js/direct.js:306
[    6890ms] [LOG] [direct] deduped player to 1 @ chrome-extension://ihaelfjohnpciodjianpgchimpgifgjk/js/direct.js:324
[    6891ms] [LOG] [direct] Download button injected (player mini) @ chrome-extension://ihaelfjohnpciodjianpgchimpgifgjk/js/direct.js:306
[    6891ms] [LOG] [direct] deduped player to 1 @ chrome-extension://ihaelfjohnpciodjianpgchimpgifgjk/js/direct.js:324
[    6892ms] [LOG] [direct] Download button injected (player mini) @ chrome-extension://ihaelfjohnpciodjianpgchimpgifgjk/js/direct.js:306
[    6892ms] [LOG] [direct] deduped player to 1 @ chrome-extension://ihaelfjohnpciodjianpgchimpgifgjk/js/direct.js:324
[    6893ms] [LOG] [direct] Download button injected (player mini) @ chrome-extension://ihaelfjohnpciodjianpgchimpgifgjk/js/direct.js:306
[    6893ms] [LOG] [direct] deduped player to 1 @ chrome-extension://ihaelfjohnpciodjianpgchimpgifgjk/js/direct.js:324
[    6894ms] [LOG] [direct] Download button injected (player mini) @ chrome-extension://ihaelfjohnpciodjianpgchimpgifgjk/js/direct.js:306
[    6894ms] [LOG] [direct] deduped player to 1 @ chrome-extension://ihaelfjohnpciodjianpgchimpgifgjk/js/direct.js:324
[    6895ms] [LOG] [direct] Download button injected (player mini) @ chrome-extension://ihaelfjohnpciodjianpgchimpgifgjk/js/direct.js:306
[    6895ms] [LOG] [direct] deduped player to 1 @ chrome-extension://ihaelfjohnpciodjianpgchimpgifgjk/js/direct.js:324
[    6896ms] [LOG] [direct] Download button injected (player mini) @ chrome-extension://ihaelfjohnpciodjianpgchimpgifgjk/js/direct.js:306
[    6896ms] [LOG] [direct] deduped player to 1 @ chrome-extension://ihaelfjohnpciodjianpgchimpgifgjk/js/direct.js:324
[    6896ms] [LOG] [direct] Download button injected (player mini) @ chrome-extension://ihaelfjohnpciodjianpgchimpgifgjk/js/direct.js:306
[    6897ms] [LOG] [direct] deduped player to 1 @ chrome-extension://ihaelfjohnpciodjianpgchimpgifgjk/js/direct.js:324
[    6897ms] [LOG] [direct] Download button injected (player mini) @ chrome-extension://ihaelfjohnpciodjianpgchimpgifgjk/js/direct.js:306
[    6898ms] [LOG] [direct] deduped player to 1 @ chrome-extension://ihaelfjohnpciodjianpgchimpgifgjk/js/direct.js:324
[    6898ms] [LOG] [direct] Download button injected (player mini) @ chrome-extension://ihaelfjohnpciodjianpgchimpgifgjk/js/direct.js:306
[    6898ms] [LOG] [direct] deduped player to 1 @ chrome-extension://ihaelfjohnpciodjianpgchimpgifgjk/js/direct.js:324
[    6899ms] [LOG] [direct] Download button injected (player mini) @ chrome-extension://ihaelfjohnpciodjianpgchimpgifgjk/js/direct.js:306
[    6899ms] [LOG] [direct] deduped player to 1 @ chrome-extension://ihaelfjohnpciodjianpgchimpgifgjk/js/direct.js:324
[    6900ms] [LOG] [direct] Download button injected (player mini) @ chrome-extension://ihaelfjohnpciodjianpgchimpgifgjk/js/direct.js:306
[    6900ms] [LOG] [direct] deduped player to 1 @ chrome-extension://ihaelfjohnpciodjianpgchimpgifgjk/js/direct.js:324
[    6901ms] [LOG] [direct] Download button injected (player mini) @ chrome-extension://ihaelfjohnpciodjianpgchimpgifgjk/js/direct.js:306
[    6901ms] [LOG] [direct] deduped player to 1 @ chrome-extension://ihaelfjohnpciodjianpgchimpgifgjk/js/direct.js:324
[    6901ms] [LOG] [direct] Download button injected (player mini) @ chrome-extension://ihaelfjohnpciodjianpgchimpgifgjk/js/direct.js:306
[    6902ms] [LOG] [direct] deduped player to 1 @ chrome-extension://ihaelfjohnpciodjianpgchimpgifgjk/js/direct.js:324
[    6902ms] [LOG] [direct] Download button injected (player mini) @ chrome-extension://ihaelfjohnpciodjianpgchimpgifgjk/js/direct.js:306
[    6902ms] [LOG] [direct] deduped player to 1 @ chrome-extension://ihaelfjohnpciodjianpgchimpgifgjk/js/direct.js:324
[    6903ms] [LOG] [direct] Download button injected (player mini) @ chrome-extension://ihaelfjohnpciodjianpgchimpgifgjk/js/direct.js:306
[    6903ms] [LOG] [direct] deduped player to 1 @ chrome-extension://ihaelfjohnpciodjianpgchimpgifgjk/js/direct.js:324
[    6904ms] [LOG] [direct] Download button injected (player mini) @ chrome-extension://ihaelfjohnpciodjianpgchimpgifgjk/js/direct.js:306
[    6904ms] [LOG] [direct] deduped player to 1 @ chrome-extension://ihaelfjohnpciodjianpgchimpgifgjk/js/direct.js:324
[    6904ms] [LOG] [direct] Download button injected (player mini) @ chrome-extension://ihaelfjohnpciodjianpgchimpgifgjk/js/direct.js:306
[    6905ms] [LOG] [direct] deduped player to 1 @ chrome-extension://ihaelfjohnpciodjianpgchimpgifgjk/js/direct.js:324
[    6905ms] [LOG] [direct] Download button injected (player mini) @ chrome-extension://ihaelfjohnpciodjianpgchimpgifgjk/js/direct.js:306
[    6906ms] [LOG] [direct] deduped player to 1 @ chrome-extension://ihaelfjohnpciodjianpgchimpgifgjk/js/direct.js:324
[    6906ms] [LOG] [direct] Download button injected (player mini) @ chrome-extension://ihaelfjohnpciodjianpgchimpgifgjk/js/direct.js:306
[    6907ms] [LOG] [direct] deduped player to 1 @ chrome-extension://ihaelfjohnpciodjianpgchimpgifgjk/js/direct.js:324
[    6908ms] [LOG] [direct] Download button injected (player mini) @ chrome-extension://ihaelfjohnpciodjianpgchimpgifgjk/js/direct.js:306
[    6908ms] [LOG] [direct] deduped player to 1 @ chrome-extension://ihaelfjohnpciodjianpgchimpgifgjk/js/direct.js:324
[    6909ms] [LOG] [direct] Download button injected (player mini) @ chrome-extension://ihaelfjohnpciodjianpgchimpgifgjk/js/direct.js:306
[    6909ms] [LOG] [direct] deduped player to 1 @ chrome-extension://ihaelfjohnpciodjianpgchimpgifgjk/js/direct.js:324
[    6910ms] [LOG] [direct] Download button injected (player mini) @ chrome-extension://ihaelfjohnpciodjianpgchimpgifgjk/js/direct.js:306
[    6910ms] [LOG] [direct] deduped player to 1 @ chrome-extension://ihaelfjohnpciodjianpgchimpgifgjk/js/direct.js:324
[    6911ms] [LOG] [direct] Download button injected (player mini) @ chrome-extension://ihaelfjohnpciodjianpgchimpgifgjk/js/direct.js:306
[    6911ms] [LOG] [direct] deduped player to 1 @ chrome-extension://ihaelfjohnpciodjianpgchimpgifgjk/js/direct.js:324
[    6912ms] [LOG] [direct] Download button injected (player mini) @ chrome-extension://ihaelfjohnpciodjianpgchimpgifgjk/js/direct.js:306
[    6912ms] [LOG] [direct] deduped player to 1 @ chrome-extension://ihaelfjohnpciodjianpgchimpgifgjk/js/direct.js:324
[    6912ms] [LOG] [direct] Download button injected (player mini) @ chrome-extension://ihaelfjohnpciodjianpgchimpgifgjk/js/direct.js:306
[    6913ms] [LOG] [direct] deduped player to 1 @ chrome-extension://ihaelfjohnpciodjianpgchimpgifgjk/js/direct.js:324
[    6913ms] [LOG] [direct] Download button injected (player mini) @ chrome-extension://ihaelfjohnpciodjianpgchimpgifgjk/js/direct.js:306
[    6913ms] [LOG] [direct] deduped player to 1 @ chrome-extension://ihaelfjohnpciodjianpgchimpgifgjk/js/direct.js:324
[    6914ms] [LOG] [direct] Download button injected (player mini) @ chrome-extension://ihaelfjohnpciodjianpgchimpgifgjk/js/direct.js:306
[    6914ms] [LOG] [direct] deduped player to 1 @ chrome-extension://ihaelfjohnpciodjianpgchimpgifgjk/js/direct.js:324
[    6915ms] [LOG] [direct] Download button injected (player mini) @ chrome-extension://ihaelfjohnpciodjianpgchimpgifgjk/js/direct.js:306
[    6915ms] [LOG] [direct] deduped player to 1 @ chrome-extension://ihaelfjohnpciodjianpgchimpgifgjk/js/direct.js:324
[    6916ms] [LOG] [direct] Download button injected (player mini) @ chrome-extension://ihaelfjohnpciodjianpgchimpgifgjk/js/direct.js:306
[    6916ms] [LOG] [direct] deduped player to 1 @ chrome-extension://ihaelfjohnpciodjianpgchimpgifgjk/js/direct.js:324
[    6916ms] [LOG] [direct] Download button injected (player mini) @ chrome-extension://ihaelfjohnpciodjianpgchimpgifgjk/js/direct.js:306
[    6917ms] [LOG] [direct] deduped player to 1 @ chrome-extension://ihaelfjohnpciodjianpgchimpgifgjk/js/direct.js:324
[    6917ms] [LOG] [direct] Download button injected (player mini) @ chrome-extension://ihaelfjohnpciodjianpgchimpgifgjk/js/direct.js:306
[    6917ms] [LOG] [direct] deduped player to 1 @ chrome-extension://ihaelfjohnpciodjianpgchimpgifgjk/js/direct.js:324
[    6918ms] [LOG] [direct] Download button injected (player mini) @ chrome-extension://ihaelfjohnpciodjianpgchimpgifgjk/js/direct.js:306
[    6918ms] [LOG] [direct] deduped player to 1 @ chrome-extension://ihaelfjohnpciodjianpgchimpgifgjk/js/direct.js:324
[    6919ms] [LOG] [direct] Download button injected (player mini) @ chrome-extension://ihaelfjohnpciodjianpgchimpgifgjk/js/direct.js:306
[    6919ms] [LOG] [direct] deduped player to 1 @ chrome-extension://ihaelfjohnpciodjianpgchimpgifgjk/js/direct.js:324
[    6920ms] [LOG] [direct] Download button injected (player mini) @ chrome-extension://ihaelfjohnpciodjianpgchimpgifgjk/js/direct.js:306
[    6920ms] [LOG] [direct] deduped player to 1 @ chrome-extension://ihaelfjohnpciodjianpgchimpgifgjk/js/direct.js:324
[    6921ms] [LOG] [direct] Download button injected (player mini) @ chrome-extension://ihaelfjohnpciodjianpgchimpgifgjk/js/direct.js:306
[    6921ms] [LOG] [direct] deduped player to 1 @ chrome-extension://ihaelfjohnpciodjianpgchimpgifgjk/js/direct.js:324
[    6922ms] [LOG] [direct] Download button injected (player mini) @ chrome-extension://ihaelfjohnpciodjianpgchimpgifgjk/js/direct.js:306
[    6922ms] [LOG] [direct] deduped player to 1 @ chrome-extension://ihaelfjohnpciodjianpgchimpgifgjk/js/direct.js:324
[    6923ms] [LOG] [direct] Download button injected (player mini) @ chrome-extension://ihaelfjohnpciodjianpgchimpgifgjk/js/direct.js:306
[    6923ms] [LOG] [direct] deduped player to 1 @ chrome-extension://ihaelfjohnpciodjianpgchimpgifgjk/js/direct.js:324
[    6924ms] [LOG] [direct] Download button injected (player mini) @ chrome-extension://ihaelfjohnpciodjianpgchimpgifgjk/js/direct.js:306
[    6924ms] [LOG] [direct] deduped player to 1 @ chrome-extension://ihaelfjohnpciodjianpgchimpgifgjk/js/direct.js:324
[    6925ms] [LOG] [direct] Download button injected (player mini) @ chrome-extension://ihaelfjohnpciodjianpgchimpgifgjk/js/direct.js:306
[    6925ms] [LOG] [direct] deduped player to 1 @ chrome-extension://ihaelfjohnpciodjianpgchimpgifgjk/js/direct.js:324
[    6926ms] [LOG] [direct] Download button injected (player mini) @ chrome-extension://ihaelfjohnpciodjianpgchimpgifgjk/js/direct.js:306
[    6926ms] [LOG] [direct] deduped player to 1 @ chrome-extension://ihaelfjohnpciodjianpgchimpgifgjk/js/direct.js:324
[    6927ms] [LOG] [direct] Download button injected (player mini) @ chrome-extension://ihaelfjohnpciodjianpgchimpgifgjk/js/direct.js:306
[    6927ms] [LOG] [direct] deduped player to 1 @ chrome-extension://ihaelfjohnpciodjianpgchimpgifgjk/js/direct.js:324
[    6928ms] [LOG] [direct] Download button injected (player mini) @ chrome-extension://ihaelfjohnpciodjianpgchimpgifgjk/js/direct.js:306
[    6928ms] [LOG] [direct] deduped player to 1 @ chrome-extension://ihaelfjohnpciodjianpgchimpgifgjk/js/direct.js:324
[    6929ms] [LOG] [direct] Download button injected (player mini) @ chrome-extension://ihaelfjohnpciodjianpgchimpgifgjk/js/direct.js:306
[    6929ms] [LOG] [direct] deduped player to 1 @ chrome-extension://ihaelfjohnpciodjianpgchimpgifgjk/js/direct.js:324
[    6930ms] [LOG] [direct] Download button injected (player mini) @ chrome-extension://ihaelfjohnpciodjianpgchimpgifgjk/js/direct.js:306
[    6930ms] [LOG] [direct] deduped player to 1 @ chrome-extension://ihaelfjohnpciodjianpgchimpgifgjk/js/direct.js:324
[    6930ms] [LOG] [direct] Download button injected (player mini) @ chrome-extension://ihaelfjohnpciodjianpgchimpgifgjk/js/direct.js:306
[    6931ms] [LOG] [direct] deduped player to 1 @ chrome-extension://ihaelfjohnpciodjianpgchimpgifgjk/js/direct.js:324
[    6931ms] [LOG] [direct] Download button injected (player mini) @ chrome-extension://ihaelfjohnpciodjianpgchimpgifgjk/js/direct.js:306
[    6931ms] [LOG] [direct] deduped player to 1 @ chrome-extension://ihaelfjohnpciodjianpgchimpgifgjk/js/direct.js:324
[    6932ms] [LOG] [direct] Download button injected (player mini) @ chrome-extension://ihaelfjohnpciodjianpgchimpgifgjk/js/direct.js:306
[    6932ms] [LOG] [direct] deduped player to 1 @ chrome-extension://ihaelfjohnpciodjianpgchimpgifgjk/js/direct.js:324
[    6933ms] [LOG] [direct] Download button injected (player mini) @ chrome-extension://ihaelfjohnpciodjianpgchimpgifgjk/js/direct.js:306
[    6933ms] [LOG] [direct] deduped player to 1 @ chrome-extension://ihaelfjohnpciodjianpgchimpgifgjk/js/direct.js:324
[    6934ms] [LOG] [direct] Download button injected (player mini) @ chrome-extension://ihaelfjohnpciodjianpgchimpgifgjk/js/direct.js:306
[    6934ms] [LOG] [direct] deduped player to 1 @ chrome-extension://ihaelfjohnpciodjianpgchimpgifgjk/js/direct.js:324
[    6934ms] [LOG] [direct] Download button injected (player mini) @ chrome-extension://ihaelfjohnpciodjianpgchimpgifgjk/js/direct.js:306
[    6935ms] [LOG] [direct] deduped player to 1 @ chrome-extension://ihaelfjohnpciodjianpgchimpgifgjk/js/direct.js:324
[    6935ms] [LOG] [direct] Download button injected (player mini) @ chrome-extension://ihaelfjohnpciodjianpgchimpgifgjk/js/direct.js:306
[    6935ms] [LOG] [direct] deduped player to 1 @ chrome-extension://ihaelfjohnpciodjianpgchimpgifgjk/js/direct.js:324
[    6936ms] [LOG] [direct] Download button injected (player mini) @ chrome-extension://ihaelfjohnpciodjianpgchimpgifgjk/js/direct.js:306
[    6936ms] [LOG] [direct] deduped player to 1 @ chrome-extension://ihaelfjohnpciodjianpgchimpgifgjk/js/direct.js:324
[    6937ms] [LOG] [direct] Download button injected (player mini) @ chrome-extension://ihaelfjohnpciodjianpgchimpgifgjk/js/direct.js:306
[    6937ms] [LOG] [direct] deduped player to 1 @ chrome-extension://ihaelfjohnpciodjianpgchimpgifgjk/js/direct.js:324
[    6938ms] [LOG] [direct] Download button injected (player mini) @ chrome-extension://ihaelfjohnpciodjianpgchimpgifgjk/js/direct.js:306
[    6938ms] [LOG] [direct] deduped player to 1 @ chrome-extension://ihaelfjohnpciodjianpgchimpgifgjk/js/direct.js:324
[    6938ms] [LOG] [direct] Download button injected (player mini) @ chrome-extension://ihaelfjohnpciodjianpgchimpgifgjk/js/direct.js:306
[    6939ms] [LOG] [direct] deduped player to 1 @ chrome-extension://ihaelfjohnpciodjianpgchimpgifgjk/js/direct.js:324
[    6939ms] [LOG] [direct] Download button injected (player mini) @ chrome-extension://ihaelfjohnpciodjianpgchimpgifgjk/js/direct.js:306
[    6939ms] [LOG] [direct] deduped player to 1 @ chrome-extension://ihaelfjohnpciodjianpgchimpgifgjk/js/direct.js:324
[    6940ms] [LOG] [direct] Download button injected (player mini) @ chrome-extension://ihaelfjohnpciodjianpgchimpgifgjk/js/direct.js:306
[    6940ms] [LOG] [direct] deduped player to 1 @ chrome-extension://ihaelfjohnpciodjianpgchimpgifgjk/js/direct.js:324
[    6941ms] [LOG] [direct] Download button injected (player mini) @ chrome-extension://ihaelfjohnpciodjianpgchimpgifgjk/js/direct.js:306
[    6941ms] [LOG] [direct] deduped player to 1 @ chrome-extension://ihaelfjohnpciodjianpgchimpgifgjk/js/direct.js:324
[    6942ms] [LOG] [direct] Download button injected (player mini) @ chrome-extension://ihaelfjohnpciodjianpgchimpgifgjk/js/direct.js:306
[    6942ms] [LOG] [direct] deduped player to 1 @ chrome-extension://ihaelfjohnpciodjianpgchimpgifgjk/js/direct.js:324
[    6943ms] [LOG] [direct] Download button injected (player mini) @ chrome-extension://ihaelfjohnpciodjianpgchimpgifgjk/js/direct.js:306
[    6943ms] [LOG] [direct] deduped player to 1 @ chrome-extension://ihaelfjohnpciodjianpgchimpgifgjk/js/direct.js:324
[    6944ms] [LOG] [direct] Download button injected (player mini) @ chrome-extension://ihaelfjohnpciodjianpgchimpgifgjk/js/direct.js:306
[    6945ms] [LOG] [direct] deduped player to 1 @ chrome-extension://ihaelfjohnpciodjianpgchimpgifgjk/js/direct.js:324
[    6946ms] [LOG] [direct] Download button injected (player mini) @ chrome-extension://ihaelfjohnpciodjianpgchimpgifgjk/js/direct.js:306
[    6946ms] [LOG] [direct] deduped player to 1 @ chrome-extension://ihaelfjohnpciodjianpgchimpgifgjk/js/direct.js:324
[    6947ms] [LOG] [direct] Download button injected (player mini) @ chrome-extension://ihaelfjohnpciodjianpgchimpgifgjk/js/direct.js:306
[    6947ms] [LOG] [direct] deduped player to 1 @ chrome-extension://ihaelfjohnpciodjianpgchimpgifgjk/js/direct.js:324
[    6948ms] [LOG] [direct] Download button injected (player mini) @ chrome-extension://ihaelfjohnpciodjianpgchimpgifgjk/js/direct.js:306
[    6948ms] [LOG] [direct] deduped player to 1 @ chrome-extension://ihaelfjohnpciodjianpgchimpgifgjk/js/direct.js:324
[    6949ms] [LOG] [direct] Download button injected (player mini) @ chrome-extension://ihaelfjohnpciodjianpgchimpgifgjk/js/direct.js:306
[    6950ms] [LOG] [direct] deduped player to 1 @ chrome-extension://ihaelfjohnpciodjianpgchimpgifgjk/js/direct.js:324
[    6950ms] [LOG] [direct] Download button injected (player mini) @ chrome-extension://ihaelfjohnpciodjianpgchimpgifgjk/js/direct.js:306
[    6951ms] [LOG] [direct] deduped player to 1 @ chrome-extension://ihaelfjohnpciodjianpgchimpgifgjk/js/direct.js:324
[    6951ms] [LOG] [direct] Download button injected (player mini) @ chrome-extension://ihaelfjohnpciodjianpgchimpgifgjk/js/direct.js:306
[    6951ms] [LOG] [direct] deduped player to 1 @ chrome-extension://ihaelfjohnpciodjianpgchimpgifgjk/js/direct.js:324
[    6952ms] [LOG] [direct] Download button injected (player mini) @ chrome-extension://ihaelfjohnpciodjianpgchimpgifgjk/js/direct.js:306
[    6952ms] [LOG] [direct] deduped player to 1 @ chrome-extension://ihaelfjohnpciodjianpgchimpgifgjk/js/direct.js:324
[    6953ms] [LOG] [direct] Download button injected (player mini) @ chrome-extension://ihaelfjohnpciodjianpgchimpgifgjk/js/direct.js:306
[    6953ms] [LOG] [direct] deduped player to 1 @ chrome-extension://ihaelfjohnpciodjianpgchimpgifgjk/js/direct.js:324
[    6954ms] [LOG] [direct] Download button injected (player mini) @ chrome-extension://ihaelfjohnpciodjianpgchimpgifgjk/js/direct.js:306
[    6954ms] [LOG] [direct] deduped player to 1 @ chrome-extension://ihaelfjohnpciodjianpgchimpgifgjk/js/direct.js:324
[    6955ms] [LOG] [direct] Download button injected (player mini) @ chrome-extension://ihaelfjohnpciodjianpgchimpgifgjk/js/direct.js:306
[    6955ms] [LOG] [direct] deduped player to 1 @ chrome-extension://ihaelfjohnpciodjianpgchimpgifgjk/js/direct.js:324
[    6957ms] [LOG] [direct] Download button injected (player mini) @ chrome-extension://ihaelfjohnpciodjianpgchimpgifgjk/js/direct.js:306
[    6957ms] [LOG] [direct] deduped player to 1 @ chrome-extension://ihaelfjohnpciodjianpgchimpgifgjk/js/direct.js:324
[    6958ms] [LOG] [direct] Download button injected (player mini) @ chrome-extension://ihaelfjohnpciodjianpgchimpgifgjk/js/direct.js:306
[    6958ms] [LOG] [direct] deduped player to 1 @ chrome-extension://ihaelfjohnpciodjianpgchimpgifgjk/js/direct.js:324
[    6959ms] [LOG] [direct] Download button injected (player mini) @ chrome-extension://ihaelfjohnpciodjianpgchimpgifgjk/js/direct.js:306
[    6959ms] [LOG] [direct] deduped player to 1 @ chrome-extension://ihaelfjohnpciodjianpgchimpgifgjk/js/direct.js:324
[    6960ms] [LOG] [direct] Download button injected (player mini) @ chrome-extension://ihaelfjohnpciodjianpgchimpgifgjk/js/direct.js:306
[    6961ms] [LOG] [direct] deduped player to 1 @ chrome-extension://ihaelfjohnpciodjianpgchimpgifgjk/js/direct.js:324
[    6961ms] [LOG] [direct] Download button injected (player mini) @ chrome-extension://ihaelfjohnpciodjianpgchimpgifgjk/js/direct.js:306
[    6961ms] [LOG] [direct] deduped player to 1 @ chrome-extension://ihaelfjohnpciodjianpgchimpgifgjk/js/direct.js:324
[    6962ms] [LOG] [direct] Download button injected (player mini) @ chrome-extension://ihaelfjohnpciodjianpgchimpgifgjk/js/direct.js:306
[    6962ms] [LOG] [direct] deduped player to 1 @ chrome-extension://ihaelfjohnpciodjianpgchimpgifgjk/js/direct.js:324
[    6963ms] [LOG] [direct] Download button injected (player mini) @ chrome-extension://ihaelfjohnpciodjianpgchimpgifgjk/js/direct.js:306
[    6963ms] [LOG] [direct] deduped player to 1 @ chrome-extension://ihaelfjohnpciodjianpgchimpgifgjk/js/direct.js:324
[    6964ms] [LOG] [direct] Download button injected (player mini) @ chrome-extension://ihaelfjohnpciodjianpgchimpgifgjk/js/direct.js:306
[    6964ms] [LOG] [direct] deduped player to 1 @ chrome-extension://ihaelfjohnpciodjianpgchimpgifgjk/js/direct.js:324
[    6965ms] [LOG] [direct] Download button injected (player mini) @ chrome-extension://ihaelfjohnpciodjianpgchimpgifgjk/js/direct.js:306
[    6965ms] [LOG] [direct] deduped player to 1 @ chrome-extension://ihaelfjohnpciodjianpgchimpgifgjk/js/direct.js:324
[    6966ms] [LOG] [direct] Download button injected (player mini) @ chrome-extension://ihaelfjohnpciodjianpgchimpgifgjk/js/direct.js:306
[    6967ms] [LOG] [direct] deduped player to 1 @ chrome-extension://ihaelfjohnpciodjianpgchimpgifgjk/js/direct.js:324
[    6967ms] [LOG] [direct] Download button injected (player mini) @ chrome-extension://ihaelfjohnpciodjianpgchimpgifgjk/js/direct.js:306
[    6967ms] [LOG] [direct] deduped player to 1 @ chrome-extension://ihaelfjohnpciodjianpgchimpgifgjk/js/direct.js:324
[    6968ms] [LOG] [direct] Download button injected (player mini) @ chrome-extension://ihaelfjohnpciodjianpgchimpgifgjk/js/direct.js:306
[    6968ms] [LOG] [direct] deduped player to 1 @ chrome-extension://ihaelfjohnpciodjianpgchimpgifgjk/js/direct.js:324
[    6968ms] [LOG] [direct] Download button injected (player mini) @ chrome-extension://ihaelfjohnpciodjianpgchimpgifgjk/js/direct.js:306
[    6969ms] [LOG] [direct] deduped player to 1 @ chrome-extension://ihaelfjohnpciodjianpgchimpgifgjk/js/direct.js:324
[    6969ms] [LOG] [direct] Download button injected (player mini) @ chrome-extension://ihaelfjohnpciodjianpgchimpgifgjk/js/direct.js:306
[    6969ms] [LOG] [direct] deduped player to 1 @ chrome-extension://ihaelfjohnpciodjianpgchimpgifgjk/js/direct.js:324
[    6970ms] [LOG] [direct] Download button injected (player mini) @ chrome-extension://ihaelfjohnpciodjianpgchimpgifgjk/js/direct.js:306
[    6970ms] [LOG] [direct] deduped player to 1 @ chrome-extension://ihaelfjohnpciodjianpgchimpgifgjk/js/direct.js:324
[    6971ms] [LOG] [direct] Download button injected (player mini) @ chrome-extension://ihaelfjohnpciodjianpgchimpgifgjk/js/direct.js:306
[    6971ms] [LOG] [direct] deduped player to 1 @ chrome-extension://ihaelfjohnpciodjianpgchimpgifgjk/js/direct.js:324
[    6972ms] [LOG] [direct] Download button injected (player mini) @ chrome-extension://ihaelfjohnpciodjianpgchimpgifgjk/js/direct.js:306
[    6972ms] [LOG] [direct] deduped player to 1 @ chrome-extension://ihaelfjohnpciodjianpgchimpgifgjk/js/direct.js:324
[    6973ms] [LOG] [direct] Download button injected (player mini) @ chrome-extension://ihaelfjohnpciodjianpgchimpgifgjk/js/direct.js:306
[    6973ms] [LOG] [direct] deduped player to 1 @ chrome-extension://ihaelfjohnpciodjianpgchimpgifgjk/js/direct.js:324
[    6974ms] [LOG] [direct] Download button injected (player mini) @ chrome-extension://ihaelfjohnpciodjianpgchimpgifgjk/js/direct.js:306
[    6974ms] [LOG] [direct] deduped player to 1 @ chrome-extension://ihaelfjohnpciodjianpgchimpgifgjk/js/direct.js:324
[    6976ms] [LOG] [direct] Download button injected (player mini) @ chrome-extension://ihaelfjohnpciodjianpgchimpgifgjk/js/direct.js:306
[    6976ms] [LOG] [direct] deduped player to 1 @ chrome-extension://ihaelfjohnpciodjianpgchimpgifgjk/js/direct.js:324
[    6977ms] [LOG] [direct] Download button injected (player mini) @ chrome-extension://ihaelfjohnpciodjianpgchimpgifgjk/js/direct.js:306
[    6978ms] [LOG] [direct] deduped player to 1 @ chrome-extension://ihaelfjohnpciodjianpgchimpgifgjk/js/direct.js:324
[    6979ms] [LOG] [direct] Download button injected (player mini) @ chrome-extension://ihaelfjohnpciodjianpgchimpgifgjk/js/direct.js:306
[    6979ms] [LOG] [direct] deduped player to 1 @ chrome-extension://ihaelfjohnpciodjianpgchimpgifgjk/js/direct.js:324
[    6980ms] [LOG] [direct] Download button injected (player mini) @ chrome-extension://ihaelfjohnpciodjianpgchimpgifgjk/js/direct.js:306
[    6980ms] [LOG] [direct] deduped player to 1 @ chrome-extension://ihaelfjohnpciodjianpgchimpgifgjk/js/direct.js:324
[    6981ms] [LOG] [direct] Download button injected (player mini) @ chrome-extension://ihaelfjohnpciodjianpgchimpgifgjk/js/direct.js:306
[    6981ms] [LOG] [direct] deduped player to 1 @ chrome-extension://ihaelfjohnpciodjianpgchimpgifgjk/js/direct.js:324
[    6982ms] [LOG] [direct] Download button injected (player mini) @ chrome-extension://ihaelfjohnpciodjianpgchimpgifgjk/js/direct.js:306
[    6983ms] [LOG] [direct] deduped player to 1 @ chrome-extension://ihaelfjohnpciodjianpgchimpgifgjk/js/direct.js:324
[    6983ms] [LOG] [direct] Download button injected (player mini) @ chrome-extension://ihaelfjohnpciodjianpgchimpgifgjk/js/direct.js:306
[    6984ms] [LOG] [direct] deduped player to 1 @ chrome-extension://ihaelfjohnpciodjianpgchimpgifgjk/js/direct.js:324
[    6984ms] [LOG] [direct] Download button injected (player mini) @ chrome-extension://ihaelfjohnpciodjianpgchimpgifgjk/js/direct.js:306
[    6984ms] [LOG] [direct] deduped player to 1 @ chrome-extension://ihaelfjohnpciodjianpgchimpgifgjk/js/direct.js:324
[    6985ms] [LOG] [direct] Download button injected (player mini) @ chrome-extension://ihaelfjohnpciodjianpgchimpgifgjk/js/direct.js:306
[    6985ms] [LOG] [direct] deduped player to 1 @ chrome-extension://ihaelfjohnpciodjianpgchimpgifgjk/js/direct.js:324
[    6986ms] [LOG] [direct] Download button injected (player mini) @ chrome-extension://ihaelfjohnpciodjianpgchimpgifgjk/js/direct.js:306
[    6986ms] [LOG] [direct] deduped player to 1 @ chrome-extension://ihaelfjohnpciodjianpgchimpgifgjk/js/direct.js:324
[    6987ms] [LOG] [direct] Download button injected (player mini) @ chrome-extension://ihaelfjohnpciodjianpgchimpgifgjk/js/direct.js:306
[    6987ms] [LOG] [direct] deduped player to 1 @ chrome-extension://ihaelfjohnpciodjianpgchimpgifgjk/js/direct.js:324
[    6988ms] [LOG] [direct] Download button injected (player mini) @ chrome-extension://ihaelfjohnpciodjianpgchimpgifgjk/js/direct.js:306
[    6989ms] [LOG] [direct] deduped player to 1 @ chrome-extension://ihaelfjohnpciodjianpgchimpgifgjk/js/direct.js:324
[    6989ms] [LOG] [direct] Download button injected (player mini) @ chrome-extension://ihaelfjohnpciodjianpgchimpgifgjk/js/direct.js:306
[    6990ms] [LOG] [direct] deduped player to 1 @ chrome-extension://ihaelfjohnpciodjianpgchimpgifgjk/js/direct.js:324
[    6990ms] [LOG] [direct] Download button injected (player mini) @ chrome-extension://ihaelfjohnpciodjianpgchimpgifgjk/js/direct.js:306
[    6991ms] [LOG] [direct] deduped player to 1 @ chrome-extension://ihaelfjohnpciodjianpgchimpgifgjk/js/direct.js:324
[    6991ms] [LOG] [direct] Download button injected (player mini) @ chrome-extension://ihaelfjohnpciodjianpgchimpgifgjk/js/direct.js:306
[    6991ms] [LOG] [direct] deduped player to 1 @ chrome-extension://ihaelfjohnpciodjianpgchimpgifgjk/js/direct.js:324
[    6992ms] [LOG] [direct] Download button injected (player mini) @ chrome-extension://ihaelfjohnpciodjianpgchimpgifgjk/js/direct.js:306
[    6992ms] [LOG] [direct] deduped player to 1 @ chrome-extension://ihaelfjohnpciodjianpgchimpgifgjk/js/direct.js:324
[    6993ms] [LOG] [direct] Download button injected (player mini) @ chrome-extension://ihaelfjohnpciodjianpgchimpgifgjk/js/direct.js:306
[    6993ms] [LOG] [direct] deduped player to 1 @ chrome-extension://ihaelfjohnpciodjianpgchimpgifgjk/js/direct.js:324
[    6994ms] [LOG] [direct] Download button injected (player mini) @ chrome-extension://ihaelfjohnpciodjianpgchimpgifgjk/js/direct.js:306
[    6994ms] [LOG] [direct] deduped player to 1 @ chrome-extension://ihaelfjohnpciodjianpgchimpgifgjk/js/direct.js:324
[    6995ms] [LOG] [direct] Download button injected (player mini) @ chrome-extension://ihaelfjohnpciodjianpgchimpgifgjk/js/direct.js:306
[    6995ms] [LOG] [direct] deduped player to 1 @ chrome-extension://ihaelfjohnpciodjianpgchimpgifgjk/js/direct.js:324
[    6996ms] [LOG] [direct] Download button injected (player mini) @ chrome-extension://ihaelfjohnpciodjianpgchimpgifgjk/js/direct.js:306
[    6996ms] [LOG] [direct] deduped player to 1 @ chrome-extension://ihaelfjohnpciodjianpgchimpgifgjk/js/direct.js:324
[    6997ms] [LOG] [direct] Download button injected (player mini) @ chrome-extension://ihaelfjohnpciodjianpgchimpgifgjk/js/direct.js:306
[    6997ms] [LOG] [direct] deduped player to 1 @ chrome-extension://ihaelfjohnpciodjianpgchimpgifgjk/js/direct.js:324
[    6998ms] [LOG] [direct] Download button injected (player mini) @ chrome-extension://ihaelfjohnpciodjianpgchimpgifgjk/js/direct.js:306
[    6998ms] [LOG] [direct] deduped player to 1 @ chrome-extension://ihaelfjohnpciodjianpgchimpgifgjk/js/direct.js:324
[    6999ms] [LOG] [direct] Download button injected (player mini) @ chrome-extension://ihaelfjohnpciodjianpgchimpgifgjk/js/direct.js:306
[    6999ms] [LOG] [direct] deduped player to 1 @ chrome-extension://ihaelfjohnpciodjianpgchimpgifgjk/js/direct.js:324
[    6999ms] [LOG] [direct] Download button injected (player mini) @ chrome-extension://ihaelfjohnpciodjianpgchimpgifgjk/js/direct.js:306
[    7000ms] [LOG] [direct] deduped player to 1 @ chrome-extension://ihaelfjohnpciodjianpgchimpgifgjk/js/direct.js:324
[    7000ms] [LOG] [direct] Download button injected (player mini) @ chrome-extension://ihaelfjohnpciodjianpgchimpgifgjk/js/direct.js:306
[    7001ms] [LOG] [direct] deduped player to 1 @ chrome-extension://ihaelfjohnpciodjianpgchimpgifgjk/js/direct.js:324
[    7001ms] [LOG] [direct] Download button injected (player mini) @ chrome-extension://ihaelfjohnpciodjianpgchimpgifgjk/js/direct.js:306
[    7001ms] [LOG] [direct] deduped player to 1 @ chrome-extension://ihaelfjohnpciodjianpgchimpgifgjk/js/direct.js:324
[    7004ms] [LOG] [direct] Download button injected (player mini) @ chrome-extension://ihaelfjohnpciodjianpgchimpgifgjk/js/direct.js:306
[    7004ms] [LOG] [direct] deduped player to 1 @ chrome-extension://ihaelfjohnpciodjianpgchimpgifgjk/js/direct.js:324
[    7005ms] [LOG] [direct] Download button injected (player mini) @ chrome-extension://ihaelfjohnpciodjianpgchimpgifgjk/js/direct.js:306
[    7006ms] [LOG] [direct] deduped player to 1 @ chrome-extension://ihaelfjohnpciodjianpgchimpgifgjk/js/direct.js:324
[    7006ms] [LOG] [direct] Download button injected (player mini) @ chrome-extension://ihaelfjohnpciodjianpgchimpgifgjk/js/direct.js:306
[    7007ms] [LOG] [direct] deduped player to 1 @ chrome-extension://ihaelfjohnpciodjianpgchimpgifgjk/js/direct.js:324
[    7007ms] [LOG] [direct] Download button injected (player mini) @ chrome-extension://ihaelfjohnpciodjianpgchimpgifgjk/js/direct.js:306
[    7008ms] [LOG] [direct] deduped player to 1 @ chrome-extension://ihaelfjohnpciodjianpgchimpgifgjk/js/direct.js:324
[    7008ms] [LOG] [direct] Download button injected (player mini) @ chrome-extension://ihaelfjohnpciodjianpgchimpgifgjk/js/direct.js:306
[    7009ms] [LOG] [direct] deduped player to 1 @ chrome-extension://ihaelfjohnpciodjianpgchimpgifgjk/js/direct.js:324
[    7010ms] [LOG] [direct] Download button injected (player mini) @ chrome-extension://ihaelfjohnpciodjianpgchimpgifgjk/js/direct.js:306
[    7010ms] [LOG] [direct] deduped player to 1 @ chrome-extension://ihaelfjohnpciodjianpgchimpgifgjk/js/direct.js:324
[    7011ms] [LOG] [direct] Download button injected (player mini) @ chrome-extension://ihaelfjohnpciodjianpgchimpgifgjk/js/direct.js:306
[    7011ms] [LOG] [direct] deduped player to 1 @ chrome-extension://ihaelfjohnpciodjianpgchimpgifgjk/js/direct.js:324
[    7011ms] [LOG] [direct] Download button injected (player mini) @ chrome-extension://ihaelfjohnpciodjianpgchimpgifgjk/js/direct.js:306
[    7012ms] [LOG] [direct] deduped player to 1 @ chrome-extension://ihaelfjohnpciodjianpgchimpgifgjk/js/direct.js:324
[    7013ms] [LOG] [direct] Download button injected (player mini) @ chrome-extension://ihaelfjohnpciodjianpgchimpgifgjk/js/direct.js:306
[    7013ms] [LOG] [direct] deduped player to 1 @ chrome-extension://ihaelfjohnpciodjianpgchimpgifgjk/js/direct.js:324
[    7014ms] [LOG] [direct] Download button injected (player mini) @ chrome-extension://ihaelfjohnpciodjianpgchimpgifgjk/js/direct.js:306
[    7014ms] [LOG] [direct] deduped player to 1 @ chrome-extension://ihaelfjohnpciodjianpgchimpgifgjk/js/direct.js:324
[    7015ms] [LOG] [direct] Download button injected (player mini) @ chrome-extension://ihaelfjohnpciodjianpgchimpgifgjk/js/direct.js:306
[    7015ms] [LOG] [direct] deduped player to 1 @ chrome-extension://ihaelfjohnpciodjianpgchimpgifgjk/js/direct.js:324
[    7016ms] [LOG] [direct] Download button injected (player mini) @ chrome-extension://ihaelfjohnpciodjianpgchimpgifgjk/js/direct.js:306
[    7016ms] [LOG] [direct] deduped player to 1 @ chrome-extension://ihaelfjohnpciodjianpgchimpgifgjk/js/direct.js:324
[    7017ms] [LOG] [direct] Download button injected (player mini) @ chrome-extension://ihaelfjohnpciodjianpgchimpgifgjk/js/direct.js:306
[    7017ms] [LOG] [direct] deduped player to 1 @ chrome-extension://ihaelfjohnpciodjianpgchimpgifgjk/js/direct.js:324
[    7018ms] [LOG] [direct] Download button injected (player mini) @ chrome-extension://ihaelfjohnpciodjianpgchimpgifgjk/js/direct.js:306
[    7018ms] [LOG] [direct] deduped player to 1 @ chrome-extension://ihaelfjohnpciodjianpgchimpgifgjk/js/direct.js:324
[    7019ms] [LOG] [direct] Download button injected (player mini) @ chrome-extension://ihaelfjohnpciodjianpgchimpgifgjk/js/direct.js:306
[    7019ms] [LOG] [direct] deduped player to 1 @ chrome-extension://ihaelfjohnpciodjianpgchimpgifgjk/js/direct.js:324
[    7020ms] [LOG] [direct] Download button injected (player mini) @ chrome-extension://ihaelfjohnpciodjianpgchimpgifgjk/js/direct.js:306
[    7020ms] [LOG] [direct] deduped player to 1 @ chrome-extension://ihaelfjohnpciodjianpgchimpgifgjk/js/direct.js:324
[    7021ms] [LOG] [direct] Download button injected (player mini) @ chrome-extension://ihaelfjohnpciodjianpgchimpgifgjk/js/direct.js:306
[    7021ms] [LOG] [direct] deduped player to 1 @ chrome-extension://ihaelfjohnpciodjianpgchimpgifgjk/js/direct.js:324
[    7022ms] [LOG] [direct] Download button injected (player mini) @ chrome-extension://ihaelfjohnpciodjianpgchimpgifgjk/js/direct.js:306
[    7022ms] [LOG] [direct] deduped player to 1 @ chrome-extension://ihaelfjohnpciodjianpgchimpgifgjk/js/direct.js:324
[    7023ms] [LOG] [direct] Download button injected (player mini) @ chrome-extension://ihaelfjohnpciodjianpgchimpgifgjk/js/direct.js:306
[    7023ms] [LOG] [direct] deduped player to 1 @ chrome-extension://ihaelfjohnpciodjianpgchimpgifgjk/js/direct.js:324
[    7024ms] [LOG] [direct] Download button injected (player mini) @ chrome-extension://ihaelfjohnpciodjianpgchimpgifgjk/js/direct.js:306
[    7024ms] [LOG] [direct] deduped player to 1 @ chrome-extension://ihaelfjohnpciodjianpgchimpgifgjk/js/direct.js:324
[    7025ms] [LOG] [direct] Download button injected (player mini) @ chrome-extension://ihaelfjohnpciodjianpgchimpgifgjk/js/direct.js:306
[    7025ms] [LOG] [direct] deduped player to 1 @ chrome-extension://ihaelfjohnpciodjianpgchimpgifgjk/js/direct.js:324
[    7026ms] [LOG] [direct] Download button injected (player mini) @ chrome-extension://ihaelfjohnpciodjianpgchimpgifgjk/js/direct.js:306
[    7027ms] [LOG] [direct] deduped player to 1 @ chrome-extension://ihaelfjohnpciodjianpgchimpgifgjk/js/direct.js:324
[    7028ms] [LOG] [direct] Download button injected (player mini) @ chrome-extension://ihaelfjohnpciodjianpgchimpgifgjk/js/direct.js:306
[    7028ms] [LOG] [direct] deduped player to 1 @ chrome-extension://ihaelfjohnpciodjianpgchimpgifgjk/js/direct.js:324
[    7029ms] [LOG] [direct] Download button injected (player mini) @ chrome-extension://ihaelfjohnpciodjianpgchimpgifgjk/js/direct.js:306
[    7029ms] [LOG] [direct] deduped player to 1 @ chrome-extension://ihaelfjohnpciodjianpgchimpgifgjk/js/direct.js:324
[    7030ms] [LOG] [direct] Download button injected (player mini) @ chrome-extension://ihaelfjohnpciodjianpgchimpgifgjk/js/direct.js:306
[    7030ms] [LOG] [direct] deduped player to 1 @ chrome-extension://ihaelfjohnpciodjianpgchimpgifgjk/js/direct.js:324
[    7031ms] [LOG] [direct] Download button injected (player mini) @ chrome-extension://ihaelfjohnpciodjianpgchimpgifgjk/js/direct.js:306
[    7032ms] [LOG] [direct] deduped player to 1 @ chrome-extension://ihaelfjohnpciodjianpgchimpgifgjk/js/direct.js:324
[    7032ms] [LOG] [direct] Download button injected (player mini) @ chrome-extension://ihaelfjohnpciodjianpgchimpgifgjk/js/direct.js:306
[    7033ms] [LOG] [direct] deduped player to 1 @ chrome-extension://ihaelfjohnpciodjianpgchimpgifgjk/js/direct.js:324
[    7034ms] [LOG] [direct] Download button injected (player mini) @ chrome-extension://ihaelfjohnpciodjianpgchimpgifgjk/js/direct.js:306
[    7034ms] [LOG] [direct] deduped player to 1 @ chrome-extension://ihaelfjohnpciodjianpgchimpgifgjk/js/direct.js:324
[    7034ms] [LOG] [direct] Download button injected (player mini) @ chrome-extension://ihaelfjohnpciodjianpgchimpgifgjk/js/direct.js:306
[    7035ms] [LOG] [direct] deduped player to 1 @ chrome-extension://ihaelfjohnpciodjianpgchimpgifgjk/js/direct.js:324
[    7035ms] [LOG] [direct] Download button injected (player mini) @ chrome-extension://ihaelfjohnpciodjianpgchimpgifgjk/js/direct.js:306
[    7036ms] [LOG] [direct] deduped player to 1 @ chrome-extension://ihaelfjohnpciodjianpgchimpgifgjk/js/direct.js:324
[    7036ms] [LOG] [direct] Download button injected (player mini) @ chrome-extension://ihaelfjohnpciodjianpgchimpgifgjk/js/direct.js:306
[    7037ms] [LOG] [direct] deduped player to 1 @ chrome-extension://ihaelfjohnpciodjianpgchimpgifgjk/js/direct.js:324
[    7037ms] [LOG] [direct] Download button injected (player mini) @ chrome-extension://ihaelfjohnpciodjianpgchimpgifgjk/js/direct.js:306
[    7038ms] [LOG] [direct] deduped player to 1 @ chrome-extension://ihaelfjohnpciodjianpgchimpgifgjk/js/direct.js:324
[    7038ms] [LOG] [direct] Download button injected (player mini) @ chrome-extension://ihaelfjohnpciodjianpgchimpgifgjk/js/direct.js:306
[    7039ms] [LOG] [direct] deduped player to 1 @ chrome-extension://ihaelfjohnpciodjianpgchimpgifgjk/js/direct.js:324
[    7039ms] [LOG] [direct] Download button injected (player mini) @ chrome-extension://ihaelfjohnpciodjianpgchimpgifgjk/js/direct.js:306
[    7040ms] [LOG] [direct] deduped player to 1 @ chrome-extension://ihaelfjohnpciodjianpgchimpgifgjk/js/direct.js:324
[    7041ms] [LOG] [direct] Download button injected (player mini) @ chrome-extension://ihaelfjohnpciodjianpgchimpgifgjk/js/direct.js:306
[    7042ms] [LOG] [direct] deduped player to 1 @ chrome-extension://ihaelfjohnpciodjianpgchimpgifgjk/js/direct.js:324
[    7043ms] [LOG] [direct] Download button injected (player mini) @ chrome-extension://ihaelfjohnpciodjianpgchimpgifgjk/js/direct.js:306
[    7043ms] [LOG] [direct] deduped player to 1 @ chrome-extension://ihaelfjohnpciodjianpgchimpgifgjk/js/direct.js:324
[    7044ms] [LOG] [direct] Download button injected (player mini) @ chrome-extension://ihaelfjohnpciodjianpgchimpgifgjk/js/direct.js:306
[    7045ms] [LOG] [direct] deduped player to 1 @ chrome-extension://ihaelfjohnpciodjianpgchimpgifgjk/js/direct.js:324
[    7046ms] [LOG] [direct] Download button injected (player mini) @ chrome-extension://ihaelfjohnpciodjianpgchimpgifgjk/js/direct.js:306
[    7046ms] [LOG] [direct] deduped player to 1 @ chrome-extension://ihaelfjohnpciodjianpgchimpgifgjk/js/direct.js:324
[    7048ms] [LOG] [direct] Download button injected (player mini) @ chrome-extension://ihaelfjohnpciodjianpgchimpgifgjk/js/direct.js:306
[    7048ms] [LOG] [direct] deduped player to 1 @ chrome-extension://ihaelfjohnpciodjianpgchimpgifgjk/js/direct.js:324
[    7049ms] [LOG] [direct] Download button injected (player mini) @ chrome-extension://ihaelfjohnpciodjianpgchimpgifgjk/js/direct.js:306
[    7049ms] [LOG] [direct] deduped player to 1 @ chrome-extension://ihaelfjohnpciodjianpgchimpgifgjk/js/direct.js:324
[    7050ms] [LOG] [direct] Download button injected (player mini) @ chrome-extension://ihaelfjohnpciodjianpgchimpgifgjk/js/direct.js:306
[    7051ms] [LOG] [direct] deduped player to 1 @ chrome-extension://ihaelfjohnpciodjianpgchimpgifgjk/js/direct.js:324
[    7052ms] [LOG] [direct] Download button injected (player mini) @ chrome-extension://ihaelfjohnpciodjianpgchimpgifgjk/js/direct.js:306
[    7052ms] [LOG] [direct] deduped player to 1 @ chrome-extension://ihaelfjohnpciodjianpgchimpgifgjk/js/direct.js:324
[    7053ms] [LOG] [direct] Download button injected (player mini) @ chrome-extension://ihaelfjohnpciodjianpgchimpgifgjk/js/direct.js:306
[    7054ms] [LOG] [direct] deduped player to 1 @ chrome-extension://ihaelfjohnpciodjianpgchimpgifgjk/js/direct.js:324
[    7056ms] [LOG] [direct] Download button injected (player mini) @ chrome-extension://ihaelfjohnpciodjianpgchimpgifgjk/js/direct.js:306
[    7056ms] [LOG] [direct] deduped player to 1 @ chrome-extension://ihaelfjohnpciodjianpgchimpgifgjk/js/direct.js:324
[    7057ms] [LOG] [direct] Download button injected (player mini) @ chrome-extension://ihaelfjohnpciodjianpgchimpgifgjk/js/direct.js:306
[    7058ms] [LOG] [direct] deduped player to 1 @ chrome-extension://ihaelfjohnpciodjianpgchimpgifgjk/js/direct.js:324
[    7059ms] [LOG] [direct] Download button injected (player mini) @ chrome-extension://ihaelfjohnpciodjianpgchimpgifgjk/js/direct.js:306
[    7060ms] [LOG] [direct] deduped player to 1 @ chrome-extension://ihaelfjohnpciodjianpgchimpgifgjk/js/direct.js:324
[    7061ms] [LOG] [direct] Download button injected (player mini) @ chrome-extension://ihaelfjohnpciodjianpgchimpgifgjk/js/direct.js:306
[    7061ms] [LOG] [direct] deduped player to 1 @ chrome-extension://ihaelfjohnpciodjianpgchimpgifgjk/js/direct.js:324
[    7062ms] [LOG] [direct] Download button injected (player mini) @ chrome-extension://ihaelfjohnpciodjianpgchimpgifgjk/js/direct.js:306
[    7063ms] [LOG] [direct] deduped player to 1 @ chrome-extension://ihaelfjohnpciodjianpgchimpgifgjk/js/direct.js:324
[    7064ms] [LOG] [direct] Download button injected (player mini) @ chrome-extension://ihaelfjohnpciodjianpgchimpgifgjk/js/direct.js:306
[    7065ms] [LOG] [direct] deduped player to 1 @ chrome-extension://ihaelfjohnpciodjianpgchimpgifgjk/js/direct.js:324
[    7066ms] [LOG] [direct] Download button injected (player mini) @ chrome-extension://ihaelfjohnpciodjianpgchimpgifgjk/js/direct.js:306
[    7067ms] [LOG] [direct] deduped player to 1 @ chrome-extension://ihaelfjohnpciodjianpgchimpgifgjk/js/direct.js:324
[    7068ms] [LOG] [direct] Download button injected (player mini) @ chrome-extension://ihaelfjohnpciodjianpgchimpgifgjk/js/direct.js:306
[    7068ms] [LOG] [direct] deduped player to 1 @ chrome-extension://ihaelfjohnpciodjianpgchimpgifgjk/js/direct.js:324
[    7069ms] [LOG] [direct] Download button injected (player mini) @ chrome-extension://ihaelfjohnpciodjianpgchimpgifgjk/js/direct.js:306
[    7069ms] [LOG] [direct] deduped player to 1 @ chrome-extension://ihaelfjohnpciodjianpgchimpgifgjk/js/direct.js:324
[    7071ms] [LOG] [direct] Download button injected (player mini) @ chrome-extension://ihaelfjohnpciodjianpgchimpgifgjk/js/direct.js:306
[    7071ms] [LOG] [direct] deduped player to 1 @ chrome-extension://ihaelfjohnpciodjianpgchimpgifgjk/js/direct.js:324
[    7072ms] [LOG] [direct] Download button injected (player mini) @ chrome-extension://ihaelfjohnpciodjianpgchimpgifgjk/js/direct.js:306
[    7073ms] [LOG] [direct] deduped player to 1 @ chrome-extension://ihaelfjohnpciodjianpgchimpgifgjk/js/direct.js:324
[    7074ms] [LOG] [direct] Download button injected (player mini) @ chrome-extension://ihaelfjohnpciodjianpgchimpgifgjk/js/direct.js:306
[    7074ms] [LOG] [direct] deduped player to 1 @ chrome-extension://ihaelfjohnpciodjianpgchimpgifgjk/js/direct.js:324
[    7076ms] [LOG] [direct] Download button injected (player mini) @ chrome-extension://ihaelfjohnpciodjianpgchimpgifgjk/js/direct.js:306
[    7077ms] [LOG] [direct] deduped player to 1 @ chrome-extension://ihaelfjohnpciodjianpgchimpgifgjk/js/direct.js:324
[    7079ms] [LOG] [direct] Download button injected (player mini) @ chrome-extension://ihaelfjohnpciodjianpgchimpgifgjk/js/direct.js:306
[    7079ms] [LOG] [direct] deduped player to 1 @ chrome-extension://ihaelfjohnpciodjianpgchimpgifgjk/js/direct.js:324
[    7080ms] [LOG] [direct] Download button injected (player mini) @ chrome-extension://ihaelfjohnpciodjianpgchimpgifgjk/js/direct.js:306
[    7081ms] [LOG] [direct] deduped player to 1 @ chrome-extension://ihaelfjohnpciodjianpgchimpgifgjk/js/direct.js:324
[    7082ms] [LOG] [direct] Download button injected (player mini) @ chrome-extension://ihaelfjohnpciodjianpgchimpgifgjk/js/direct.js:306
[    7082ms] [LOG] [direct] deduped player to 1 @ chrome-extension://ihaelfjohnpciodjianpgchimpgifgjk/js/direct.js:324
[    7084ms] [LOG] [direct] Download button injected (player mini) @ chrome-extension://ihaelfjohnpciodjianpgchimpgifgjk/js/direct.js:306
[    7084ms] [LOG] [direct] deduped player to 1 @ chrome-extension://ihaelfjohnpciodjianpgchimpgifgjk/js/direct.js:324
[    7085ms] [LOG] [direct] Download button injected (player mini) @ chrome-extension://ihaelfjohnpciodjianpgchimpgifgjk/js/direct.js:306
[    7085ms] [LOG] [direct] deduped player to 1 @ chrome-extension://ihaelfjohnpciodjianpgchimpgifgjk/js/direct.js:324
[    7087ms] [LOG] [direct] Download button injected (player mini) @ chrome-extension://ihaelfjohnpciodjianpgchimpgifgjk/js/direct.js:306
[    7087ms] [LOG] [direct] deduped player to 1 @ chrome-extension://ihaelfjohnpciodjianpgchimpgifgjk/js/direct.js:324
[    7088ms] [LOG] [direct] Download button injected (player mini) @ chrome-extension://ihaelfjohnpciodjianpgchimpgifgjk/js/direct.js:306
[    7088ms] [LOG] [direct] deduped player to 1 @ chrome-extension://ihaelfjohnpciodjianpgchimpgifgjk/js/direct.js:324
[    7089ms] [LOG] [direct] Download button injected (player mini) @ chrome-extension://ihaelfjohnpciodjianpgchimpgifgjk/js/direct.js:306
[    7090ms] [LOG] [direct] deduped player to 1 @ chrome-extension://ihaelfjohnpciodjianpgchimpgifgjk/js/direct.js:324
[    7091ms] [LOG] [direct] Download button injected (player mini) @ chrome-extension://ihaelfjohnpciodjianpgchimpgifgjk/js/direct.js:306
[    7091ms] [LOG] [direct] deduped player to 1 @ chrome-extension://ihaelfjohnpciodjianpgchimpgifgjk/js/direct.js:324
[    7093ms] [LOG] [direct] Download button injected (player mini) @ chrome-extension://ihaelfjohnpciodjianpgchimpgifgjk/js/direct.js:306
[    7093ms] [LOG] [direct] deduped player to 1 @ chrome-extension://ihaelfjohnpciodjianpgchimpgifgjk/js/direct.js:324
[    7094ms] [LOG] [direct] Download button injected (player mini) @ chrome-extension://ihaelfjohnpciodjianpgchimpgifgjk/js/direct.js:306
[    7095ms] [LOG] [direct] deduped player to 1 @ chrome-extension://ihaelfjohnpciodjianpgchimpgifgjk/js/direct.js:324
[    7096ms] [LOG] [direct] Download button injected (player mini) @ chrome-extension://ihaelfjohnpciodjianpgchimpgifgjk/js/direct.js:306
[    7096ms] [LOG] [direct] deduped player to 1 @ chrome-extension://ihaelfjohnpciodjianpgchimpgifgjk/js/direct.js:324
[    7097ms] [LOG] [direct] Download button injected (player mini) @ chrome-extension://ihaelfjohnpciodjianpgchimpgifgjk/js/direct.js:306
[    7098ms] [LOG] [direct] deduped player to 1 @ chrome-extension://ihaelfjohnpciodjianpgchimpgifgjk/js/direct.js:324
[    7099ms] [LOG] [direct] Download button injected (player mini) @ chrome-extension://ihaelfjohnpciodjianpgchimpgifgjk/js/direct.js:306
[    7099ms] [LOG] [direct] deduped player to 1 @ chrome-extension://ihaelfjohnpciodjianpgchimpgifgjk/js/direct.js:324
[    7101ms] [LOG] [direct] Download button injected (player mini) @ chrome-extension://ihaelfjohnpciodjianpgchimpgifgjk/js/direct.js:306
[    7101ms] [LOG] [direct] deduped player to 1 @ chrome-extension://ihaelfjohnpciodjianpgchimpgifgjk/js/direct.js:324
[    7102ms] [LOG] [direct] Download button injected (player mini) @ chrome-extension://ihaelfjohnpciodjianpgchimpgifgjk/js/direct.js:306
[    7102ms] [LOG] [direct] deduped player to 1 @ chrome-extension://ihaelfjohnpciodjianpgchimpgifgjk/js/direct.js:324
[    7103ms] [LOG] [direct] Download button injected (player mini) @ chrome-extension://ihaelfjohnpciodjianpgchimpgifgjk/js/direct.js:306
[    7103ms] [LOG] [direct] deduped player to 1 @ chrome-extension://ihaelfjohnpciodjianpgchimpgifgjk/js/direct.js:324
[    7105ms] [LOG] [direct] Download button injected (player mini) @ chrome-extension://ihaelfjohnpciodjianpgchimpgifgjk/js/direct.js:306
[    7105ms] [LOG] [direct] deduped player to 1 @ chrome-extension://ihaelfjohnpciodjianpgchimpgifgjk/js/direct.js:324
[    7106ms] [LOG] [direct] Download button injected (player mini) @ chrome-extension://ihaelfjohnpciodjianpgchimpgifgjk/js/direct.js:306
[    7106ms] [LOG] [direct] deduped player to 1 @ chrome-extension://ihaelfjohnpciodjianpgchimpgifgjk/js/direct.js:324
[    7107ms] [LOG] [direct] Download button injected (player mini) @ chrome-extension://ihaelfjohnpciodjianpgchimpgifgjk/js/direct.js:306
[    7108ms] [LOG] [direct] deduped player to 1 @ chrome-extension://ihaelfjohnpciodjianpgchimpgifgjk/js/direct.js:324
[    7110ms] [LOG] [direct] Download button injected (player mini) @ chrome-extension://ihaelfjohnpciodjianpgchimpgifgjk/js/direct.js:306
[    7110ms] [LOG] [direct] deduped player to 1 @ chrome-extension://ihaelfjohnpciodjianpgchimpgifgjk/js/direct.js:324
[    7111ms] [LOG] [direct] Download button injected (player mini) @ chrome-extension://ihaelfjohnpciodjianpgchimpgifgjk/js/direct.js:306
[    7112ms] [LOG] [direct] deduped player to 1 @ chrome-extension://ihaelfjohnpciodjianpgchimpgifgjk/js/direct.js:324
[    7113ms] [LOG] [direct] Download button injected (player mini) @ chrome-extension://ihaelfjohnpciodjianpgchimpgifgjk/js/direct.js:306
[    7113ms] [LOG] [direct] deduped player to 1 @ chrome-extension://ihaelfjohnpciodjianpgchimpgifgjk/js/direct.js:324
[    7115ms] [LOG] [direct] Download button injected (player mini) @ chrome-extension://ihaelfjohnpciodjianpgchimpgifgjk/js/direct.js:306
[    7115ms] [LOG] [direct] deduped player to 1 @ chrome-extension://ihaelfjohnpciodjianpgchimpgifgjk/js/direct.js:324
[    7117ms] [LOG] [direct] Download button injected (player mini) @ chrome-extension://ihaelfjohnpciodjianpgchimpgifgjk/js/direct.js:306
[    7117ms] [LOG] [direct] deduped player to 1 @ chrome-extension://ihaelfjohnpciodjianpgchimpgifgjk/js/direct.js:324
[    7118ms] [LOG] [direct] Download button injected (player mini) @ chrome-extension://ihaelfjohnpciodjianpgchimpgifgjk/js/direct.js:306
[    7119ms] [LOG] [direct] deduped player to 1 @ chrome-extension://ihaelfjohnpciodjianpgchimpgifgjk/js/direct.js:324
[    7120ms] [LOG] [direct] Download button injected (player mini) @ chrome-extension://ihaelfjohnpciodjianpgchimpgifgjk/js/direct.js:306
[    7120ms] [LOG] [direct] deduped player to 1 @ chrome-extension://ihaelfjohnpciodjianpgchimpgifgjk/js/direct.js:324
[    7122ms] [LOG] [direct] Download button injected (player mini) @ chrome-extension://ihaelfjohnpciodjianpgchimpgifgjk/js/direct.js:306
[    7122ms] [LOG] [direct] deduped player to 1 @ chrome-extension://ihaelfjohnpciodjianpgchimpgifgjk/js/direct.js:324
[    7124ms] [LOG] [direct] Download button injected (player mini) @ chrome-extension://ihaelfjohnpciodjianpgchimpgifgjk/js/direct.js:306
[    7124ms] [LOG] [direct] deduped player to 1 @ chrome-extension://ihaelfjohnpciodjianpgchimpgifgjk/js/direct.js:324
[    7127ms] [LOG] [direct] Download button injected (player mini) @ chrome-extension://ihaelfjohnpciodjianpgchimpgifgjk/js/direct.js:306
[    7127ms] [LOG] [direct] deduped player to 1 @ chrome-extension://ihaelfjohnpciodjianpgchimpgifgjk/js/direct.js:324
[    7130ms] [LOG] [direct] Download button injected (player mini) @ chrome-extension://ihaelfjohnpciodjianpgchimpgifgjk/js/direct.js:306
[    7131ms] [LOG] [direct] deduped player to 1 @ chrome-extension://ihaelfjohnpciodjianpgchimpgifgjk/js/direct.js:324
[    7132ms] [LOG] [direct] Download button injected (player mini) @ chrome-extension://ihaelfjohnpciodjianpgchimpgifgjk/js/direct.js:306
[    7133ms] [LOG] [direct] deduped player to 1 @ chrome-extension://ihaelfjohnpciodjianpgchimpgifgjk/js/direct.js:324
[    7134ms] [LOG] [direct] Download button injected (player mini) @ chrome-extension://ihaelfjohnpciodjianpgchimpgifgjk/js/direct.js:306
[    7134ms] [LOG] [direct] deduped player to 1 @ chrome-extension://ihaelfjohnpciodjianpgchimpgifgjk/js/direct.js:324
[    7135ms] [LOG] [direct] Download button injected (player mini) @ chrome-extension://ihaelfjohnpciodjianpgchimpgifgjk/js/direct.js:306
[    7136ms] [LOG] [direct] deduped player to 1 @ chrome-extension://ihaelfjohnpciodjianpgchimpgifgjk/js/direct.js:324
[    7137ms] [LOG] [direct] Download button injected (player mini) @ chrome-extension://ihaelfjohnpciodjianpgchimpgifgjk/js/direct.js:306
[    7137ms] [LOG] [direct] deduped player to 1 @ chrome-extension://ihaelfjohnpciodjianpgchimpgifgjk/js/direct.js:324
[    7139ms] [LOG] [direct] Download button injected (player mini) @ chrome-extension://ihaelfjohnpciodjianpgchimpgifgjk/js/direct.js:306
[    7140ms] [LOG] [direct] deduped player to 1 @ chrome-extension://ihaelfjohnpciodjianpgchimpgifgjk/js/direct.js:324
[    7142ms] [LOG] [direct] Download button injected (player mini) @ chrome-extension://ihaelfjohnpciodjianpgchimpgifgjk/js/direct.js:306
[    7143ms] [LOG] [direct] deduped player to 1 @ chrome-extension://ihaelfjohnpciodjianpgchimpgifgjk/js/direct.js:324
[    7145ms] [LOG] [direct] Download button injected (player mini) @ chrome-extension://ihaelfjohnpciodjianpgchimpgifgjk/js/direct.js:306
[    7145ms] [LOG] [direct] deduped player to 1 @ chrome-extension://ihaelfjohnpciodjianpgchimpgifgjk/js/direct.js:324
[    7147ms] [LOG] [direct] Download button injected (player mini) @ chrome-extension://ihaelfjohnpciodjianpgchimpgifgjk/js/direct.js:306
[    7147ms] [LOG] [direct] deduped player to 1 @ chrome-extension://ihaelfjohnpciodjianpgchimpgifgjk/js/direct.js:324
[    7148ms] [LOG] [direct] Download button injected (player mini) @ chrome-extension://ihaelfjohnpciodjianpgchimpgifgjk/js/direct.js:306
[    7149ms] [LOG] [direct] deduped player to 1 @ chrome-extension://ihaelfjohnpciodjianpgchimpgifgjk/js/direct.js:324
[    7150ms] [LOG] [direct] Download button injected (player mini) @ chrome-extension://ihaelfjohnpciodjianpgchimpgifgjk/js/direct.js:306
[    7150ms] [LOG] [direct] deduped player to 1 @ chrome-extension://ihaelfjohnpciodjianpgchimpgifgjk/js/direct.js:324
[    7151ms] [LOG] [direct] Download button injected (player mini) @ chrome-extension://ihaelfjohnpciodjianpgchimpgifgjk/js/direct.js:306
[    7152ms] [LOG] [direct] deduped player to 1 @ chrome-extension://ihaelfjohnpciodjianpgchimpgifgjk/js/direct.js:324
[    7152ms] [LOG] [direct] Download button injected (player mini) @ chrome-extension://ihaelfjohnpciodjianpgchimpgifgjk/js/direct.js:306
[    7153ms] [LOG] [direct] deduped player to 1 @ chrome-extension://ihaelfjohnpciodjianpgchimpgifgjk/js/direct.js:324
[    7154ms] [LOG] [direct] Download button injected (player mini) @ chrome-extension://ihaelfjohnpciodjianpgchimpgifgjk/js/direct.js:306
[    7155ms] [LOG] [direct] deduped player to 1 @ chrome-extension://ihaelfjohnpciodjianpgchimpgifgjk/js/direct.js:324
[    7156ms] [LOG] [direct] Download button injected (player mini) @ chrome-extension://ihaelfjohnpciodjianpgchimpgifgjk/js/direct.js:306
[    7157ms] [LOG] [direct] deduped player to 1 @ chrome-extension://ihaelfjohnpciodjianpgchimpgifgjk/js/direct.js:324
[    7158ms] [LOG] [direct] Download button injected (player mini) @ chrome-extension://ihaelfjohnpciodjianpgchimpgifgjk/js/direct.js:306
[    7158ms] [LOG] [direct] deduped player to 1 @ chrome-extension://ihaelfjohnpciodjianpgchimpgifgjk/js/direct.js:324
[    7160ms] [LOG] [direct] Download button injected (player mini) @ chrome-extension://ihaelfjohnpciodjianpgchimpgifgjk/js/direct.js:306
[    7160ms] [LOG] [direct] deduped player to 1 @ chrome-extension://ihaelfjohnpciodjianpgchimpgifgjk/js/direct.js:324
[    7161ms] [LOG] [direct] Download button injected (player mini) @ chrome-extension://ihaelfjohnpciodjianpgchimpgifgjk/js/direct.js:306
[    7162ms] [LOG] [direct] deduped player to 1 @ chrome-extension://ihaelfjohnpciodjianpgchimpgifgjk/js/direct.js:324
[    7163ms] [LOG] [direct] Download button injected (player mini) @ chrome-extension://ihaelfjohnpciodjianpgchimpgifgjk/js/direct.js:306
[    7164ms] [LOG] [direct] deduped player to 1 @ chrome-extension://ihaelfjohnpciodjianpgchimpgifgjk/js/direct.js:324
[    7165ms] [LOG] [direct] Download button injected (player mini) @ chrome-extension://ihaelfjohnpciodjianpgchimpgifgjk/js/direct.js:306
[    7166ms] [LOG] [direct] deduped player to 1 @ chrome-extension://ihaelfjohnpciodjianpgchimpgifgjk/js/direct.js:324
[    7167ms] [LOG] [direct] Download button injected (player mini) @ chrome-extension://ihaelfjohnpciodjianpgchimpgifgjk/js/direct.js:306
[    7167ms] [LOG] [direct] deduped player to 1 @ chrome-extension://ihaelfjohnpciodjianpgchimpgifgjk/js/direct.js:324
[    7168ms] [LOG] [direct] Download button injected (player mini) @ chrome-extension://ihaelfjohnpciodjianpgchimpgifgjk/js/direct.js:306
[    7169ms] [LOG] [direct] deduped player to 1 @ chrome-extension://ihaelfjohnpciodjianpgchimpgifgjk/js/direct.js:324
[    7170ms] [LOG] [direct] Download button injected (player mini) @ chrome-extension://ihaelfjohnpciodjianpgchimpgifgjk/js/direct.js:306
[    7171ms] [LOG] [direct] deduped player to 1 @ chrome-extension://ihaelfjohnpciodjianpgchimpgifgjk/js/direct.js:324
[    7172ms] [LOG] [direct] Download button injected (player mini) @ chrome-extension://ihaelfjohnpciodjianpgchimpgifgjk/js/direct.js:306
[    7173ms] [LOG] [direct] deduped player to 1 @ chrome-extension://ihaelfjohnpciodjianpgchimpgifgjk/js/direct.js:324
[    7174ms] [LOG] [direct] Download button injected (player mini) @ chrome-extension://ihaelfjohnpciodjianpgchimpgifgjk/js/direct.js:306
[    7174ms] [LOG] [direct] deduped player to 1 @ chrome-extension://ihaelfjohnpciodjianpgchimpgifgjk/js/direct.js:324
[    7176ms] [LOG] [direct] Download button injected (player mini) @ chrome-extension://ihaelfjohnpciodjianpgchimpgifgjk/js/direct.js:306
[    7176ms] [LOG] [direct] deduped player to 1 @ chrome-extension://ihaelfjohnpciodjianpgchimpgifgjk/js/direct.js:324
[    7178ms] [LOG] [direct] Download button injected (player mini) @ chrome-extension://ihaelfjohnpciodjianpgchimpgifgjk/js/direct.js:306
[    7179ms] [LOG] [direct] deduped player to 1 @ chrome-extension://ihaelfjohnpciodjianpgchimpgifgjk/js/direct.js:324
[    7180ms] [LOG] [direct] Download button injected (player mini) @ chrome-extension://ihaelfjohnpciodjianpgchimpgifgjk/js/direct.js:306
[    7180ms] [LOG] [direct] deduped player to 1 @ chrome-extension://ihaelfjohnpciodjianpgchimpgifgjk/js/direct.js:324
[    7181ms] [LOG] [direct] Download button injected (player mini) @ chrome-extension://ihaelfjohnpciodjianpgchimpgifgjk/js/direct.js:306
[    7182ms] [LOG] [direct] deduped player to 1 @ chrome-extension://ihaelfjohnpciodjianpgchimpgifgjk/js/direct.js:324
[    7183ms] [LOG] [direct] Download button injected (player mini) @ chrome-extension://ihaelfjohnpciodjianpgchimpgifgjk/js/direct.js:306
[    7183ms] [LOG] [direct] deduped player to 1 @ chrome-extension://ihaelfjohnpciodjianpgchimpgifgjk/js/direct.js:324
[    7185ms] [LOG] [direct] Download button injected (player mini) @ chrome-extension://ihaelfjohnpciodjianpgchimpgifgjk/js/direct.js:306
[    7185ms] [LOG] [direct] deduped player to 1 @ chrome-extension://ihaelfjohnpciodjianpgchimpgifgjk/js/direct.js:324
[    7187ms] [LOG] [direct] Download button injected (player mini) @ chrome-extension://ihaelfjohnpciodjianpgchimpgifgjk/js/direct.js:306
[    7187ms] [LOG] [direct] deduped player to 1 @ chrome-extension://ihaelfjohnpciodjianpgchimpgifgjk/js/direct.js:324
[    7189ms] [LOG] [direct] Download button injected (player mini) @ chrome-extension://ihaelfjohnpciodjianpgchimpgifgjk/js/direct.js:306
[    7189ms] [LOG] [direct] deduped player to 1 @ chrome-extension://ihaelfjohnpciodjianpgchimpgifgjk/js/direct.js:324
[    7191ms] [LOG] [direct] Download button injected (player mini) @ chrome-extension://ihaelfjohnpciodjianpgchimpgifgjk/js/direct.js:306
[    7191ms] [LOG] [direct] deduped player to 1 @ chrome-extension://ihaelfjohnpciodjianpgchimpgifgjk/js/direct.js:324
[    7192ms] [LOG] [direct] Download button injected (player mini) @ chrome-extension://ihaelfjohnpciodjianpgchimpgifgjk/js/direct.js:306
[    7193ms] [LOG] [direct] deduped player to 1 @ chrome-extension://ihaelfjohnpciodjianpgchimpgifgjk/js/direct.js:324
[    7194ms] [LOG] [direct] Download button injected (player mini) @ chrome-extension://ihaelfjohnpciodjianpgchimpgifgjk/js/direct.js:306
[    7195ms] [LOG] [direct] deduped player to 1 @ chrome-extension://ihaelfjohnpciodjianpgchimpgifgjk/js/direct.js:324
[    7196ms] [LOG] [direct] Download button injected (player mini) @ chrome-extension://ihaelfjohnpciodjianpgchimpgifgjk/js/direct.js:306
[    7196ms] [LOG] [direct] deduped player to 1 @ chrome-extension://ihaelfjohnpciodjianpgchimpgifgjk/js/direct.js:324
[    7198ms] [LOG] [direct] Download button injected (player mini) @ chrome-extension://ihaelfjohnpciodjianpgchimpgifgjk/js/direct.js:306
[    7199ms] [LOG] [direct] deduped player to 1 @ chrome-extension://ihaelfjohnpciodjianpgchimpgifgjk/js/direct.js:324
[    7200ms] [LOG] [direct] Download button injected (player mini) @ chrome-extension://ihaelfjohnpciodjianpgchimpgifgjk/js/direct.js:306
[    7200ms] [LOG] [direct] deduped player to 1 @ chrome-extension://ihaelfjohnpciodjianpgchimpgifgjk/js/direct.js:324
[    7201ms] [LOG] [direct] Download button injected (player mini) @ chrome-extension://ihaelfjohnpciodjianpgchimpgifgjk/js/direct.js:306
[    7202ms] [LOG] [direct] deduped player to 1 @ chrome-extension://ihaelfjohnpciodjianpgchimpgifgjk/js/direct.js:324
[    7204ms] [LOG] [direct] Download button injected (player mini) @ chrome-extension://ihaelfjohnpciodjianpgchimpgifgjk/js/direct.js:306
[    7204ms] [LOG] [direct] deduped player to 1 @ chrome-extension://ihaelfjohnpciodjianpgchimpgifgjk/js/direct.js:324
[    7206ms] [LOG] [direct] Download button injected (player mini) @ chrome-extension://ihaelfjohnpciodjianpgchimpgifgjk/js/direct.js:306
[    7206ms] [LOG] [direct] deduped player to 1 @ chrome-extension://ihaelfjohnpciodjianpgchimpgifgjk/js/direct.js:324
[    7207ms] [LOG] [direct] Download button injected (player mini) @ chrome-extension://ihaelfjohnpciodjianpgchimpgifgjk/js/direct.js:306
[    7208ms] [LOG] [direct] deduped player to 1 @ chrome-extension://ihaelfjohnpciodjianpgchimpgifgjk/js/direct.js:324
[    7210ms] [LOG] [direct] Download button injected (player mini) @ chrome-extension://ihaelfjohnpciodjianpgchimpgifgjk/js/direct.js:306
[    7211ms] [LOG] [direct] deduped player to 1 @ chrome-extension://ihaelfjohnpciodjianpgchimpgifgjk/js/direct.js:324
[    7212ms] [LOG] [direct] Download button injected (player mini) @ chrome-extension://ihaelfjohnpciodjianpgchimpgifgjk/js/direct.js:306
[    7213ms] [LOG] [direct] deduped player to 1 @ chrome-extension://ihaelfjohnpciodjianpgchimpgifgjk/js/direct.js:324
[    7214ms] [LOG] [direct] Download button injected (player mini) @ chrome-extension://ihaelfjohnpciodjianpgchimpgifgjk/js/direct.js:306
[    7215ms] [LOG] [direct] deduped player to 1 @ chrome-extension://ihaelfjohnpciodjianpgchimpgifgjk/js/direct.js:324
[    7216ms] [LOG] [direct] Download button injected (player mini) @ chrome-extension://ihaelfjohnpciodjianpgchimpgifgjk/js/direct.js:306
[    7217ms] [LOG] [direct] deduped player to 1 @ chrome-extension://ihaelfjohnpciodjianpgchimpgifgjk/js/direct.js:324
[    7218ms] [LOG] [direct] Download button injected (player mini) @ chrome-extension://ihaelfjohnpciodjianpgchimpgifgjk/js/direct.js:306
[    7218ms] [LOG] [direct] deduped player to 1 @ chrome-extension://ihaelfjohnpciodjianpgchimpgifgjk/js/direct.js:324
[    7220ms] [LOG] [direct] Download button injected (player mini) @ chrome-extension://ihaelfjohnpciodjianpgchimpgifgjk/js/direct.js:306
[    7221ms] [LOG] [direct] deduped player to 1 @ chrome-extension://ihaelfjohnpciodjianpgchimpgifgjk/js/direct.js:324
[    7223ms] [LOG] [direct] Download button injected (player mini) @ chrome-extension://ihaelfjohnpciodjianpgchimpgifgjk/js/direct.js:306
[    7223ms] [LOG] [direct] deduped player to 1 @ chrome-extension://ihaelfjohnpciodjianpgchimpgifgjk/js/direct.js:324
[    7225ms] [LOG] [direct] Download button injected (player mini) @ chrome-extension://ihaelfjohnpciodjianpgchimpgifgjk/js/direct.js:306
[    7225ms] [LOG] [direct] deduped player to 1 @ chrome-extension://ihaelfjohnpciodjianpgchimpgifgjk/js/direct.js:324
[    7227ms] [LOG] [direct] Download button injected (player mini) @ chrome-extension://ihaelfjohnpciodjianpgchimpgifgjk/js/direct.js:306
[    7227ms] [LOG] [direct] deduped player to 1 @ chrome-extension://ihaelfjohnpciodjianpgchimpgifgjk/js/direct.js:324
[    7229ms] [LOG] [direct] Download button injected (player mini) @ chrome-extension://ihaelfjohnpciodjianpgchimpgifgjk/js/direct.js:306
[    7229ms] [LOG] [direct] deduped player to 1 @ chrome-extension://ihaelfjohnpciodjianpgchimpgifgjk/js/direct.js:324
[    7230ms] [LOG] [direct] Download button injected (player mini) @ chrome-extension://ihaelfjohnpciodjianpgchimpgifgjk/js/direct.js:306
[    7231ms] [LOG] [direct] deduped player to 1 @ chrome-extension://ihaelfjohnpciodjianpgchimpgifgjk/js/direct.js:324
[    7232ms] [LOG] [direct] Download button injected (player mini) @ chrome-extension://ihaelfjohnpciodjianpgchimpgifgjk/js/direct.js:306
[    7232ms] [LOG] [direct] deduped player to 1 @ chrome-extension://ihaelfjohnpciodjianpgchimpgifgjk/js/direct.js:324
[    7233ms] [LOG] [direct] Download button injected (player mini) @ chrome-extension://ihaelfjohnpciodjianpgchimpgifgjk/js/direct.js:306
[    7234ms] [LOG] [direct] deduped player to 1 @ chrome-extension://ihaelfjohnpciodjianpgchimpgifgjk/js/direct.js:324
[    7235ms] [LOG] [direct] Download button injected (player mini) @ chrome-extension://ihaelfjohnpciodjianpgchimpgifgjk/js/direct.js:306
[    7235ms] [LOG] [direct] deduped player to 1 @ chrome-extension://ihaelfjohnpciodjianpgchimpgifgjk/js/direct.js:324
[    7236ms] [LOG] [direct] Download button injected (player mini) @ chrome-extension://ihaelfjohnpciodjianpgchimpgifgjk/js/direct.js:306
[    7236ms] [LOG] [direct] deduped player to 1 @ chrome-extension://ihaelfjohnpciodjianpgchimpgifgjk/js/direct.js:324
[    7238ms] [LOG] [direct] Download button injected (player mini) @ chrome-extension://ihaelfjohnpciodjianpgchimpgifgjk/js/direct.js:306
[    7238ms] [LOG] [direct] deduped player to 1 @ chrome-extension://ihaelfjohnpciodjianpgchimpgifgjk/js/direct.js:324
[    7239ms] [LOG] [direct] Download button injected (player mini) @ chrome-extension://ihaelfjohnpciodjianpgchimpgifgjk/js/direct.js:306
[    7240ms] [LOG] [direct] deduped player to 1 @ chrome-extension://ihaelfjohnpciodjianpgchimpgifgjk/js/direct.js:324
[    7241ms] [LOG] [direct] Download button injected (player mini) @ chrome-extension://ihaelfjohnpciodjianpgchimpgifgjk/js/direct.js:306
[    7241ms] [LOG] [direct] deduped player to 1 @ chrome-extension://ihaelfjohnpciodjianpgchimpgifgjk/js/direct.js:324
[    7242ms] [LOG] [direct] Download button injected (player mini) @ chrome-extension://ihaelfjohnpciodjianpgchimpgifgjk/js/direct.js:306
[    7243ms] [LOG] [direct] deduped player to 1 @ chrome-extension://ihaelfjohnpciodjianpgchimpgifgjk/js/direct.js:324
[    7244ms] [LOG] [direct] Download button injected (player mini) @ chrome-extension://ihaelfjohnpciodjianpgchimpgifgjk/js/direct.js:306
[    7245ms] [LOG] [direct] deduped player to 1 @ chrome-extension://ihaelfjohnpciodjianpgchimpgifgjk/js/direct.js:324
[    7246ms] [LOG] [direct] Download button injected (player mini) @ chrome-extension://ihaelfjohnpciodjianpgchimpgifgjk/js/direct.js:306
[    7246ms] [LOG] [direct] deduped player to 1 @ chrome-extension://ihaelfjohnpciodjianpgchimpgifgjk/js/direct.js:324
[    7247ms] [LOG] [direct] Download button injected (player mini) @ chrome-extension://ihaelfjohnpciodjianpgchimpgifgjk/js/direct.js:306
[    7248ms] [LOG] [direct] deduped player to 1 @ chrome-extension://ihaelfjohnpciodjianpgchimpgifgjk/js/direct.js:324
[    7249ms] [LOG] [direct] Download button injected (player mini) @ chrome-extension://ihaelfjohnpciodjianpgchimpgifgjk/js/direct.js:306
[    7250ms] [LOG] [direct] deduped player to 1 @ chrome-extension://ihaelfjohnpciodjianpgchimpgifgjk/js/direct.js:324
[    7251ms] [LOG] [direct] Download button injected (player mini) @ chrome-extension://ihaelfjohnpciodjianpgchimpgifgjk/js/direct.js:306
[    7251ms] [LOG] [direct] deduped player to 1 @ chrome-extension://ihaelfjohnpciodjianpgchimpgifgjk/js/direct.js:324
[    7252ms] [LOG] [direct] Download button injected (player mini) @ chrome-extension://ihaelfjohnpciodjianpgchimpgifgjk/js/direct.js:306
[    7253ms] [LOG] [direct] deduped player to 1 @ chrome-extension://ihaelfjohnpciodjianpgchimpgifgjk/js/direct.js:324
[    7254ms] [LOG] [direct] Download button injected (player mini) @ chrome-extension://ihaelfjohnpciodjianpgchimpgifgjk/js/direct.js:306
[    7254ms] [LOG] [direct] deduped player to 1 @ chrome-extension://ihaelfjohnpciodjianpgchimpgifgjk/js/direct.js:324
[    7256ms] [LOG] [direct] Download button injected (player mini) @ chrome-extension://ihaelfjohnpciodjianpgchimpgifgjk/js/direct.js:306
[    7256ms] [LOG] [direct] deduped player to 1 @ chrome-extension://ihaelfjohnpciodjianpgchimpgifgjk/js/direct.js:324
[    7257ms] [LOG] [direct] Download button injected (player mini) @ chrome-extension://ihaelfjohnpciodjianpgchimpgifgjk/js/direct.js:306
[    7257ms] [LOG] [direct] deduped player to 1 @ chrome-extension://ihaelfjohnpciodjianpgchimpgifgjk/js/direct.js:324
[    7259ms] [LOG] [direct] Download button injected (player mini) @ chrome-extension://ihaelfjohnpciodjianpgchimpgifgjk/js/direct.js:306
[    7259ms] [LOG] [direct] deduped player to 1 @ chrome-extension://ihaelfjohnpciodjianpgchimpgifgjk/js/direct.js:324
[    7262ms] [LOG] [direct] Download button injected (player mini) @ chrome-extension://ihaelfjohnpciodjianpgchimpgifgjk/js/direct.js:306
[    7262ms] [LOG] [direct] deduped player to 1 @ chrome-extension://ihaelfjohnpciodjianpgchimpgifgjk/js/direct.js:324
[    7263ms] [LOG] [direct] Download button injected (player mini) @ chrome-extension://ihaelfjohnpciodjianpgchimpgifgjk/js/direct.js:306
[    7264ms] [LOG] [direct] deduped player to 1 @ chrome-extension://ihaelfjohnpciodjianpgchimpgifgjk/js/direct.js:324
[    7265ms] [LOG] [direct] Download button injected (player mini) @ chrome-extension://ihaelfjohnpciodjianpgchimpgifgjk/js/direct.js:306
[    7266ms] [LOG] [direct] deduped player to 1 @ chrome-extension://ihaelfjohnpciodjianpgchimpgifgjk/js/direct.js:324
[    7267ms] [LOG] [direct] Download button injected (player mini) @ chrome-extension://ihaelfjohnpciodjianpgchimpgifgjk/js/direct.js:306
[    7267ms] [LOG] [direct] deduped player to 1 @ chrome-extension://ihaelfjohnpciodjianpgchimpgifgjk/js/direct.js:324
[    7268ms] [LOG] [direct] Download button injected (player mini) @ chrome-extension://ihaelfjohnpciodjianpgchimpgifgjk/js/direct.js:306
[    7269ms] [LOG] [direct] deduped player to 1 @ chrome-extension://ihaelfjohnpciodjianpgchimpgifgjk/js/direct.js:324
[    7270ms] [LOG] [direct] Download button injected (player mini) @ chrome-extension://ihaelfjohnpciodjianpgchimpgifgjk/js/direct.js:306
[    7270ms] [LOG] [direct] deduped player to 1 @ chrome-extension://ihaelfjohnpciodjianpgchimpgifgjk/js/direct.js:324
[    7271ms] [LOG] [direct] Download button injected (player mini) @ chrome-extension://ihaelfjohnpciodjianpgchimpgifgjk/js/direct.js:306
[    7271ms] [LOG] [direct] deduped player to 1 @ chrome-extension://ihaelfjohnpciodjianpgchimpgifgjk/js/direct.js:324
[    7272ms] [LOG] [direct] Download button injected (player mini) @ chrome-extension://ihaelfjohnpciodjianpgchimpgifgjk/js/direct.js:306
[    7273ms] [LOG] [direct] deduped player to 1 @ chrome-extension://ihaelfjohnpciodjianpgchimpgifgjk/js/direct.js:324
[    7274ms] [LOG] [direct] Download button injected (player mini) @ chrome-extension://ihaelfjohnpciodjianpgchimpgifgjk/js/direct.js:306
[    7275ms] [LOG] [direct] deduped player to 1 @ chrome-extension://ihaelfjohnpciodjianpgchimpgifgjk/js/direct.js:324
[    7276ms] [LOG] [direct] Download button injected (player mini) @ chrome-extension://ihaelfjohnpciodjianpgchimpgifgjk/js/direct.js:306
[    7276ms] [LOG] [direct] deduped player to 1 @ chrome-extension://ihaelfjohnpciodjianpgchimpgifgjk/js/direct.js:324
[    7277ms] [LOG] [direct] Download button injected (player mini) @ chrome-extension://ihaelfjohnpciodjianpgchimpgifgjk/js/direct.js:306
[    7278ms] [LOG] [direct] deduped player to 1 @ chrome-extension://ihaelfjohnpciodjianpgchimpgifgjk/js/direct.js:324
[    7278ms] [LOG] [direct] Download button injected (player mini) @ chrome-extension://ihaelfjohnpciodjianpgchimpgifgjk/js/direct.js:306
[    7279ms] [LOG] [direct] deduped player to 1 @ chrome-extension://ihaelfjohnpciodjianpgchimpgifgjk/js/direct.js:324
[    7279ms] [LOG] [direct] Download button injected (player mini) @ chrome-extension://ihaelfjohnpciodjianpgchimpgifgjk/js/direct.js:306
[    7279ms] [LOG] [direct] deduped player to 1 @ chrome-extension://ihaelfjohnpciodjianpgchimpgifgjk/js/direct.js:324
[    7280ms] [LOG] [direct] Download button injected (player mini) @ chrome-extension://ihaelfjohnpciodjianpgchimpgifgjk/js/direct.js:306
[    7280ms] [LOG] [direct] deduped player to 1 @ chrome-extension://ihaelfjohnpciodjianpgchimpgifgjk/js/direct.js:324
[    7281ms] [LOG] [direct] Download button injected (player mini) @ chrome-extension://ihaelfjohnpciodjianpgchimpgifgjk/js/direct.js:306
[    7281ms] [LOG] [direct] deduped player to 1 @ chrome-extension://ihaelfjohnpciodjianpgchimpgifgjk/js/direct.js:324
[    7281ms] [LOG] [direct] Download button injected (player mini) @ chrome-extension://ihaelfjohnpciodjianpgchimpgifgjk/js/direct.js:306
[    7282ms] [LOG] [direct] deduped player to 1 @ chrome-extension://ihaelfjohnpciodjianpgchimpgifgjk/js/direct.js:324
[    7282ms] [LOG] [direct] Download button injected (player mini) @ chrome-extension://ihaelfjohnpciodjianpgchimpgifgjk/js/direct.js:306
[    7283ms] [LOG] [direct] deduped player to 1 @ chrome-extension://ihaelfjohnpciodjianpgchimpgifgjk/js/direct.js:324
[    7283ms] [LOG] [direct] Download button injected (player mini) @ chrome-extension://ihaelfjohnpciodjianpgchimpgifgjk/js/direct.js:306
[    7283ms] [LOG] [direct] deduped player to 1 @ chrome-extension://ihaelfjohnpciodjianpgchimpgifgjk/js/direct.js:324
[    7284ms] [LOG] [direct] Download button injected (player mini) @ chrome-extension://ihaelfjohnpciodjianpgchimpgifgjk/js/direct.js:306
[    7284ms] [LOG] [direct] deduped player to 1 @ chrome-extension://ihaelfjohnpciodjianpgchimpgifgjk/js/direct.js:324
[    7285ms] [LOG] [direct] Download button injected (player mini) @ chrome-extension://ihaelfjohnpciodjianpgchimpgifgjk/js/direct.js:306
[    7285ms] [LOG] [direct] deduped player to 1 @ chrome-extension://ihaelfjohnpciodjianpgchimpgifgjk/js/direct.js:324
[    7286ms] [LOG] [direct] Download button injected (player mini) @ chrome-extension://ihaelfjohnpciodjianpgchimpgifgjk/js/direct.js:306
[    7287ms] [LOG] [direct] deduped player to 1 @ chrome-extension://ihaelfjohnpciodjianpgchimpgifgjk/js/direct.js:324
[    7288ms] [LOG] [direct] Download button injected (player mini) @ chrome-extension://ihaelfjohnpciodjianpgchimpgifgjk/js/direct.js:306
[    7288ms] [LOG] [direct] deduped player to 1 @ chrome-extension://ihaelfjohnpciodjianpgchimpgifgjk/js/direct.js:324
[    7289ms] [LOG] [direct] Download button injected (player mini) @ chrome-extension://ihaelfjohnpciodjianpgchimpgifgjk/js/direct.js:306
[    7290ms] [LOG] [direct] deduped player to 1 @ chrome-extension://ihaelfjohnpciodjianpgchimpgifgjk/js/direct.js:324
[    7291ms] [LOG] [direct] Download button injected (player mini) @ chrome-extension://ihaelfjohnpciodjianpgchimpgifgjk/js/direct.js:306
[    7291ms] [LOG] [direct] deduped player to 1 @ chrome-extension://ihaelfjohnpciodjianpgchimpgifgjk/js/direct.js:324
[    7292ms] [LOG] [direct] Download button injected (player mini) @ chrome-extension://ihaelfjohnpciodjianpgchimpgifgjk/js/direct.js:306
[    7292ms] [LOG] [direct] deduped player to 1 @ chrome-extension://ihaelfjohnpciodjianpgchimpgifgjk/js/direct.js:324
[    7294ms] [LOG] [direct] Download button injected (player mini) @ chrome-extension://ihaelfjohnpciodjianpgchimpgifgjk/js/direct.js:306
[    7295ms] [LOG] [direct] deduped player to 1 @ chrome-extension://ihaelfjohnpciodjianpgchimpgifgjk/js/direct.js:324
[    7296ms] [LOG] [direct] Download button injected (player mini) @ chrome-extension://ihaelfjohnpciodjianpgchimpgifgjk/js/direct.js:306
[    7296ms] [LOG] [direct] deduped player to 1 @ chrome-extension://ihaelfjohnpciodjianpgchimpgifgjk/js/direct.js:324
[    7297ms] [LOG] [direct] Download button injected (player mini) @ chrome-extension://ihaelfjohnpciodjianpgchimpgifgjk/js/direct.js:306
[    7297ms] [LOG] [direct] deduped player to 1 @ chrome-extension://ihaelfjohnpciodjianpgchimpgifgjk/js/direct.js:324
[    7298ms] [LOG] [direct] Download button injected (player mini) @ chrome-extension://ihaelfjohnpciodjianpgchimpgifgjk/js/direct.js:306
[    7299ms] [LOG] [direct] deduped player to 1 @ chrome-extension://ihaelfjohnpciodjianpgchimpgifgjk/js/direct.js:324
[    7300ms] [LOG] [direct] Download button injected (player mini) @ chrome-extension://ihaelfjohnpciodjianpgchimpgifgjk/js/direct.js:306
[    7300ms] [LOG] [direct] deduped player to 1 @ chrome-extension://ihaelfjohnpciodjianpgchimpgifgjk/js/direct.js:324
[    7301ms] [LOG] [direct] Download button injected (player mini) @ chrome-extension://ihaelfjohnpciodjianpgchimpgifgjk/js/direct.js:306
[    7301ms] [LOG] [direct] deduped player to 1 @ chrome-extension://ihaelfjohnpciodjianpgchimpgifgjk/js/direct.js:324
[    7302ms] [LOG] [direct] Download button injected (player mini) @ chrome-extension://ihaelfjohnpciodjianpgchimpgifgjk/js/direct.js:306
[    7302ms] [LOG] [direct] deduped player to 1 @ chrome-extension://ihaelfjohnpciodjianpgchimpgifgjk/js/direct.js:324
[    7303ms] [LOG] [direct] Download button injected (player mini) @ chrome-extension://ihaelfjohnpciodjianpgchimpgifgjk/js/direct.js:306
[    7303ms] [LOG] [direct] deduped player to 1 @ chrome-extension://ihaelfjohnpciodjianpgchimpgifgjk/js/direct.js:324
[    7304ms] [LOG] [direct] Download button injected (player mini) @ chrome-extension://ihaelfjohnpciodjianpgchimpgifgjk/js/direct.js:306
[    7304ms] [LOG] [direct] deduped player to 1 @ chrome-extension://ihaelfjohnpciodjianpgchimpgifgjk/js/direct.js:324
[    7305ms] [LOG] [direct] Download button injected (player mini) @ chrome-extension://ihaelfjohnpciodjianpgchimpgifgjk/js/direct.js:306
[    7305ms] [LOG] [direct] deduped player to 1 @ chrome-extension://ihaelfjohnpciodjianpgchimpgifgjk/js/direct.js:324
[    7306ms] [LOG] [direct] Download button injected (player mini) @ chrome-extension://ihaelfjohnpciodjianpgchimpgifgjk/js/direct.js:306
[    7306ms] [LOG] [direct] deduped player to 1 @ chrome-extension://ihaelfjohnpciodjianpgchimpgifgjk/js/direct.js:324
[    7307ms] [LOG] [direct] Download button injected (player mini) @ chrome-extension://ihaelfjohnpciodjianpgchimpgifgjk/js/direct.js:306
[    7307ms] [LOG] [direct] deduped player to 1 @ chrome-extension://ihaelfjohnpciodjianpgchimpgifgjk/js/direct.js:324
[    7308ms] [LOG] [direct] Download button injected (player mini) @ chrome-extension://ihaelfjohnpciodjianpgchimpgifgjk/js/direct.js:306
[    7309ms] [LOG] [direct] deduped player to 1 @ chrome-extension://ihaelfjohnpciodjianpgchimpgifgjk/js/direct.js:324
[    7310ms] [LOG] [direct] Download button injected (player mini) @ chrome-extension://ihaelfjohnpciodjianpgchimpgifgjk/js/direct.js:306
[    7310ms] [LOG] [direct] deduped player to 1 @ chrome-extension://ihaelfjohnpciodjianpgchimpgifgjk/js/direct.js:324
[    7311ms] [LOG] [direct] Download button injected (player mini) @ chrome-extension://ihaelfjohnpciodjianpgchimpgifgjk/js/direct.js:306
[    7311ms] [LOG] [direct] deduped player to 1 @ chrome-extension://ihaelfjohnpciodjianpgchimpgifgjk/js/direct.js:324
[    7312ms] [LOG] [direct] Download button injected (player mini) @ chrome-extension://ihaelfjohnpciodjianpgchimpgifgjk/js/direct.js:306
[    7312ms] [LOG] [direct] deduped player to 1 @ chrome-extension://ihaelfjohnpciodjianpgchimpgifgjk/js/direct.js:324
[    7313ms] [LOG] [direct] Download button injected (player mini) @ chrome-extension://ihaelfjohnpciodjianpgchimpgifgjk/js/direct.js:306
[    7313ms] [LOG] [direct] deduped player to 1 @ chrome-extension://ihaelfjohnpciodjianpgchimpgifgjk/js/direct.js:324
[    7314ms] [LOG] [direct] Download button injected (player mini) @ chrome-extension://ihaelfjohnpciodjianpgchimpgifgjk/js/direct.js:306
[    7315ms] [LOG] [direct] deduped player to 1 @ chrome-extension://ihaelfjohnpciodjianpgchimpgifgjk/js/direct.js:324
[    7315ms] [LOG] [direct] Download button injected (player mini) @ chrome-extension://ihaelfjohnpciodjianpgchimpgifgjk/js/direct.js:306
[    7316ms] [LOG] [direct] deduped player to 1 @ chrome-extension://ihaelfjohnpciodjianpgchimpgifgjk/js/direct.js:324
[    7316ms] [LOG] [direct] Download button injected (player mini) @ chrome-extension://ihaelfjohnpciodjianpgchimpgifgjk/js/direct.js:306
[    7317ms] [LOG] [direct] deduped player to 1 @ chrome-extension://ihaelfjohnpciodjianpgchimpgifgjk/js/direct.js:324
[    7318ms] [LOG] [direct] Download button injected (player mini) @ chrome-extension://ihaelfjohnpciodjianpgchimpgifgjk/js/direct.js:306
[    7318ms] [LOG] [direct] deduped player to 1 @ chrome-extension://ihaelfjohnpciodjianpgchimpgifgjk/js/direct.js:324
[    7318ms] [LOG] [direct] Download button injected (player mini) @ chrome-extension://ihaelfjohnpciodjianpgchimpgifgjk/js/direct.js:306
[    7319ms] [LOG] [direct] deduped player to 1 @ chrome-extension://ihaelfjohnpciodjianpgchimpgifgjk/js/direct.js:324
[    7319ms] [LOG] [direct] Download button injected (player mini) @ chrome-extension://ihaelfjohnpciodjianpgchimpgifgjk/js/direct.js:306
[    7320ms] [LOG] [direct] deduped player to 1 @ chrome-extension://ihaelfjohnpciodjianpgchimpgifgjk/js/direct.js:324
[    7321ms] [LOG] [direct] Download button injected (player mini) @ chrome-extension://ihaelfjohnpciodjianpgchimpgifgjk/js/direct.js:306
[    7321ms] [LOG] [direct] deduped player to 1 @ chrome-extension://ihaelfjohnpciodjianpgchimpgifgjk/js/direct.js:324
[    7321ms] [LOG] [direct] Download button injected (player mini) @ chrome-extension://ihaelfjohnpciodjianpgchimpgifgjk/js/direct.js:306
[    7322ms] [LOG] [direct] deduped player to 1 @ chrome-extension://ihaelfjohnpciodjianpgchimpgifgjk/js/direct.js:324
[    7322ms] [LOG] [direct] Download button injected (player mini) @ chrome-extension://ihaelfjohnpciodjianpgchimpgifgjk/js/direct.js:306
[    7322ms] [LOG] [direct] deduped player to 1 @ chrome-extension://ihaelfjohnpciodjianpgchimpgifgjk/js/direct.js:324
[    7323ms] [LOG] [direct] Download button injected (player mini) @ chrome-extension://ihaelfjohnpciodjianpgchimpgifgjk/js/direct.js:306
[    7324ms] [LOG] [direct] deduped player to 1 @ chrome-extension://ihaelfjohnpciodjianpgchimpgifgjk/js/direct.js:324
[    7324ms] [LOG] [direct] Download button injected (player mini) @ chrome-extension://ihaelfjohnpciodjianpgchimpgifgjk/js/direct.js:306
[    7325ms] [LOG] [direct] deduped player to 1 @ chrome-extension://ihaelfjohnpciodjianpgchimpgifgjk/js/direct.js:324
[    7326ms] [LOG] [direct] Download button injected (player mini) @ chrome-extension://ihaelfjohnpciodjianpgchimpgifgjk/js/direct.js:306
[    7327ms] [LOG] [direct] deduped player to 1 @ chrome-extension://ihaelfjohnpciodjianpgchimpgifgjk/js/direct.js:324
[    7328ms] [LOG] [direct] Download button injected (player mini) @ chrome-extension://ihaelfjohnpciodjianpgchimpgifgjk/js/direct.js:306
[    7328ms] [LOG] [direct] deduped player to 1 @ chrome-extension://ihaelfjohnpciodjianpgchimpgifgjk/js/direct.js:324
[    7329ms] [LOG] [direct] Download button injected (player mini) @ chrome-extension://ihaelfjohnpciodjianpgchimpgifgjk/js/direct.js:306
[    7329ms] [LOG] [direct] deduped player to 1 @ chrome-extension://ihaelfjohnpciodjianpgchimpgifgjk/js/direct.js:324
[    7330ms] [LOG] [direct] Download button injected (player mini) @ chrome-extension://ihaelfjohnpciodjianpgchimpgifgjk/js/direct.js:306
[    7330ms] [LOG] [direct] deduped player to 1 @ chrome-extension://ihaelfjohnpciodjianpgchimpgifgjk/js/direct.js:324
[    7331ms] [LOG] [direct] Download button injected (player mini) @ chrome-extension://ihaelfjohnpciodjianpgchimpgifgjk/js/direct.js:306
[    7331ms] [LOG] [direct] deduped player to 1 @ chrome-extension://ihaelfjohnpciodjianpgchimpgifgjk/js/direct.js:324
[    7332ms] [LOG] [direct] Download button injected (player mini) @ chrome-extension://ihaelfjohnpciodjianpgchimpgifgjk/js/direct.js:306
[    7332ms] [LOG] [direct] deduped player to 1 @ chrome-extension://ihaelfjohnpciodjianpgchimpgifgjk/js/direct.js:324
[    7333ms] [LOG] [direct] Download button injected (player mini) @ chrome-extension://ihaelfjohnpciodjianpgchimpgifgjk/js/direct.js:306
[    7333ms] [LOG] [direct] deduped player to 1 @ chrome-extension://ihaelfjohnpciodjianpgchimpgifgjk/js/direct.js:324
[    7334ms] [LOG] [direct] Download button injected (player mini) @ chrome-extension://ihaelfjohnpciodjianpgchimpgifgjk/js/direct.js:306
[    7334ms] [LOG] [direct] deduped player to 1 @ chrome-extension://ihaelfjohnpciodjianpgchimpgifgjk/js/direct.js:324
[    7335ms] [LOG] [direct] Download button injected (player mini) @ chrome-extension://ihaelfjohnpciodjianpgchimpgifgjk/js/direct.js:306
[    7335ms] [LOG] [direct] deduped player to 1 @ chrome-extension://ihaelfjohnpciodjianpgchimpgifgjk/js/direct.js:324
[    7336ms] [LOG] [direct] Download button injected (player mini) @ chrome-extension://ihaelfjohnpciodjianpgchimpgifgjk/js/direct.js:306
[    7336ms] [LOG] [direct] deduped player to 1 @ chrome-extension://ihaelfjohnpciodjianpgchimpgifgjk/js/direct.js:324
[    7337ms] [LOG] [direct] Download button injected (player mini) @ chrome-extension://ihaelfjohnpciodjianpgchimpgifgjk/js/direct.js:306
[    7337ms] [LOG] [direct] deduped player to 1 @ chrome-extension://ihaelfjohnpciodjianpgchimpgifgjk/js/direct.js:324
[    7338ms] [LOG] [direct] Download button injected (player mini) @ chrome-extension://ihaelfjohnpciodjianpgchimpgifgjk/js/direct.js:306
[    7338ms] [LOG] [direct] deduped player to 1 @ chrome-extension://ihaelfjohnpciodjianpgchimpgifgjk/js/direct.js:324
[    7340ms] [LOG] [direct] Download button injected (player mini) @ chrome-extension://ihaelfjohnpciodjianpgchimpgifgjk/js/direct.js:306
[    7340ms] [LOG] [direct] deduped player to 1 @ chrome-extension://ihaelfjohnpciodjianpgchimpgifgjk/js/direct.js:324
[    7341ms] [LOG] [direct] Download button injected (player mini) @ chrome-extension://ihaelfjohnpciodjianpgchimpgifgjk/js/direct.js:306
[    7341ms] [LOG] [direct] deduped player to 1 @ chrome-extension://ihaelfjohnpciodjianpgchimpgifgjk/js/direct.js:324
[    7341ms] [LOG] [direct] Download button injected (player mini) @ chrome-extension://ihaelfjohnpciodjianpgchimpgifgjk/js/direct.js:306
[    7342ms] [LOG] [direct] deduped player to 1 @ chrome-extension://ihaelfjohnpciodjianpgchimpgifgjk/js/direct.js:324
[    7343ms] [LOG] [direct] Download button injected (player mini) @ chrome-extension://ihaelfjohnpciodjianpgchimpgifgjk/js/direct.js:306
[    7343ms] [LOG] [direct] deduped player to 1 @ chrome-extension://ihaelfjohnpciodjianpgchimpgifgjk/js/direct.js:324
[    7344ms] [LOG] [direct] Download button injected (player mini) @ chrome-extension://ihaelfjohnpciodjianpgchimpgifgjk/js/direct.js:306
[    7344ms] [LOG] [direct] deduped player to 1 @ chrome-extension://ihaelfjohnpciodjianpgchimpgifgjk/js/direct.js:324
[    7345ms] [LOG] [direct] Download button injected (player mini) @ chrome-extension://ihaelfjohnpciodjianpgchimpgifgjk/js/direct.js:306
[    7345ms] [LOG] [direct] deduped player to 1 @ chrome-extension://ihaelfjohnpciodjianpgchimpgifgjk/js/direct.js:324
[    7345ms] [LOG] [direct] Download button injected (player mini) @ chrome-extension://ihaelfjohnpciodjianpgchimpgifgjk/js/direct.js:306
[    7346ms] [LOG] [direct] deduped player to 1 @ chrome-extension://ihaelfjohnpciodjianpgchimpgifgjk/js/direct.js:324
[    7346ms] [LOG] [direct] Download button injected (player mini) @ chrome-extension://ihaelfjohnpciodjianpgchimpgifgjk/js/direct.js:306
[    7347ms] [LOG] [direct] deduped player to 1 @ chrome-extension://ihaelfjohnpciodjianpgchimpgifgjk/js/direct.js:324
[    7347ms] [LOG] [direct] Download button injected (player mini) @ chrome-extension://ihaelfjohnpciodjianpgchimpgifgjk/js/direct.js:306
[    7348ms] [LOG] [direct] deduped player to 1 @ chrome-extension://ihaelfjohnpciodjianpgchimpgifgjk/js/direct.js:324
[    7348ms] [LOG] [direct] Download button injected (player mini) @ chrome-extension://ihaelfjohnpciodjianpgchimpgifgjk/js/direct.js:306
[    7348ms] [LOG] [direct] deduped player to 1 @ chrome-extension://ihaelfjohnpciodjianpgchimpgifgjk/js/direct.js:324
[    7349ms] [LOG] [direct] Download button injected (player mini) @ chrome-extension://ihaelfjohnpciodjianpgchimpgifgjk/js/direct.js:306
[    7349ms] [LOG] [direct] deduped player to 1 @ chrome-extension://ihaelfjohnpciodjianpgchimpgifgjk/js/direct.js:324
[    7350ms] [LOG] [direct] Download button injected (player mini) @ chrome-extension://ihaelfjohnpciodjianpgchimpgifgjk/js/direct.js:306
[    7350ms] [LOG] [direct] deduped player to 1 @ chrome-extension://ihaelfjohnpciodjianpgchimpgifgjk/js/direct.js:324
[    7351ms] [LOG] [direct] Download button injected (player mini) @ chrome-extension://ihaelfjohnpciodjianpgchimpgifgjk/js/direct.js:306
[    7352ms] [LOG] [direct] deduped player to 1 @ chrome-extension://ihaelfjohnpciodjianpgchimpgifgjk/js/direct.js:324
[    7353ms] [LOG] [direct] Download button injected (player mini) @ chrome-extension://ihaelfjohnpciodjianpgchimpgifgjk/js/direct.js:306
[    7353ms] [LOG] [direct] deduped player to 1 @ chrome-extension://ihaelfjohnpciodjianpgchimpgifgjk/js/direct.js:324
[    7354ms] [LOG] [direct] Download button injected (player mini) @ chrome-extension://ihaelfjohnpciodjianpgchimpgifgjk/js/direct.js:306
[    7354ms] [LOG] [direct] deduped player to 1 @ chrome-extension://ihaelfjohnpciodjianpgchimpgifgjk/js/direct.js:324
[    7355ms] [LOG] [direct] Download button injected (player mini) @ chrome-extension://ihaelfjohnpciodjianpgchimpgifgjk/js/direct.js:306
[    7355ms] [LOG] [direct] deduped player to 1 @ chrome-extension://ihaelfjohnpciodjianpgchimpgifgjk/js/direct.js:324
[    7356ms] [LOG] [direct] Download button injected (player mini) @ chrome-extension://ihaelfjohnpciodjianpgchimpgifgjk/js/direct.js:306
[    7356ms] [LOG] [direct] deduped player to 1 @ chrome-extension://ihaelfjohnpciodjianpgchimpgifgjk/js/direct.js:324
[    7357ms] [LOG] [direct] Download button injected (player mini) @ chrome-extension://ihaelfjohnpciodjianpgchimpgifgjk/js/direct.js:306
[    7357ms] [LOG] [direct] deduped player to 1 @ chrome-extension://ihaelfjohnpciodjianpgchimpgifgjk/js/direct.js:324
[    7358ms] [LOG] [direct] Download button injected (player mini) @ chrome-extension://ihaelfjohnpciodjianpgchimpgifgjk/js/direct.js:306
[    7359ms] [LOG] [direct] deduped player to 1 @ chrome-extension://ihaelfjohnpciodjianpgchimpgifgjk/js/direct.js:324
[    7359ms] [LOG] [direct] Download button injected (player mini) @ chrome-extension://ihaelfjohnpciodjianpgchimpgifgjk/js/direct.js:306
[    7360ms] [LOG] [direct] deduped player to 1 @ chrome-extension://ihaelfjohnpciodjianpgchimpgifgjk/js/direct.js:324
[    7360ms] [LOG] [direct] Download button injected (player mini) @ chrome-extension://ihaelfjohnpciodjianpgchimpgifgjk/js/direct.js:306
[    7361ms] [LOG] [direct] deduped player to 1 @ chrome-extension://ihaelfjohnpciodjianpgchimpgifgjk/js/direct.js:324
[    7361ms] [LOG] [direct] Download button injected (player mini) @ chrome-extension://ihaelfjohnpciodjianpgchimpgifgjk/js/direct.js:306
[    7361ms] [LOG] [direct] deduped player to 1 @ chrome-extension://ihaelfjohnpciodjianpgchimpgifgjk/js/direct.js:324
[    7362ms] [LOG] [direct] Download button injected (player mini) @ chrome-extension://ihaelfjohnpciodjianpgchimpgifgjk/js/direct.js:306
[    7362ms] [LOG] [direct] deduped player to 1 @ chrome-extension://ihaelfjohnpciodjianpgchimpgifgjk/js/direct.js:324
[    7363ms] [LOG] [direct] Download button injected (player mini) @ chrome-extension://ihaelfjohnpciodjianpgchimpgifgjk/js/direct.js:306
[    7363ms] [LOG] [direct] deduped player to 1 @ chrome-extension://ihaelfjohnpciodjianpgchimpgifgjk/js/direct.js:324
[    7364ms] [LOG] [direct] Download button injected (player mini) @ chrome-extension://ihaelfjohnpciodjianpgchimpgifgjk/js/direct.js:306
[    7364ms] [LOG] [direct] deduped player to 1 @ chrome-extension://ihaelfjohnpciodjianpgchimpgifgjk/js/direct.js:324
[    7365ms] [LOG] [direct] Download button injected (player mini) @ chrome-extension://ihaelfjohnpciodjianpgchimpgifgjk/js/direct.js:306
[    7365ms] [LOG] [direct] deduped player to 1 @ chrome-extension://ihaelfjohnpciodjianpgchimpgifgjk/js/direct.js:324
[    7366ms] [LOG] [direct] Download button injected (player mini) @ chrome-extension://ihaelfjohnpciodjianpgchimpgifgjk/js/direct.js:306
[    7366ms] [LOG] [direct] deduped player to 1 @ chrome-extension://ihaelfjohnpciodjianpgchimpgifgjk/js/direct.js:324
[    7367ms] [LOG] [direct] Download button injected (player mini) @ chrome-extension://ihaelfjohnpciodjianpgchimpgifgjk/js/direct.js:306
[    7367ms] [LOG] [direct] deduped player to 1 @ chrome-extension://ihaelfjohnpciodjianpgchimpgifgjk/js/direct.js:324
[    7368ms] [LOG] [direct] Download button injected (player mini) @ chrome-extension://ihaelfjohnpciodjianpgchimpgifgjk/js/direct.js:306
[    7368ms] [LOG] [direct] deduped player to 1 @ chrome-extension://ihaelfjohnpciodjianpgchimpgifgjk/js/direct.js:324
[    7370ms] [LOG] [direct] Download button injected (player mini) @ chrome-extension://ihaelfjohnpciodjianpgchimpgifgjk/js/direct.js:306
[    7370ms] [LOG] [direct] deduped player to 1 @ chrome-extension://ihaelfjohnpciodjianpgchimpgifgjk/js/direct.js:324
[    7371ms] [LOG] [direct] Download button injected (player mini) @ chrome-extension://ihaelfjohnpciodjianpgchimpgifgjk/js/direct.js:306
[    7372ms] [LOG] [direct] deduped player to 1 @ chrome-extension://ihaelfjohnpciodjianpgchimpgifgjk/js/direct.js:324
[    7372ms] [LOG] [direct] Download button injected (player mini) @ chrome-extension://ihaelfjohnpciodjianpgchimpgifgjk/js/direct.js:306
[    7373ms] [LOG] [direct] deduped player to 1 @ chrome-extension://ihaelfjohnpciodjianpgchimpgifgjk/js/direct.js:324
[    7374ms] [LOG] [direct] Download button injected (player mini) @ chrome-extension://ihaelfjohnpciodjianpgchimpgifgjk/js/direct.js:306
[    7374ms] [LOG] [direct] deduped player to 1 @ chrome-extension://ihaelfjohnpciodjianpgchimpgifgjk/js/direct.js:324
[    7375ms] [LOG] [direct] Download button injected (player mini) @ chrome-extension://ihaelfjohnpciodjianpgchimpgifgjk/js/direct.js:306
[    7375ms] [LOG] [direct] deduped player to 1 @ chrome-extension://ihaelfjohnpciodjianpgchimpgifgjk/js/direct.js:324
[    7376ms] [LOG] [direct] Download button injected (player mini) @ chrome-extension://ihaelfjohnpciodjianpgchimpgifgjk/js/direct.js:306
[    7376ms] [LOG] [direct] deduped player to 1 @ chrome-extension://ihaelfjohnpciodjianpgchimpgifgjk/js/direct.js:324
[    7377ms] [LOG] [direct] Download button injected (player mini) @ chrome-extension://ihaelfjohnpciodjianpgchimpgifgjk/js/direct.js:306
[    7378ms] [LOG] [direct] deduped player to 1 @ chrome-extension://ihaelfjohnpciodjianpgchimpgifgjk/js/direct.js:324
[    7378ms] [LOG] [direct] Download button injected (player mini) @ chrome-extension://ihaelfjohnpciodjianpgchimpgifgjk/js/direct.js:306
[    7379ms] [LOG] [direct] deduped player to 1 @ chrome-extension://ihaelfjohnpciodjianpgchimpgifgjk/js/direct.js:324
[    7380ms] [LOG] [direct] Download button injected (player mini) @ chrome-extension://ihaelfjohnpciodjianpgchimpgifgjk/js/direct.js:306
[    7380ms] [LOG] [direct] deduped player to 1 @ chrome-extension://ihaelfjohnpciodjianpgchimpgifgjk/js/direct.js:324
[    7381ms] [LOG] [direct] Download button injected (player mini) @ chrome-extension://ihaelfjohnpciodjianpgchimpgifgjk/js/direct.js:306
[    7382ms] [LOG] [direct] deduped player to 1 @ chrome-extension://ihaelfjohnpciodjianpgchimpgifgjk/js/direct.js:324
[    7383ms] [LOG] [direct] Download button injected (player mini) @ chrome-extension://ihaelfjohnpciodjianpgchimpgifgjk/js/direct.js:306
[    7383ms] [LOG] [direct] deduped player to 1 @ chrome-extension://ihaelfjohnpciodjianpgchimpgifgjk/js/direct.js:324
[    7384ms] [LOG] [direct] Download button injected (player mini) @ chrome-extension://ihaelfjohnpciodjianpgchimpgifgjk/js/direct.js:306
[    7385ms] [LOG] [direct] deduped player to 1 @ chrome-extension://ihaelfjohnpciodjianpgchimpgifgjk/js/direct.js:324
[    7386ms] [LOG] [direct] Download button injected (player mini) @ chrome-extension://ihaelfjohnpciodjianpgchimpgifgjk/js/direct.js:306
[    7386ms] [LOG] [direct] deduped player to 1 @ chrome-extension://ihaelfjohnpciodjianpgchimpgifgjk/js/direct.js:324
[    7387ms] [LOG] [direct] Download button injected (player mini) @ chrome-extension://ihaelfjohnpciodjianpgchimpgifgjk/js/direct.js:306
[    7387ms] [LOG] [direct] deduped player to 1 @ chrome-extension://ihaelfjohnpciodjianpgchimpgifgjk/js/direct.js:324
[    7388ms] [LOG] [direct] Download button injected (player mini) @ chrome-extension://ihaelfjohnpciodjianpgchimpgifgjk/js/direct.js:306
[    7389ms] [LOG] [direct] deduped player to 1 @ chrome-extension://ihaelfjohnpciodjianpgchimpgifgjk/js/direct.js:324
[    7390ms] [LOG] [direct] Download button injected (player mini) @ chrome-extension://ihaelfjohnpciodjianpgchimpgifgjk/js/direct.js:306
[    7390ms] [LOG] [direct] deduped player to 1 @ chrome-extension://ihaelfjohnpciodjianpgchimpgifgjk/js/direct.js:324
[    7391ms] [LOG] [direct] Download button injected (player mini) @ chrome-extension://ihaelfjohnpciodjianpgchimpgifgjk/js/direct.js:306
[    7392ms] [LOG] [direct] deduped player to 1 @ chrome-extension://ihaelfjohnpciodjianpgchimpgifgjk/js/direct.js:324
[    7393ms] [LOG] [direct] Download button injected (player mini) @ chrome-extension://ihaelfjohnpciodjianpgchimpgifgjk/js/direct.js:306
[    7393ms] [LOG] [direct] deduped player to 1 @ chrome-extension://ihaelfjohnpciodjianpgchimpgifgjk/js/direct.js:324
[    7394ms] [LOG] [direct] Download button injected (player mini) @ chrome-extension://ihaelfjohnpciodjianpgchimpgifgjk/js/direct.js:306
[    7395ms] [LOG] [direct] deduped player to 1 @ chrome-extension://ihaelfjohnpciodjianpgchimpgifgjk/js/direct.js:324
[    7396ms] [LOG] [direct] Download button injected (player mini) @ chrome-extension://ihaelfjohnpciodjianpgchimpgifgjk/js/direct.js:306
[    7396ms] [LOG] [direct] deduped player to 1 @ chrome-extension://ihaelfjohnpciodjianpgchimpgifgjk/js/direct.js:324
[    7397ms] [LOG] [direct] Download button injected (player mini) @ chrome-extension://ihaelfjohnpciodjianpgchimpgifgjk/js/direct.js:306
[    7398ms] [LOG] [direct] deduped player to 1 @ chrome-extension://ihaelfjohnpciodjianpgchimpgifgjk/js/direct.js:324
[    7399ms] [LOG] [direct] Download button injected (player mini) @ chrome-extension://ihaelfjohnpciodjianpgchimpgifgjk/js/direct.js:306
[    7399ms] [LOG] [direct] deduped player to 1 @ chrome-extension://ihaelfjohnpciodjianpgchimpgifgjk/js/direct.js:324
[    7400ms] [LOG] [direct] Download button injected (player mini) @ chrome-extension://ihaelfjohnpciodjianpgchimpgifgjk/js/direct.js:306
[    7400ms] [LOG] [direct] deduped player to 1 @ chrome-extension://ihaelfjohnpciodjianpgchimpgifgjk/js/direct.js:324
[    7401ms] [LOG] [direct] Download button injected (player mini) @ chrome-extension://ihaelfjohnpciodjianpgchimpgifgjk/js/direct.js:306
[    7401ms] [LOG] [direct] deduped player to 1 @ chrome-extension://ihaelfjohnpciodjianpgchimpgifgjk/js/direct.js:324
[    7402ms] [LOG] [direct] Download button injected (player mini) @ chrome-extension://ihaelfjohnpciodjianpgchimpgifgjk/js/direct.js:306
[    7403ms] [LOG] [direct] deduped player to 1 @ chrome-extension://ihaelfjohnpciodjianpgchimpgifgjk/js/direct.js:324
[    7404ms] [LOG] [direct] Download button injected (player mini) @ chrome-extension://ihaelfjohnpciodjianpgchimpgifgjk/js/direct.js:306
[    7404ms] [LOG] [direct] deduped player to 1 @ chrome-extension://ihaelfjohnpciodjianpgchimpgifgjk/js/direct.js:324
[    7405ms] [LOG] [direct] Download button injected (player mini) @ chrome-extension://ihaelfjohnpciodjianpgchimpgifgjk/js/direct.js:306
[    7405ms] [LOG] [direct] deduped player to 1 @ chrome-extension://ihaelfjohnpciodjianpgchimpgifgjk/js/direct.js:324
[    7406ms] [LOG] [direct] Download button injected (player mini) @ chrome-extension://ihaelfjohnpciodjianpgchimpgifgjk/js/direct.js:306
[    7407ms] [LOG] [direct] deduped player to 1 @ chrome-extension://ihaelfjohnpciodjianpgchimpgifgjk/js/direct.js:324
[    7408ms] [LOG] [direct] Download button injected (player mini) @ chrome-extension://ihaelfjohnpciodjianpgchimpgifgjk/js/direct.js:306
[    7408ms] [LOG] [direct] deduped player to 1 @ chrome-extension://ihaelfjohnpciodjianpgchimpgifgjk/js/direct.js:324
[    7409ms] [LOG] [direct] Download button injected (player mini) @ chrome-extension://ihaelfjohnpciodjianpgchimpgifgjk/js/direct.js:306
[    7410ms] [LOG] [direct] deduped player to 1 @ chrome-extension://ihaelfjohnpciodjianpgchimpgifgjk/js/direct.js:324
[    7411ms] [LOG] [direct] Download button injected (player mini) @ chrome-extension://ihaelfjohnpciodjianpgchimpgifgjk/js/direct.js:306
[    7411ms] [LOG] [direct] deduped player to 1 @ chrome-extension://ihaelfjohnpciodjianpgchimpgifgjk/js/direct.js:324
[    7412ms] [LOG] [direct] Download button injected (player mini) @ chrome-extension://ihaelfjohnpciodjianpgchimpgifgjk/js/direct.js:306
[    7412ms] [LOG] [direct] deduped player to 1 @ chrome-extension://ihaelfjohnpciodjianpgchimpgifgjk/js/direct.js:324
[    7413ms] [LOG] [direct] Download button injected (player mini) @ chrome-extension://ihaelfjohnpciodjianpgchimpgifgjk/js/direct.js:306
[    7414ms] [LOG] [direct] deduped player to 1 @ chrome-extension://ihaelfjohnpciodjianpgchimpgifgjk/js/direct.js:324
[    7417ms] [LOG] [direct] Download button injected (player mini) @ chrome-extension://ihaelfjohnpciodjianpgchimpgifgjk/js/direct.js:306
[    7417ms] [LOG] [direct] deduped player to 1 @ chrome-extension://ihaelfjohnpciodjianpgchimpgifgjk/js/direct.js:324
[    7418ms] [LOG] [direct] Download button injected (player mini) @ chrome-extension://ihaelfjohnpciodjianpgchimpgifgjk/js/direct.js:306
[    7418ms] [LOG] [direct] deduped player to 1 @ chrome-extension://ihaelfjohnpciodjianpgchimpgifgjk/js/direct.js:324
[    7419ms] [LOG] [direct] Download button injected (player mini) @ chrome-extension://ihaelfjohnpciodjianpgchimpgifgjk/js/direct.js:306
[    7420ms] [LOG] [direct] deduped player to 1 @ chrome-extension://ihaelfjohnpciodjianpgchimpgifgjk/js/direct.js:324
[    7420ms] [LOG] [direct] Download button injected (player mini) @ chrome-extension://ihaelfjohnpciodjianpgchimpgifgjk/js/direct.js:306
[    7421ms] [LOG] [direct] deduped player to 1 @ chrome-extension://ihaelfjohnpciodjianpgchimpgifgjk/js/direct.js:324
[    7421ms] [LOG] [direct] Download button injected (player mini) @ chrome-extension://ihaelfjohnpciodjianpgchimpgifgjk/js/direct.js:306
[    7422ms] [LOG] [direct] deduped player to 1 @ chrome-extension://ihaelfjohnpciodjianpgchimpgifgjk/js/direct.js:324
[    7422ms] [LOG] [direct] Download button injected (player mini) @ chrome-extension://ihaelfjohnpciodjianpgchimpgifgjk/js/direct.js:306
[    7423ms] [LOG] [direct] deduped player to 1 @ chrome-extension://ihaelfjohnpciodjianpgchimpgifgjk/js/direct.js:324
[    7423ms] [LOG] [direct] Download button injected (player mini) @ chrome-extension://ihaelfjohnpciodjianpgchimpgifgjk/js/direct.js:306
[    7424ms] [LOG] [direct] deduped player to 1 @ chrome-extension://ihaelfjohnpciodjianpgchimpgifgjk/js/direct.js:324
[    7424ms] [LOG] [direct] Download button injected (player mini) @ chrome-extension://ihaelfjohnpciodjianpgchimpgifgjk/js/direct.js:306
[    7425ms] [LOG] [direct] deduped player to 1 @ chrome-extension://ihaelfjohnpciodjianpgchimpgifgjk/js/direct.js:324
[    7426ms] [LOG] [direct] Download button injected (player mini) @ chrome-extension://ihaelfjohnpciodjianpgchimpgifgjk/js/direct.js:306
[    7426ms] [LOG] [direct] deduped player to 1 @ chrome-extension://ihaelfjohnpciodjianpgchimpgifgjk/js/direct.js:324
[    7427ms] [LOG] [direct] Download button injected (player mini) @ chrome-extension://ihaelfjohnpciodjianpgchimpgifgjk/js/direct.js:306
[    7427ms] [LOG] [direct] deduped player to 1 @ chrome-extension://ihaelfjohnpciodjianpgchimpgifgjk/js/direct.js:324
[    7428ms] [LOG] [direct] Download button injected (player mini) @ chrome-extension://ihaelfjohnpciodjianpgchimpgifgjk/js/direct.js:306
[    7428ms] [LOG] [direct] deduped player to 1 @ chrome-extension://ihaelfjohnpciodjianpgchimpgifgjk/js/direct.js:324
[    7429ms] [LOG] [direct] Download button injected (player mini) @ chrome-extension://ihaelfjohnpciodjianpgchimpgifgjk/js/direct.js:306
[    7429ms] [LOG] [direct] deduped player to 1 @ chrome-extension://ihaelfjohnpciodjianpgchimpgifgjk/js/direct.js:324
[    7430ms] [LOG] [direct] Download button injected (player mini) @ chrome-extension://ihaelfjohnpciodjianpgchimpgifgjk/js/direct.js:306
[    7431ms] [LOG] [direct] deduped player to 1 @ chrome-extension://ihaelfjohnpciodjianpgchimpgifgjk/js/direct.js:324
[    7431ms] [LOG] [direct] Download button injected (player mini) @ chrome-extension://ihaelfjohnpciodjianpgchimpgifgjk/js/direct.js:306
[    7432ms] [LOG] [direct] deduped player to 1 @ chrome-extension://ihaelfjohnpciodjianpgchimpgifgjk/js/direct.js:324
[    7432ms] [LOG] [direct] Download button injected (player mini) @ chrome-extension://ihaelfjohnpciodjianpgchimpgifgjk/js/direct.js:306
[    7433ms] [LOG] [direct] deduped player to 1 @ chrome-extension://ihaelfjohnpciodjianpgchimpgifgjk/js/direct.js:324
[    7433ms] [LOG] [direct] Download button injected (player mini) @ chrome-extension://ihaelfjohnpciodjianpgchimpgifgjk/js/direct.js:306
[    7434ms] [LOG] [direct] deduped player to 1 @ chrome-extension://ihaelfjohnpciodjianpgchimpgifgjk/js/direct.js:324
[    7434ms] [LOG] [direct] Download button injected (player mini) @ chrome-extension://ihaelfjohnpciodjianpgchimpgifgjk/js/direct.js:306
[    7435ms] [LOG] [direct] deduped player to 1 @ chrome-extension://ihaelfjohnpciodjianpgchimpgifgjk/js/direct.js:324
[    7435ms] [LOG] [direct] Download button injected (player mini) @ chrome-extension://ihaelfjohnpciodjianpgchimpgifgjk/js/direct.js:306
[    7436ms] [LOG] [direct] deduped player to 1 @ chrome-extension://ihaelfjohnpciodjianpgchimpgifgjk/js/direct.js:324
[    7437ms] [LOG] [direct] Download button injected (player mini) @ chrome-extension://ihaelfjohnpciodjianpgchimpgifgjk/js/direct.js:306
[    7437ms] [LOG] [direct] deduped player to 1 @ chrome-extension://ihaelfjohnpciodjianpgchimpgifgjk/js/direct.js:324
[    7438ms] [LOG] [direct] Download button injected (player mini) @ chrome-extension://ihaelfjohnpciodjianpgchimpgifgjk/js/direct.js:306
[    7438ms] [LOG] [direct] deduped player to 1 @ chrome-extension://ihaelfjohnpciodjianpgchimpgifgjk/js/direct.js:324
[    7439ms] [LOG] [direct] Download button injected (player mini) @ chrome-extension://ihaelfjohnpciodjianpgchimpgifgjk/js/direct.js:306
[    7440ms] [LOG] [direct] deduped player to 1 @ chrome-extension://ihaelfjohnpciodjianpgchimpgifgjk/js/direct.js:324
[    7440ms] [LOG] [direct] Download button injected (player mini) @ chrome-extension://ihaelfjohnpciodjianpgchimpgifgjk/js/direct.js:306
[    7441ms] [LOG] [direct] deduped player to 1 @ chrome-extension://ihaelfjohnpciodjianpgchimpgifgjk/js/direct.js:324
[    7442ms] [LOG] [direct] Download button injected (player mini) @ chrome-extension://ihaelfjohnpciodjianpgchimpgifgjk/js/direct.js:306
[    7442ms] [LOG] [direct] deduped player to 1 @ chrome-extension://ihaelfjohnpciodjianpgchimpgifgjk/js/direct.js:324
[    7443ms] [LOG] [direct] Download button injected (player mini) @ chrome-extension://ihaelfjohnpciodjianpgchimpgifgjk/js/direct.js:306
[    7444ms] [LOG] [direct] deduped player to 1 @ chrome-extension://ihaelfjohnpciodjianpgchimpgifgjk/js/direct.js:324
[    7444ms] [LOG] [direct] Download button injected (player mini) @ chrome-extension://ihaelfjohnpciodjianpgchimpgifgjk/js/direct.js:306
[    7445ms] [LOG] [direct] deduped player to 1 @ chrome-extension://ihaelfjohnpciodjianpgchimpgifgjk/js/direct.js:324
[    7445ms] [LOG] [direct] Download button injected (player mini) @ chrome-extension://ihaelfjohnpciodjianpgchimpgifgjk/js/direct.js:306
[    7446ms] [LOG] [direct] deduped player to 1 @ chrome-extension://ihaelfjohnpciodjianpgchimpgifgjk/js/direct.js:324
[    7447ms] [LOG] [direct] Download button injected (player mini) @ chrome-extension://ihaelfjohnpciodjianpgchimpgifgjk/js/direct.js:306
[    7447ms] [LOG] [direct] deduped player to 1 @ chrome-extension://ihaelfjohnpciodjianpgchimpgifgjk/js/direct.js:324
[    7448ms] [LOG] [direct] Download button injected (player mini) @ chrome-extension://ihaelfjohnpciodjianpgchimpgifgjk/js/direct.js:306
[    7449ms] [LOG] [direct] deduped player to 1 @ chrome-extension://ihaelfjohnpciodjianpgchimpgifgjk/js/direct.js:324
[    7449ms] [LOG] [direct] Download button injected (player mini) @ chrome-extension://ihaelfjohnpciodjianpgchimpgifgjk/js/direct.js:306
[    7450ms] [LOG] [direct] deduped player to 1 @ chrome-extension://ihaelfjohnpciodjianpgchimpgifgjk/js/direct.js:324
[    7451ms] [LOG] [direct] Download button injected (player mini) @ chrome-extension://ihaelfjohnpciodjianpgchimpgifgjk/js/direct.js:306
[    7451ms] [LOG] [direct] deduped player to 1 @ chrome-extension://ihaelfjohnpciodjianpgchimpgifgjk/js/direct.js:324
[    7452ms] [LOG] [direct] Download button injected (player mini) @ chrome-extension://ihaelfjohnpciodjianpgchimpgifgjk/js/direct.js:306
[    7452ms] [LOG] [direct] deduped player to 1 @ chrome-extension://ihaelfjohnpciodjianpgchimpgifgjk/js/direct.js:324
[    7453ms] [LOG] [direct] Download button injected (player mini) @ chrome-extension://ihaelfjohnpciodjianpgchimpgifgjk/js/direct.js:306
[    7453ms] [LOG] [direct] deduped player to 1 @ chrome-extension://ihaelfjohnpciodjianpgchimpgifgjk/js/direct.js:324
[    7454ms] [LOG] [direct] Download button injected (player mini) @ chrome-extension://ihaelfjohnpciodjianpgchimpgifgjk/js/direct.js:306
[    7454ms] [LOG] [direct] deduped player to 1 @ chrome-extension://ihaelfjohnpciodjianpgchimpgifgjk/js/direct.js:324
[    7455ms] [LOG] [direct] Download button injected (player mini) @ chrome-extension://ihaelfjohnpciodjianpgchimpgifgjk/js/direct.js:306
[    7455ms] [LOG] [direct] deduped player to 1 @ chrome-extension://ihaelfjohnpciodjianpgchimpgifgjk/js/direct.js:324
[    7456ms] [LOG] [direct] Download button injected (player mini) @ chrome-extension://ihaelfjohnpciodjianpgchimpgifgjk/js/direct.js:306
[    7456ms] [LOG] [direct] deduped player to 1 @ chrome-extension://ihaelfjohnpciodjianpgchimpgifgjk/js/direct.js:324
[    7457ms] [LOG] [direct] Download button injected (player mini) @ chrome-extension://ihaelfjohnpciodjianpgchimpgifgjk/js/direct.js:306
[    7457ms] [LOG] [direct] deduped player to 1 @ chrome-extension://ihaelfjohnpciodjianpgchimpgifgjk/js/direct.js:324
[    7458ms] [LOG] [direct] Download button injected (player mini) @ chrome-extension://ihaelfjohnpciodjianpgchimpgifgjk/js/direct.js:306
[    7458ms] [LOG] [direct] deduped player to 1 @ chrome-extension://ihaelfjohnpciodjianpgchimpgifgjk/js/direct.js:324
[    7460ms] [LOG] [direct] Download button injected (player mini) @ chrome-extension://ihaelfjohnpciodjianpgchimpgifgjk/js/direct.js:306
[    7460ms] [LOG] [direct] deduped player to 1 @ chrome-extension://ihaelfjohnpciodjianpgchimpgifgjk/js/direct.js:324
[    7461ms] [LOG] [direct] Download button injected (player mini) @ chrome-extension://ihaelfjohnpciodjianpgchimpgifgjk/js/direct.js:306
[    7461ms] [LOG] [direct] deduped player to 1 @ chrome-extension://ihaelfjohnpciodjianpgchimpgifgjk/js/direct.js:324
[    7462ms] [LOG] [direct] Download button injected (player mini) @ chrome-extension://ihaelfjohnpciodjianpgchimpgifgjk/js/direct.js:306
[    7462ms] [LOG] [direct] deduped player to 1 @ chrome-extension://ihaelfjohnpciodjianpgchimpgifgjk/js/direct.js:324
[    7463ms] [LOG] [direct] Download button injected (player mini) @ chrome-extension://ihaelfjohnpciodjianpgchimpgifgjk/js/direct.js:306
[    7464ms] [LOG] [direct] deduped player to 1 @ chrome-extension://ihaelfjohnpciodjianpgchimpgifgjk/js/direct.js:324
[    7464ms] [LOG] [direct] Download button injected (player mini) @ chrome-extension://ihaelfjohnpciodjianpgchimpgifgjk/js/direct.js:306
[    7465ms] [LOG] [direct] deduped player to 1 @ chrome-extension://ihaelfjohnpciodjianpgchimpgifgjk/js/direct.js:324
[    7465ms] [LOG] [direct] Download button injected (player mini) @ chrome-extension://ihaelfjohnpciodjianpgchimpgifgjk/js/direct.js:306
[    7466ms] [LOG] [direct] deduped player to 1 @ chrome-extension://ihaelfjohnpciodjianpgchimpgifgjk/js/direct.js:324
[    7466ms] [LOG] [direct] Download button injected (player mini) @ chrome-extension://ihaelfjohnpciodjianpgchimpgifgjk/js/direct.js:306
[    7466ms] [LOG] [direct] deduped player to 1 @ chrome-extension://ihaelfjohnpciodjianpgchimpgifgjk/js/direct.js:324
[    7467ms] [LOG] [direct] Download button injected (player mini) @ chrome-extension://ihaelfjohnpciodjianpgchimpgifgjk/js/direct.js:306
[    7467ms] [LOG] [direct] deduped player to 1 @ chrome-extension://ihaelfjohnpciodjianpgchimpgifgjk/js/direct.js:324
[    7468ms] [LOG] [direct] Download button injected (player mini) @ chrome-extension://ihaelfjohnpciodjianpgchimpgifgjk/js/direct.js:306
[    7468ms] [LOG] [direct] deduped player to 1 @ chrome-extension://ihaelfjohnpciodjianpgchimpgifgjk/js/direct.js:324
[    7469ms] [LOG] [direct] Download button injected (player mini) @ chrome-extension://ihaelfjohnpciodjianpgchimpgifgjk/js/direct.js:306
[    7469ms] [LOG] [direct] deduped player to 1 @ chrome-extension://ihaelfjohnpciodjianpgchimpgifgjk/js/direct.js:324
[    7469ms] [LOG] [direct] Download button injected (player mini) @ chrome-extension://ihaelfjohnpciodjianpgchimpgifgjk/js/direct.js:306
[    7470ms] [LOG] [direct] deduped player to 1 @ chrome-extension://ihaelfjohnpciodjianpgchimpgifgjk/js/direct.js:324
[    7470ms] [LOG] [direct] Download button injected (player mini) @ chrome-extension://ihaelfjohnpciodjianpgchimpgifgjk/js/direct.js:306
[    7471ms] [LOG] [direct] deduped player to 1 @ chrome-extension://ihaelfjohnpciodjianpgchimpgifgjk/js/direct.js:324
[    7471ms] [LOG] [direct] Download button injected (player mini) @ chrome-extension://ihaelfjohnpciodjianpgchimpgifgjk/js/direct.js:306
[    7471ms] [LOG] [direct] deduped player to 1 @ chrome-extension://ihaelfjohnpciodjianpgchimpgifgjk/js/direct.js:324
[    7472ms] [LOG] [direct] Download button injected (player mini) @ chrome-extension://ihaelfjohnpciodjianpgchimpgifgjk/js/direct.js:306
[    7472ms] [LOG] [direct] deduped player to 1 @ chrome-extension://ihaelfjohnpciodjianpgchimpgifgjk/js/direct.js:324
[    7473ms] [LOG] [direct] Download button injected (player mini) @ chrome-extension://ihaelfjohnpciodjianpgchimpgifgjk/js/direct.js:306
[    7473ms] [LOG] [direct] deduped player to 1 @ chrome-extension://ihaelfjohnpciodjianpgchimpgifgjk/js/direct.js:324
[    7473ms] [LOG] [direct] Download button injected (player mini) @ chrome-extension://ihaelfjohnpciodjianpgchimpgifgjk/js/direct.js:306
[    7474ms] [LOG] [direct] deduped player to 1 @ chrome-extension://ihaelfjohnpciodjianpgchimpgifgjk/js/direct.js:324
[    7475ms] [LOG] [direct] Download button injected (player mini) @ chrome-extension://ihaelfjohnpciodjianpgchimpgifgjk/js/direct.js:306
[    7476ms] [LOG] [direct] deduped player to 1 @ chrome-extension://ihaelfjohnpciodjianpgchimpgifgjk/js/direct.js:324
[    7476ms] [LOG] [direct] Download button injected (player mini) @ chrome-extension://ihaelfjohnpciodjianpgchimpgifgjk/js/direct.js:306
[    7477ms] [LOG] [direct] deduped player to 1 @ chrome-extension://ihaelfjohnpciodjianpgchimpgifgjk/js/direct.js:324
[    7477ms] [LOG] [direct] Download button injected (player mini) @ chrome-extension://ihaelfjohnpciodjianpgchimpgifgjk/js/direct.js:306
[    7478ms] [LOG] [direct] deduped player to 1 @ chrome-extension://ihaelfjohnpciodjianpgchimpgifgjk/js/direct.js:324
[    7479ms] [LOG] [direct] Download button injected (player mini) @ chrome-extension://ihaelfjohnpciodjianpgchimpgifgjk/js/direct.js:306
[    7479ms] [LOG] [direct] deduped player to 1 @ chrome-extension://ihaelfjohnpciodjianpgchimpgifgjk/js/direct.js:324
[    7479ms] [LOG] [direct] Download button injected (player mini) @ chrome-extension://ihaelfjohnpciodjianpgchimpgifgjk/js/direct.js:306
[    7480ms] [LOG] [direct] deduped player to 1 @ chrome-extension://ihaelfjohnpciodjianpgchimpgifgjk/js/direct.js:324
[    7480ms] [LOG] [direct] Download button injected (player mini) @ chrome-extension://ihaelfjohnpciodjianpgchimpgifgjk/js/direct.js:306
[    7480ms] [LOG] [direct] deduped player to 1 @ chrome-extension://ihaelfjohnpciodjianpgchimpgifgjk/js/direct.js:324
[    7481ms] [LOG] [direct] Download button injected (player mini) @ chrome-extension://ihaelfjohnpciodjianpgchimpgifgjk/js/direct.js:306
[    7481ms] [LOG] [direct] deduped player to 1 @ chrome-extension://ihaelfjohnpciodjianpgchimpgifgjk/js/direct.js:324
[    7482ms] [LOG] [direct] Download button injected (player mini) @ chrome-extension://ihaelfjohnpciodjianpgchimpgifgjk/js/direct.js:306
[    7482ms] [LOG] [direct] deduped player to 1 @ chrome-extension://ihaelfjohnpciodjianpgchimpgifgjk/js/direct.js:324
[    7483ms] [LOG] [direct] Download button injected (player mini) @ chrome-extension://ihaelfjohnpciodjianpgchimpgifgjk/js/direct.js:306
[    7483ms] [LOG] [direct] deduped player to 1 @ chrome-extension://ihaelfjohnpciodjianpgchimpgifgjk/js/direct.js:324
[    7484ms] [LOG] [direct] Download button injected (player mini) @ chrome-extension://ihaelfjohnpciodjianpgchimpgifgjk/js/direct.js:306
[    7484ms] [LOG] [direct] deduped player to 1 @ chrome-extension://ihaelfjohnpciodjianpgchimpgifgjk/js/direct.js:324
[    7484ms] [LOG] [direct] Download button injected (player mini) @ chrome-extension://ihaelfjohnpciodjianpgchimpgifgjk/js/direct.js:306
[    7485ms] [LOG] [direct] deduped player to 1 @ chrome-extension://ihaelfjohnpciodjianpgchimpgifgjk/js/direct.js:324
[    7485ms] [LOG] [direct] Download button injected (player mini) @ chrome-extension://ihaelfjohnpciodjianpgchimpgifgjk/js/direct.js:306
[    7485ms] [LOG] [direct] deduped player to 1 @ chrome-extension://ihaelfjohnpciodjianpgchimpgifgjk/js/direct.js:324
[    7486ms] [LOG] [direct] Download button injected (player mini) @ chrome-extension://ihaelfjohnpciodjianpgchimpgifgjk/js/direct.js:306
[    7486ms] [LOG] [direct] deduped player to 1 @ chrome-extension://ihaelfjohnpciodjianpgchimpgifgjk/js/direct.js:324
[    7487ms] [LOG] [direct] Download button injected (player mini) @ chrome-extension://ihaelfjohnpciodjianpgchimpgifgjk/js/direct.js:306
[    7487ms] [LOG] [direct] deduped player to 1 @ chrome-extension://ihaelfjohnpciodjianpgchimpgifgjk/js/direct.js:324
[    7488ms] [LOG] [direct] Download button injected (player mini) @ chrome-extension://ihaelfjohnpciodjianpgchimpgifgjk/js/direct.js:306
[    7488ms] [LOG] [direct] deduped player to 1 @ chrome-extension://ihaelfjohnpciodjianpgchimpgifgjk/js/direct.js:324
[    7489ms] [LOG] [direct] Download button injected (player mini) @ chrome-extension://ihaelfjohnpciodjianpgchimpgifgjk/js/direct.js:306
[    7489ms] [LOG] [direct] deduped player to 1 @ chrome-extension://ihaelfjohnpciodjianpgchimpgifgjk/js/direct.js:324
[    7490ms] [LOG] [direct] Download button injected (player mini) @ chrome-extension://ihaelfjohnpciodjianpgchimpgifgjk/js/direct.js:306
[    7490ms] [LOG] [direct] deduped player to 1 @ chrome-extension://ihaelfjohnpciodjianpgchimpgifgjk/js/direct.js:324
[    7490ms] [LOG] [direct] Download button injected (player mini) @ chrome-extension://ihaelfjohnpciodjianpgchimpgifgjk/js/direct.js:306
[    7491ms] [LOG] [direct] deduped player to 1 @ chrome-extension://ihaelfjohnpciodjianpgchimpgifgjk/js/direct.js:324
[    7492ms] [LOG] [direct] Download button injected (player mini) @ chrome-extension://ihaelfjohnpciodjianpgchimpgifgjk/js/direct.js:306
[    7492ms] [LOG] [direct] deduped player to 1 @ chrome-extension://ihaelfjohnpciodjianpgchimpgifgjk/js/direct.js:324
[    7493ms] [LOG] [direct] Download button injected (player mini) @ chrome-extension://ihaelfjohnpciodjianpgchimpgifgjk/js/direct.js:306
[    7493ms] [LOG] [direct] deduped player to 1 @ chrome-extension://ihaelfjohnpciodjianpgchimpgifgjk/js/direct.js:324
[    7494ms] [LOG] [direct] Download button injected (player mini) @ chrome-extension://ihaelfjohnpciodjianpgchimpgifgjk/js/direct.js:306
[    7494ms] [LOG] [direct] deduped player to 1 @ chrome-extension://ihaelfjohnpciodjianpgchimpgifgjk/js/direct.js:324
[    7495ms] [LOG] [direct] Download button injected (player mini) @ chrome-extension://ihaelfjohnpciodjianpgchimpgifgjk/js/direct.js:306
[    7495ms] [LOG] [direct] deduped player to 1 @ chrome-extension://ihaelfjohnpciodjianpgchimpgifgjk/js/direct.js:324
[    7496ms] [LOG] [direct] Download button injected (player mini) @ chrome-extension://ihaelfjohnpciodjianpgchimpgifgjk/js/direct.js:306
[    7496ms] [LOG] [direct] deduped player to 1 @ chrome-extension://ihaelfjohnpciodjianpgchimpgifgjk/js/direct.js:324
[    7497ms] [LOG] [direct] Download button injected (player mini) @ chrome-extension://ihaelfjohnpciodjianpgchimpgifgjk/js/direct.js:306
[    7497ms] [LOG] [direct] deduped player to 1 @ chrome-extension://ihaelfjohnpciodjianpgchimpgifgjk/js/direct.js:324
[    7498ms] [LOG] [direct] Download button injected (player mini) @ chrome-extension://ihaelfjohnpciodjianpgchimpgifgjk/js/direct.js:306
[    7498ms] [LOG] [direct] deduped player to 1 @ chrome-extension://ihaelfjohnpciodjianpgchimpgifgjk/js/direct.js:324
[    7499ms] [LOG] [direct] Download button injected (player mini) @ chrome-extension://ihaelfjohnpciodjianpgchimpgifgjk/js/direct.js:306
[    7499ms] [LOG] [direct] deduped player to 1 @ chrome-extension://ihaelfjohnpciodjianpgchimpgifgjk/js/direct.js:324
[    7500ms] [LOG] [direct] Download button injected (player mini) @ chrome-extension://ihaelfjohnpciodjianpgchimpgifgjk/js/direct.js:306
[    7500ms] [LOG] [direct] deduped player to 1 @ chrome-extension://ihaelfjohnpciodjianpgchimpgifgjk/js/direct.js:324
[    7501ms] [LOG] [direct] Download button injected (player mini) @ chrome-extension://ihaelfjohnpciodjianpgchimpgifgjk/js/direct.js:306
[    7502ms] [LOG] [direct] deduped player to 1 @ chrome-extension://ihaelfjohnpciodjianpgchimpgifgjk/js/direct.js:324
[    7503ms] [LOG] [direct] Download button injected (player mini) @ chrome-extension://ihaelfjohnpciodjianpgchimpgifgjk/js/direct.js:306
[    7503ms] [LOG] [direct] deduped player to 1 @ chrome-extension://ihaelfjohnpciodjianpgchimpgifgjk/js/direct.js:324
[    7504ms] [LOG] [direct] Download button injected (player mini) @ chrome-extension://ihaelfjohnpciodjianpgchimpgifgjk/js/direct.js:306
[    7504ms] [LOG] [direct] deduped player to 1 @ chrome-extension://ihaelfjohnpciodjianpgchimpgifgjk/js/direct.js:324
[    7505ms] [LOG] [direct] Download button injected (player mini) @ chrome-extension://ihaelfjohnpciodjianpgchimpgifgjk/js/direct.js:306
[    7505ms] [LOG] [direct] deduped player to 1 @ chrome-extension://ihaelfjohnpciodjianpgchimpgifgjk/js/direct.js:324
[    7506ms] [LOG] [direct] Download button injected (player mini) @ chrome-extension://ihaelfjohnpciodjianpgchimpgifgjk/js/direct.js:306
[    7506ms] [LOG] [direct] deduped player to 1 @ chrome-extension://ihaelfjohnpciodjianpgchimpgifgjk/js/direct.js:324
[    7507ms] [LOG] [direct] Download button injected (player mini) @ chrome-extension://ihaelfjohnpciodjianpgchimpgifgjk/js/direct.js:306
[    7508ms] [LOG] [direct] deduped player to 1 @ chrome-extension://ihaelfjohnpciodjianpgchimpgifgjk/js/direct.js:324
[    7509ms] [LOG] [direct] Download button injected (player mini) @ chrome-extension://ihaelfjohnpciodjianpgchimpgifgjk/js/direct.js:306
[    7509ms] [LOG] [direct] deduped player to 1 @ chrome-extension://ihaelfjohnpciodjianpgchimpgifgjk/js/direct.js:324
[    7510ms] [LOG] [direct] Download button injected (player mini) @ chrome-extension://ihaelfjohnpciodjianpgchimpgifgjk/js/direct.js:306
[    7510ms] [LOG] [direct] deduped player to 1 @ chrome-extension://ihaelfjohnpciodjianpgchimpgifgjk/js/direct.js:324
[    7511ms] [LOG] [direct] Download button injected (player mini) @ chrome-extension://ihaelfjohnpciodjianpgchimpgifgjk/js/direct.js:306
[    7511ms] [LOG] [direct] deduped player to 1 @ chrome-extension://ihaelfjohnpciodjianpgchimpgifgjk/js/direct.js:324
[    7512ms] [LOG] [direct] Download button injected (player mini) @ chrome-extension://ihaelfjohnpciodjianpgchimpgifgjk/js/direct.js:306
[    7512ms] [LOG] [direct] deduped player to 1 @ chrome-extension://ihaelfjohnpciodjianpgchimpgifgjk/js/direct.js:324
[    7513ms] [LOG] [direct] Download button injected (player mini) @ chrome-extension://ihaelfjohnpciodjianpgchimpgifgjk/js/direct.js:306
[    7513ms] [LOG] [direct] deduped player to 1 @ chrome-extension://ihaelfjohnpciodjianpgchimpgifgjk/js/direct.js:324
[    7514ms] [LOG] [direct] Download button injected (player mini) @ chrome-extension://ihaelfjohnpciodjianpgchimpgifgjk/js/direct.js:306
[    7514ms] [LOG] [direct] deduped player to 1 @ chrome-extension://ihaelfjohnpciodjianpgchimpgifgjk/js/direct.js:324
[    7515ms] [LOG] [direct] Download button injected (player mini) @ chrome-extension://ihaelfjohnpciodjianpgchimpgifgjk/js/direct.js:306
[    7515ms] [LOG] [direct] deduped player to 1 @ chrome-extension://ihaelfjohnpciodjianpgchimpgifgjk/js/direct.js:324
[    7516ms] [LOG] [direct] Download button injected (player mini) @ chrome-extension://ihaelfjohnpciodjianpgchimpgifgjk/js/direct.js:306
[    7517ms] [LOG] [direct] deduped player to 1 @ chrome-extension://ihaelfjohnpciodjianpgchimpgifgjk/js/direct.js:324
[    7517ms] [LOG] [direct] Download button injected (player mini) @ chrome-extension://ihaelfjohnpciodjianpgchimpgifgjk/js/direct.js:306
[    7518ms] [LOG] [direct] deduped player to 1 @ chrome-extension://ihaelfjohnpciodjianpgchimpgifgjk/js/direct.js:324
[    7518ms] [LOG] [direct] Download button injected (player mini) @ chrome-extension://ihaelfjohnpciodjianpgchimpgifgjk/js/direct.js:306
[    7519ms] [LOG] [direct] deduped player to 1 @ chrome-extension://ihaelfjohnpciodjianpgchimpgifgjk/js/direct.js:324
[    7519ms] [LOG] [direct] Download button injected (player mini) @ chrome-extension://ihaelfjohnpciodjianpgchimpgifgjk/js/direct.js:306
[    7519ms] [LOG] [direct] deduped player to 1 @ chrome-extension://ihaelfjohnpciodjianpgchimpgifgjk/js/direct.js:324
[    7520ms] [LOG] [direct] Download button injected (player mini) @ chrome-extension://ihaelfjohnpciodjianpgchimpgifgjk/js/direct.js:306
[    7521ms] [LOG] [direct] deduped player to 1 @ chrome-extension://ihaelfjohnpciodjianpgchimpgifgjk/js/direct.js:324
[    7521ms] [LOG] [direct] Download button injected (player mini) @ chrome-extension://ihaelfjohnpciodjianpgchimpgifgjk/js/direct.js:306
[    7522ms] [LOG] [direct] deduped player to 1 @ chrome-extension://ihaelfjohnpciodjianpgchimpgifgjk/js/direct.js:324
[    7523ms] [LOG] [direct] Download button injected (player mini) @ chrome-extension://ihaelfjohnpciodjianpgchimpgifgjk/js/direct.js:306
[    7523ms] [LOG] [direct] deduped player to 1 @ chrome-extension://ihaelfjohnpciodjianpgchimpgifgjk/js/direct.js:324
[    7524ms] [LOG] [direct] Download button injected (player mini) @ chrome-extension://ihaelfjohnpciodjianpgchimpgifgjk/js/direct.js:306
[    7524ms] [LOG] [direct] deduped player to 1 @ chrome-extension://ihaelfjohnpciodjianpgchimpgifgjk/js/direct.js:324
[    7526ms] [LOG] [direct] Download button injected (player mini) @ chrome-extension://ihaelfjohnpciodjianpgchimpgifgjk/js/direct.js:306
[    7526ms] [LOG] [direct] deduped player to 1 @ chrome-extension://ihaelfjohnpciodjianpgchimpgifgjk/js/direct.js:324
[    7527ms] [LOG] [direct] Download button injected (player mini) @ chrome-extension://ihaelfjohnpciodjianpgchimpgifgjk/js/direct.js:306
[    7527ms] [LOG] [direct] deduped player to 1 @ chrome-extension://ihaelfjohnpciodjianpgchimpgifgjk/js/direct.js:324
[    7528ms] [LOG] [direct] Download button injected (player mini) @ chrome-extension://ihaelfjohnpciodjianpgchimpgifgjk/js/direct.js:306
[    7529ms] [LOG] [direct] deduped player to 1 @ chrome-extension://ihaelfjohnpciodjianpgchimpgifgjk/js/direct.js:324
[    7529ms] [LOG] [direct] Download button injected (player mini) @ chrome-extension://ihaelfjohnpciodjianpgchimpgifgjk/js/direct.js:306
[    7530ms] [LOG] [direct] deduped player to 1 @ chrome-extension://ihaelfjohnpciodjianpgchimpgifgjk/js/direct.js:324
[    7530ms] [LOG] [direct] Download button injected (player mini) @ chrome-extension://ihaelfjohnpciodjianpgchimpgifgjk/js/direct.js:306
[    7531ms] [LOG] [direct] deduped player to 1 @ chrome-extension://ihaelfjohnpciodjianpgchimpgifgjk/js/direct.js:324
[    7531ms] [LOG] [direct] Download button injected (player mini) @ chrome-extension://ihaelfjohnpciodjianpgchimpgifgjk/js/direct.js:306
[    7531ms] [LOG] [direct] deduped player to 1 @ chrome-extension://ihaelfjohnpciodjianpgchimpgifgjk/js/direct.js:324
[    7532ms] [LOG] [direct] Download button injected (player mini) @ chrome-extension://ihaelfjohnpciodjianpgchimpgifgjk/js/direct.js:306
[    7532ms] [LOG] [direct] deduped player to 1 @ chrome-extension://ihaelfjohnpciodjianpgchimpgifgjk/js/direct.js:324
[    7533ms] [LOG] [direct] Download button injected (player mini) @ chrome-extension://ihaelfjohnpciodjianpgchimpgifgjk/js/direct.js:306
[    7533ms] [LOG] [direct] deduped player to 1 @ chrome-extension://ihaelfjohnpciodjianpgchimpgifgjk/js/direct.js:324
[    7534ms] [LOG] [direct] Download button injected (player mini) @ chrome-extension://ihaelfjohnpciodjianpgchimpgifgjk/js/direct.js:306
[    7534ms] [LOG] [direct] deduped player to 1 @ chrome-extension://ihaelfjohnpciodjianpgchimpgifgjk/js/direct.js:324
[    7535ms] [LOG] [direct] Download button injected (player mini) @ chrome-extension://ihaelfjohnpciodjianpgchimpgifgjk/js/direct.js:306
[    7535ms] [LOG] [direct] deduped player to 1 @ chrome-extension://ihaelfjohnpciodjianpgchimpgifgjk/js/direct.js:324
[    7536ms] [LOG] [direct] Download button injected (player mini) @ chrome-extension://ihaelfjohnpciodjianpgchimpgifgjk/js/direct.js:306
[    7536ms] [LOG] [direct] deduped player to 1 @ chrome-extension://ihaelfjohnpciodjianpgchimpgifgjk/js/direct.js:324
[    7536ms] [LOG] [direct] Download button injected (player mini) @ chrome-extension://ihaelfjohnpciodjianpgchimpgifgjk/js/direct.js:306
[    7537ms] [LOG] [direct] deduped player to 1 @ chrome-extension://ihaelfjohnpciodjianpgchimpgifgjk/js/direct.js:324
[    7537ms] [LOG] [direct] Download button injected (player mini) @ chrome-extension://ihaelfjohnpciodjianpgchimpgifgjk/js/direct.js:306
[    7538ms] [LOG] [direct] deduped player to 1 @ chrome-extension://ihaelfjohnpciodjianpgchimpgifgjk/js/direct.js:324
[    7539ms] [LOG] [direct] Download button injected (player mini) @ chrome-extension://ihaelfjohnpciodjianpgchimpgifgjk/js/direct.js:306
[    7539ms] [LOG] [direct] deduped player to 1 @ chrome-extension://ihaelfjohnpciodjianpgchimpgifgjk/js/direct.js:324
[    7540ms] [LOG] [direct] Download button injected (player mini) @ chrome-extension://ihaelfjohnpciodjianpgchimpgifgjk/js/direct.js:306
[    7540ms] [LOG] [direct] deduped player to 1 @ chrome-extension://ihaelfjohnpciodjianpgchimpgifgjk/js/direct.js:324
[    7540ms] [LOG] [direct] Download button injected (player mini) @ chrome-extension://ihaelfjohnpciodjianpgchimpgifgjk/js/direct.js:306
[    7541ms] [LOG] [direct] deduped player to 1 @ chrome-extension://ihaelfjohnpciodjianpgchimpgifgjk/js/direct.js:324
[    7541ms] [LOG] [direct] Download button injected (player mini) @ chrome-extension://ihaelfjohnpciodjianpgchimpgifgjk/js/direct.js:306
[    7542ms] [LOG] [direct] deduped player to 1 @ chrome-extension://ihaelfjohnpciodjianpgchimpgifgjk/js/direct.js:324
[    7543ms] [LOG] [direct] Download button injected (player mini) @ chrome-extension://ihaelfjohnpciodjianpgchimpgifgjk/js/direct.js:306
[    7543ms] [LOG] [direct] deduped player to 1 @ chrome-extension://ihaelfjohnpciodjianpgchimpgifgjk/js/direct.js:324
[    7544ms] [LOG] [direct] Download button injected (player mini) @ chrome-extension://ihaelfjohnpciodjianpgchimpgifgjk/js/direct.js:306
[    7544ms] [LOG] [direct] deduped player to 1 @ chrome-extension://ihaelfjohnpciodjianpgchimpgifgjk/js/direct.js:324
[    7545ms] [LOG] [direct] Download button injected (player mini) @ chrome-extension://ihaelfjohnpciodjianpgchimpgifgjk/js/direct.js:306
[    7545ms] [LOG] [direct] deduped player to 1 @ chrome-extension://ihaelfjohnpciodjianpgchimpgifgjk/js/direct.js:324
[    7546ms] [LOG] [direct] Download button injected (player mini) @ chrome-extension://ihaelfjohnpciodjianpgchimpgifgjk/js/direct.js:306
[    7546ms] [LOG] [direct] deduped player to 1 @ chrome-extension://ihaelfjohnpciodjianpgchimpgifgjk/js/direct.js:324
[    7546ms] [LOG] [direct] Download button injected (player mini) @ chrome-extension://ihaelfjohnpciodjianpgchimpgifgjk/js/direct.js:306
[    7547ms] [LOG] [direct] deduped player to 1 @ chrome-extension://ihaelfjohnpciodjianpgchimpgifgjk/js/direct.js:324
[    7547ms] [LOG] [direct] Download button injected (player mini) @ chrome-extension://ihaelfjohnpciodjianpgchimpgifgjk/js/direct.js:306
[    7547ms] [LOG] [direct] deduped player to 1 @ chrome-extension://ihaelfjohnpciodjianpgchimpgifgjk/js/direct.js:324
[    7548ms] [LOG] [direct] Download button injected (player mini) @ chrome-extension://ihaelfjohnpciodjianpgchimpgifgjk/js/direct.js:306
[    7548ms] [LOG] [direct] deduped player to 1 @ chrome-extension://ihaelfjohnpciodjianpgchimpgifgjk/js/direct.js:324
[    7549ms] [LOG] [direct] Download button injected (player mini) @ chrome-extension://ihaelfjohnpciodjianpgchimpgifgjk/js/direct.js:306
[    7549ms] [LOG] [direct] deduped player to 1 @ chrome-extension://ihaelfjohnpciodjianpgchimpgifgjk/js/direct.js:324
[    7550ms] [LOG] [direct] Download button injected (player mini) @ chrome-extension://ihaelfjohnpciodjianpgchimpgifgjk/js/direct.js:306
[    7550ms] [LOG] [direct] deduped player to 1 @ chrome-extension://ihaelfjohnpciodjianpgchimpgifgjk/js/direct.js:324
[    7551ms] [LOG] [direct] Download button injected (player mini) @ chrome-extension://ihaelfjohnpciodjianpgchimpgifgjk/js/direct.js:306
[    7551ms] [LOG] [direct] deduped player to 1 @ chrome-extension://ihaelfjohnpciodjianpgchimpgifgjk/js/direct.js:324
[    7552ms] [LOG] [direct] Download button injected (player mini) @ chrome-extension://ihaelfjohnpciodjianpgchimpgifgjk/js/direct.js:306
[    7552ms] [LOG] [direct] deduped player to 1 @ chrome-extension://ihaelfjohnpciodjianpgchimpgifgjk/js/direct.js:324
[    7553ms] [LOG] [direct] Download button injected (player mini) @ chrome-extension://ihaelfjohnpciodjianpgchimpgifgjk/js/direct.js:306
[    7553ms] [LOG] [direct] deduped player to 1 @ chrome-extension://ihaelfjohnpciodjianpgchimpgifgjk/js/direct.js:324
[    7554ms] [LOG] [direct] Download button injected (player mini) @ chrome-extension://ihaelfjohnpciodjianpgchimpgifgjk/js/direct.js:306
[    7554ms] [LOG] [direct] deduped player to 1 @ chrome-extension://ihaelfjohnpciodjianpgchimpgifgjk/js/direct.js:324
[    7555ms] [LOG] [direct] Download button injected (player mini) @ chrome-extension://ihaelfjohnpciodjianpgchimpgifgjk/js/direct.js:306
[    7555ms] [LOG] [direct] deduped player to 1 @ chrome-extension://ihaelfjohnpciodjianpgchimpgifgjk/js/direct.js:324
[    7556ms] [LOG] [direct] Download button injected (player mini) @ chrome-extension://ihaelfjohnpciodjianpgchimpgifgjk/js/direct.js:306
[    7556ms] [LOG] [direct] deduped player to 1 @ chrome-extension://ihaelfjohnpciodjianpgchimpgifgjk/js/direct.js:324
[    7557ms] [LOG] [direct] Download button injected (player mini) @ chrome-extension://ihaelfjohnpciodjianpgchimpgifgjk/js/direct.js:306
[    7557ms] [LOG] [direct] deduped player to 1 @ chrome-extension://ihaelfjohnpciodjianpgchimpgifgjk/js/direct.js:324
[    7557ms] [LOG] [direct] Download button injected (player mini) @ chrome-extension://ihaelfjohnpciodjianpgchimpgifgjk/js/direct.js:306
[    7558ms] [LOG] [direct] deduped player to 1 @ chrome-extension://ihaelfjohnpciodjianpgchimpgifgjk/js/direct.js:324
[    7558ms] [LOG] [direct] Download button injected (player mini) @ chrome-extension://ihaelfjohnpciodjianpgchimpgifgjk/js/direct.js:306
[    7559ms] [LOG] [direct] deduped player to 1 @ chrome-extension://ihaelfjohnpciodjianpgchimpgifgjk/js/direct.js:324
[    7560ms] [LOG] [direct] Download button injected (player mini) @ chrome-extension://ihaelfjohnpciodjianpgchimpgifgjk/js/direct.js:306
[    7560ms] [LOG] [direct] deduped player to 1 @ chrome-extension://ihaelfjohnpciodjianpgchimpgifgjk/js/direct.js:324
[    7561ms] [LOG] [direct] Download button injected (player mini) @ chrome-extension://ihaelfjohnpciodjianpgchimpgifgjk/js/direct.js:306
[    7561ms] [LOG] [direct] deduped player to 1 @ chrome-extension://ihaelfjohnpciodjianpgchimpgifgjk/js/direct.js:324
[    7562ms] [LOG] [direct] Download button injected (player mini) @ chrome-extension://ihaelfjohnpciodjianpgchimpgifgjk/js/direct.js:306
[    7562ms] [LOG] [direct] deduped player to 1 @ chrome-extension://ihaelfjohnpciodjianpgchimpgifgjk/js/direct.js:324
[    7563ms] [LOG] [direct] Download button injected (player mini) @ chrome-extension://ihaelfjohnpciodjianpgchimpgifgjk/js/direct.js:306
[    7564ms] [LOG] [direct] deduped player to 1 @ chrome-extension://ihaelfjohnpciodjianpgchimpgifgjk/js/direct.js:324
[    7565ms] [LOG] [direct] Download button injected (player mini) @ chrome-extension://ihaelfjohnpciodjianpgchimpgifgjk/js/direct.js:306
[    7565ms] [LOG] [direct] deduped player to 1 @ chrome-extension://ihaelfjohnpciodjianpgchimpgifgjk/js/direct.js:324
[    7566ms] [LOG] [direct] Download button injected (player mini) @ chrome-extension://ihaelfjohnpciodjianpgchimpgifgjk/js/direct.js:306
[    7566ms] [LOG] [direct] deduped player to 1 @ chrome-extension://ihaelfjohnpciodjianpgchimpgifgjk/js/direct.js:324
[    7567ms] [LOG] [direct] Download button injected (player mini) @ chrome-extension://ihaelfjohnpciodjianpgchimpgifgjk/js/direct.js:306
[    7567ms] [LOG] [direct] deduped player to 1 @ chrome-extension://ihaelfjohnpciodjianpgchimpgifgjk/js/direct.js:324
[    7568ms] [LOG] [direct] Download button injected (player mini) @ chrome-extension://ihaelfjohnpciodjianpgchimpgifgjk/js/direct.js:306
[    7568ms] [LOG] [direct] deduped player to 1 @ chrome-extension://ihaelfjohnpciodjianpgchimpgifgjk/js/direct.js:324
[    7569ms] [LOG] [direct] Download button injected (player mini) @ chrome-extension://ihaelfjohnpciodjianpgchimpgifgjk/js/direct.js:306
[    7570ms] [LOG] [direct] deduped player to 1 @ chrome-extension://ihaelfjohnpciodjianpgchimpgifgjk/js/direct.js:324
[    7571ms] [LOG] [direct] Download button injected (player mini) @ chrome-extension://ihaelfjohnpciodjianpgchimpgifgjk/js/direct.js:306
[    7571ms] [LOG] [direct] deduped player to 1 @ chrome-extension://ihaelfjohnpciodjianpgchimpgifgjk/js/direct.js:324
[    7572ms] [LOG] [direct] Download button injected (player mini) @ chrome-extension://ihaelfjohnpciodjianpgchimpgifgjk/js/direct.js:306
[    7573ms] [LOG] [direct] deduped player to 1 @ chrome-extension://ihaelfjohnpciodjianpgchimpgifgjk/js/direct.js:324
[    7574ms] [LOG] [direct] Download button injected (player mini) @ chrome-extension://ihaelfjohnpciodjianpgchimpgifgjk/js/direct.js:306
[    7574ms] [LOG] [direct] deduped player to 1 @ chrome-extension://ihaelfjohnpciodjianpgchimpgifgjk/js/direct.js:324
[    7576ms] [LOG] [direct] Download button injected (player mini) @ chrome-extension://ihaelfjohnpciodjianpgchimpgifgjk/js/direct.js:306
[    7576ms] [LOG] [direct] deduped player to 1 @ chrome-extension://ihaelfjohnpciodjianpgchimpgifgjk/js/direct.js:324
[    7577ms] [LOG] [direct] Download button injected (player mini) @ chrome-extension://ihaelfjohnpciodjianpgchimpgifgjk/js/direct.js:306
[    7577ms] [LOG] [direct] deduped player to 1 @ chrome-extension://ihaelfjohnpciodjianpgchimpgifgjk/js/direct.js:324
[    7578ms] [LOG] [direct] Download button injected (player mini) @ chrome-extension://ihaelfjohnpciodjianpgchimpgifgjk/js/direct.js:306
[    7578ms] [LOG] [direct] deduped player to 1 @ chrome-extension://ihaelfjohnpciodjianpgchimpgifgjk/js/direct.js:324
[    7579ms] [LOG] [direct] Download button injected (player mini) @ chrome-extension://ihaelfjohnpciodjianpgchimpgifgjk/js/direct.js:306
[    7580ms] [LOG] [direct] deduped player to 1 @ chrome-extension://ihaelfjohnpciodjianpgchimpgifgjk/js/direct.js:324
[    7581ms] [LOG] [direct] Download button injected (player mini) @ chrome-extension://ihaelfjohnpciodjianpgchimpgifgjk/js/direct.js:306
[    7581ms] [LOG] [direct] deduped player to 1 @ chrome-extension://ihaelfjohnpciodjianpgchimpgifgjk/js/direct.js:324
[    7582ms] [LOG] [direct] Download button injected (player mini) @ chrome-extension://ihaelfjohnpciodjianpgchimpgifgjk/js/direct.js:306
[    7583ms] [LOG] [direct] deduped player to 1 @ chrome-extension://ihaelfjohnpciodjianpgchimpgifgjk/js/direct.js:324
[    7584ms] [LOG] [direct] Download button injected (player mini) @ chrome-extension://ihaelfjohnpciodjianpgchimpgifgjk/js/direct.js:306
[    7584ms] [LOG] [direct] deduped player to 1 @ chrome-extension://ihaelfjohnpciodjianpgchimpgifgjk/js/direct.js:324
[    7585ms] [LOG] [direct] Download button injected (player mini) @ chrome-extension://ihaelfjohnpciodjianpgchimpgifgjk/js/direct.js:306
[    7585ms] [LOG] [direct] deduped player to 1 @ chrome-extension://ihaelfjohnpciodjianpgchimpgifgjk/js/direct.js:324
[    7586ms] [LOG] [direct] Download button injected (player mini) @ chrome-extension://ihaelfjohnpciodjianpgchimpgifgjk/js/direct.js:306
[    7586ms] [LOG] [direct] deduped player to 1 @ chrome-extension://ihaelfjohnpciodjianpgchimpgifgjk/js/direct.js:324
[    7587ms] [LOG] [direct] Download button injected (player mini) @ chrome-extension://ihaelfjohnpciodjianpgchimpgifgjk/js/direct.js:306
[    7587ms] [LOG] [direct] deduped player to 1 @ chrome-extension://ihaelfjohnpciodjianpgchimpgifgjk/js/direct.js:324
[    7588ms] [LOG] [direct] Download button injected (player mini) @ chrome-extension://ihaelfjohnpciodjianpgchimpgifgjk/js/direct.js:306
[    7588ms] [LOG] [direct] deduped player to 1 @ chrome-extension://ihaelfjohnpciodjianpgchimpgifgjk/js/direct.js:324
[    7589ms] [LOG] [direct] Download button injected (player mini) @ chrome-extension://ihaelfjohnpciodjianpgchimpgifgjk/js/direct.js:306
[    7589ms] [LOG] [direct] deduped player to 1 @ chrome-extension://ihaelfjohnpciodjianpgchimpgifgjk/js/direct.js:324
[    7590ms] [LOG] [direct] Download button injected (player mini) @ chrome-extension://ihaelfjohnpciodjianpgchimpgifgjk/js/direct.js:306
[    7590ms] [LOG] [direct] deduped player to 1 @ chrome-extension://ihaelfjohnpciodjianpgchimpgifgjk/js/direct.js:324
[    7591ms] [LOG] [direct] Download button injected (player mini) @ chrome-extension://ihaelfjohnpciodjianpgchimpgifgjk/js/direct.js:306
[    7592ms] [LOG] [direct] deduped player to 1 @ chrome-extension://ihaelfjohnpciodjianpgchimpgifgjk/js/direct.js:324
[    7593ms] [LOG] [direct] Download button injected (player mini) @ chrome-extension://ihaelfjohnpciodjianpgchimpgifgjk/js/direct.js:306
[    7593ms] [LOG] [direct] deduped player to 1 @ chrome-extension://ihaelfjohnpciodjianpgchimpgifgjk/js/direct.js:324
[    7594ms] [LOG] [direct] Download button injected (player mini) @ chrome-extension://ihaelfjohnpciodjianpgchimpgifgjk/js/direct.js:306
[    7595ms] [LOG] [direct] deduped player to 1 @ chrome-extension://ihaelfjohnpciodjianpgchimpgifgjk/js/direct.js:324
[    7596ms] [LOG] [direct] Download button injected (player mini) @ chrome-extension://ihaelfjohnpciodjianpgchimpgifgjk/js/direct.js:306
[    7596ms] [LOG] [direct] deduped player to 1 @ chrome-extension://ihaelfjohnpciodjianpgchimpgifgjk/js/direct.js:324
[    7597ms] [LOG] [direct] Download button injected (player mini) @ chrome-extension://ihaelfjohnpciodjianpgchimpgifgjk/js/direct.js:306
[    7598ms] [LOG] [direct] deduped player to 1 @ chrome-extension://ihaelfjohnpciodjianpgchimpgifgjk/js/direct.js:324
[    7599ms] [LOG] [direct] Download button injected (player mini) @ chrome-extension://ihaelfjohnpciodjianpgchimpgifgjk/js/direct.js:306
[    7600ms] [LOG] [direct] deduped player to 1 @ chrome-extension://ihaelfjohnpciodjianpgchimpgifgjk/js/direct.js:324
[    7602ms] [LOG] [direct] Download button injected (player mini) @ chrome-extension://ihaelfjohnpciodjianpgchimpgifgjk/js/direct.js:306
[    7602ms] [LOG] [direct] deduped player to 1 @ chrome-extension://ihaelfjohnpciodjianpgchimpgifgjk/js/direct.js:324
[    7604ms] [LOG] [direct] Download button injected (player mini) @ chrome-extension://ihaelfjohnpciodjianpgchimpgifgjk/js/direct.js:306
[    7604ms] [LOG] [direct] deduped player to 1 @ chrome-extension://ihaelfjohnpciodjianpgchimpgifgjk/js/direct.js:324
[    7606ms] [LOG] [direct] Download button injected (player mini) @ chrome-extension://ihaelfjohnpciodjianpgchimpgifgjk/js/direct.js:306
[    7607ms] [LOG] [direct] deduped player to 1 @ chrome-extension://ihaelfjohnpciodjianpgchimpgifgjk/js/direct.js:324
[    7609ms] [LOG] [direct] Download button injected (player mini) @ chrome-extension://ihaelfjohnpciodjianpgchimpgifgjk/js/direct.js:306
[    7609ms] [LOG] [direct] deduped player to 1 @ chrome-extension://ihaelfjohnpciodjianpgchimpgifgjk/js/direct.js:324
[    7610ms] [LOG] [direct] Download button injected (player mini) @ chrome-extension://ihaelfjohnpciodjianpgchimpgifgjk/js/direct.js:306
[    7611ms] [LOG] [direct] deduped player to 1 @ chrome-extension://ihaelfjohnpciodjianpgchimpgifgjk/js/direct.js:324
[    7612ms] [LOG] [direct] Download button injected (player mini) @ chrome-extension://ihaelfjohnpciodjianpgchimpgifgjk/js/direct.js:306
[    7612ms] [LOG] [direct] deduped player to 1 @ chrome-extension://ihaelfjohnpciodjianpgchimpgifgjk/js/direct.js:324
[    7614ms] [LOG] [direct] Download button injected (player mini) @ chrome-extension://ihaelfjohnpciodjianpgchimpgifgjk/js/direct.js:306
[    7614ms] [LOG] [direct] deduped player to 1 @ chrome-extension://ihaelfjohnpciodjianpgchimpgifgjk/js/direct.js:324
[    7615ms] [LOG] [direct] Download button injected (player mini) @ chrome-extension://ihaelfjohnpciodjianpgchimpgifgjk/js/direct.js:306
[    7616ms] [LOG] [direct] deduped player to 1 @ chrome-extension://ihaelfjohnpciodjianpgchimpgifgjk/js/direct.js:324
[    7617ms] [LOG] [direct] Download button injected (player mini) @ chrome-extension://ihaelfjohnpciodjianpgchimpgifgjk/js/direct.js:306
[    7618ms] [LOG] [direct] deduped player to 1 @ chrome-extension://ihaelfjohnpciodjianpgchimpgifgjk/js/direct.js:324
[    7619ms] [LOG] [direct] Download button injected (player mini) @ chrome-extension://ihaelfjohnpciodjianpgchimpgifgjk/js/direct.js:306
[    7620ms] [LOG] [direct] deduped player to 1 @ chrome-extension://ihaelfjohnpciodjianpgchimpgifgjk/js/direct.js:324
[    7621ms] [LOG] [direct] Download button injected (player mini) @ chrome-extension://ihaelfjohnpciodjianpgchimpgifgjk/js/direct.js:306
[    7622ms] [LOG] [direct] deduped player to 1 @ chrome-extension://ihaelfjohnpciodjianpgchimpgifgjk/js/direct.js:324
[    7623ms] [LOG] [direct] Download button injected (player mini) @ chrome-extension://ihaelfjohnpciodjianpgchimpgifgjk/js/direct.js:306
[    7624ms] [LOG] [direct] deduped player to 1 @ chrome-extension://ihaelfjohnpciodjianpgchimpgifgjk/js/direct.js:324
[    7625ms] [LOG] [direct] Download button injected (player mini) @ chrome-extension://ihaelfjohnpciodjianpgchimpgifgjk/js/direct.js:306
[    7625ms] [LOG] [direct] deduped player to 1 @ chrome-extension://ihaelfjohnpciodjianpgchimpgifgjk/js/direct.js:324
[    7627ms] [LOG] [direct] Download button injected (player mini) @ chrome-extension://ihaelfjohnpciodjianpgchimpgifgjk/js/direct.js:306
[    7627ms] [LOG] [direct] deduped player to 1 @ chrome-extension://ihaelfjohnpciodjianpgchimpgifgjk/js/direct.js:324
[    7629ms] [LOG] [direct] Download button injected (player mini) @ chrome-extension://ihaelfjohnpciodjianpgchimpgifgjk/js/direct.js:306
[    7629ms] [LOG] [direct] deduped player to 1 @ chrome-extension://ihaelfjohnpciodjianpgchimpgifgjk/js/direct.js:324
[    7630ms] [LOG] [direct] Download button injected (player mini) @ chrome-extension://ihaelfjohnpciodjianpgchimpgifgjk/js/direct.js:306
[    7631ms] [LOG] [direct] deduped player to 1 @ chrome-extension://ihaelfjohnpciodjianpgchimpgifgjk/js/direct.js:324
[    7632ms] [LOG] [direct] Download button injected (player mini) @ chrome-extension://ihaelfjohnpciodjianpgchimpgifgjk/js/direct.js:306
[    7633ms] [LOG] [direct] deduped player to 1 @ chrome-extension://ihaelfjohnpciodjianpgchimpgifgjk/js/direct.js:324
[    7634ms] [LOG] [direct] Download button injected (player mini) @ chrome-extension://ihaelfjohnpciodjianpgchimpgifgjk/js/direct.js:306
[    7634ms] [LOG] [direct] deduped player to 1 @ chrome-extension://ihaelfjohnpciodjianpgchimpgifgjk/js/direct.js:324
[    7635ms] [LOG] [direct] Download button injected (player mini) @ chrome-extension://ihaelfjohnpciodjianpgchimpgifgjk/js/direct.js:306
[    7636ms] [LOG] [direct] deduped player to 1 @ chrome-extension://ihaelfjohnpciodjianpgchimpgifgjk/js/direct.js:324
[    7637ms] [LOG] [direct] Download button injected (player mini) @ chrome-extension://ihaelfjohnpciodjianpgchimpgifgjk/js/direct.js:306
[    7637ms] [LOG] [direct] deduped player to 1 @ chrome-extension://ihaelfjohnpciodjianpgchimpgifgjk/js/direct.js:324
[    7639ms] [LOG] [direct] Download button injected (player mini) @ chrome-extension://ihaelfjohnpciodjianpgchimpgifgjk/js/direct.js:306
[    7639ms] [LOG] [direct] deduped player to 1 @ chrome-extension://ihaelfjohnpciodjianpgchimpgifgjk/js/direct.js:324
[    7640ms] [LOG] [direct] Download button injected (player mini) @ chrome-extension://ihaelfjohnpciodjianpgchimpgifgjk/js/direct.js:306
[    7641ms] [LOG] [direct] deduped player to 1 @ chrome-extension://ihaelfjohnpciodjianpgchimpgifgjk/js/direct.js:324
[    7642ms] [LOG] [direct] Download button injected (player mini) @ chrome-extension://ihaelfjohnpciodjianpgchimpgifgjk/js/direct.js:306
[    7643ms] [LOG] [direct] deduped player to 1 @ chrome-extension://ihaelfjohnpciodjianpgchimpgifgjk/js/direct.js:324
[    7644ms] [LOG] [direct] Download button injected (player mini) @ chrome-extension://ihaelfjohnpciodjianpgchimpgifgjk/js/direct.js:306
[    7645ms] [LOG] [direct] deduped player to 1 @ chrome-extension://ihaelfjohnpciodjianpgchimpgifgjk/js/direct.js:324
[    7646ms] [LOG] [direct] Download button injected (player mini) @ chrome-extension://ihaelfjohnpciodjianpgchimpgifgjk/js/direct.js:306
[    7646ms] [LOG] [direct] deduped player to 1 @ chrome-extension://ihaelfjohnpciodjianpgchimpgifgjk/js/direct.js:324
[    7647ms] [LOG] [direct] Download button injected (player mini) @ chrome-extension://ihaelfjohnpciodjianpgchimpgifgjk/js/direct.js:306
[    7648ms] [LOG] [direct] deduped player to 1 @ chrome-extension://ihaelfjohnpciodjianpgchimpgifgjk/js/direct.js:324
[    7649ms] [LOG] [direct] Download button injected (player mini) @ chrome-extension://ihaelfjohnpciodjianpgchimpgifgjk/js/direct.js:306
[    7649ms] [LOG] [direct] deduped player to 1 @ chrome-extension://ihaelfjohnpciodjianpgchimpgifgjk/js/direct.js:324
[    7650ms] [LOG] [direct] Download button injected (player mini) @ chrome-extension://ihaelfjohnpciodjianpgchimpgifgjk/js/direct.js:306
[    7651ms] [LOG] [direct] deduped player to 1 @ chrome-extension://ihaelfjohnpciodjianpgchimpgifgjk/js/direct.js:324
[    7652ms] [LOG] [direct] Download button injected (player mini) @ chrome-extension://ihaelfjohnpciodjianpgchimpgifgjk/js/direct.js:306
[    7652ms] [LOG] [direct] deduped player to 1 @ chrome-extension://ihaelfjohnpciodjianpgchimpgifgjk/js/direct.js:324
[    7654ms] [LOG] [direct] Download button injected (player mini) @ chrome-extension://ihaelfjohnpciodjianpgchimpgifgjk/js/direct.js:306
[    7654ms] [LOG] [direct] deduped player to 1 @ chrome-extension://ihaelfjohnpciodjianpgchimpgifgjk/js/direct.js:324
[    7656ms] [LOG] [direct] Download button injected (player mini) @ chrome-extension://ihaelfjohnpciodjianpgchimpgifgjk/js/direct.js:306
[    7656ms] [LOG] [direct] deduped player to 1 @ chrome-extension://ihaelfjohnpciodjianpgchimpgifgjk/js/direct.js:324
[    7657ms] [LOG] [direct] Download button injected (player mini) @ chrome-extension://ihaelfjohnpciodjianpgchimpgifgjk/js/direct.js:306
[    7658ms] [LOG] [direct] deduped player to 1 @ chrome-extension://ihaelfjohnpciodjianpgchimpgifgjk/js/direct.js:324
[    7660ms] [LOG] [direct] Download button injected (player mini) @ chrome-extension://ihaelfjohnpciodjianpgchimpgifgjk/js/direct.js:306
[    7660ms] [LOG] [direct] deduped player to 1 @ chrome-extension://ihaelfjohnpciodjianpgchimpgifgjk/js/direct.js:324
[    7661ms] [LOG] [direct] Download button injected (player mini) @ chrome-extension://ihaelfjohnpciodjianpgchimpgifgjk/js/direct.js:306
[    7662ms] [LOG] [direct] deduped player to 1 @ chrome-extension://ihaelfjohnpciodjianpgchimpgifgjk/js/direct.js:324
[    7663ms] [LOG] [direct] Download button injected (player mini) @ chrome-extension://ihaelfjohnpciodjianpgchimpgifgjk/js/direct.js:306
[    7663ms] [LOG] [direct] deduped player to 1 @ chrome-extension://ihaelfjohnpciodjianpgchimpgifgjk/js/direct.js:324
[    7664ms] [LOG] [direct] Download button injected (player mini) @ chrome-extension://ihaelfjohnpciodjianpgchimpgifgjk/js/direct.js:306
[    7664ms] [LOG] [direct] deduped player to 1 @ chrome-extension://ihaelfjohnpciodjianpgchimpgifgjk/js/direct.js:324
[    7665ms] [LOG] [direct] Download button injected (player mini) @ chrome-extension://ihaelfjohnpciodjianpgchimpgifgjk/js/direct.js:306
[    7666ms] [LOG] [direct] deduped player to 1 @ chrome-extension://ihaelfjohnpciodjianpgchimpgifgjk/js/direct.js:324
[    7667ms] [LOG] [direct] Download button injected (player mini) @ chrome-extension://ihaelfjohnpciodjianpgchimpgifgjk/js/direct.js:306
[    7667ms] [LOG] [direct] deduped player to 1 @ chrome-extension://ihaelfjohnpciodjianpgchimpgifgjk/js/direct.js:324
[    7668ms] [LOG] [direct] Download button injected (player mini) @ chrome-extension://ihaelfjohnpciodjianpgchimpgifgjk/js/direct.js:306
[    7669ms] [LOG] [direct] deduped player to 1 @ chrome-extension://ihaelfjohnpciodjianpgchimpgifgjk/js/direct.js:324
[    7670ms] [LOG] [direct] Download button injected (player mini) @ chrome-extension://ihaelfjohnpciodjianpgchimpgifgjk/js/direct.js:306
[    7670ms] [LOG] [direct] deduped player to 1 @ chrome-extension://ihaelfjohnpciodjianpgchimpgifgjk/js/direct.js:324
[    7671ms] [LOG] [direct] Download button injected (player mini) @ chrome-extension://ihaelfjohnpciodjianpgchimpgifgjk/js/direct.js:306
[    7672ms] [LOG] [direct] deduped player to 1 @ chrome-extension://ihaelfjohnpciodjianpgchimpgifgjk/js/direct.js:324
[    7673ms] [LOG] [direct] Download button injected (player mini) @ chrome-extension://ihaelfjohnpciodjianpgchimpgifgjk/js/direct.js:306
[    7673ms] [LOG] [direct] deduped player to 1 @ chrome-extension://ihaelfjohnpciodjianpgchimpgifgjk/js/direct.js:324
[    7674ms] [LOG] [direct] Download button injected (player mini) @ chrome-extension://ihaelfjohnpciodjianpgchimpgifgjk/js/direct.js:306
[    7674ms] [LOG] [direct] deduped player to 1 @ chrome-extension://ihaelfjohnpciodjianpgchimpgifgjk/js/direct.js:324
[    7675ms] [LOG] [direct] Download button injected (player mini) @ chrome-extension://ihaelfjohnpciodjianpgchimpgifgjk/js/direct.js:306
[    7676ms] [LOG] [direct] deduped player to 1 @ chrome-extension://ihaelfjohnpciodjianpgchimpgifgjk/js/direct.js:324
[    7677ms] [LOG] [direct] Download button injected (player mini) @ chrome-extension://ihaelfjohnpciodjianpgchimpgifgjk/js/direct.js:306
[    7677ms] [LOG] [direct] deduped player to 1 @ chrome-extension://ihaelfjohnpciodjianpgchimpgifgjk/js/direct.js:324
[    7678ms] [LOG] [direct] Download button injected (player mini) @ chrome-extension://ihaelfjohnpciodjianpgchimpgifgjk/js/direct.js:306
[    7679ms] [LOG] [direct] deduped player to 1 @ chrome-extension://ihaelfjohnpciodjianpgchimpgifgjk/js/direct.js:324
[    7680ms] [LOG] [direct] Download button injected (player mini) @ chrome-extension://ihaelfjohnpciodjianpgchimpgifgjk/js/direct.js:306
[    7680ms] [LOG] [direct] deduped player to 1 @ chrome-extension://ihaelfjohnpciodjianpgchimpgifgjk/js/direct.js:324
[    7681ms] [LOG] [direct] Download button injected (player mini) @ chrome-extension://ihaelfjohnpciodjianpgchimpgifgjk/js/direct.js:306
[    7681ms] [LOG] [direct] deduped player to 1 @ chrome-extension://ihaelfjohnpciodjianpgchimpgifgjk/js/direct.js:324
[    7682ms] [LOG] [direct] Download button injected (player mini) @ chrome-extension://ihaelfjohnpciodjianpgchimpgifgjk/js/direct.js:306
[    7682ms] [LOG] [direct] deduped player to 1 @ chrome-extension://ihaelfjohnpciodjianpgchimpgifgjk/js/direct.js:324
[    7684ms] [LOG] [direct] Download button injected (player mini) @ chrome-extension://ihaelfjohnpciodjianpgchimpgifgjk/js/direct.js:306
[    7684ms] [LOG] [direct] deduped player to 1 @ chrome-extension://ihaelfjohnpciodjianpgchimpgifgjk/js/direct.js:324
[    7685ms] [LOG] [direct] Download button injected (player mini) @ chrome-extension://ihaelfjohnpciodjianpgchimpgifgjk/js/direct.js:306
[    7685ms] [LOG] [direct] deduped player to 1 @ chrome-extension://ihaelfjohnpciodjianpgchimpgifgjk/js/direct.js:324
[    7686ms] [LOG] [direct] Download button injected (player mini) @ chrome-extension://ihaelfjohnpciodjianpgchimpgifgjk/js/direct.js:306
[    7686ms] [LOG] [direct] deduped player to 1 @ chrome-extension://ihaelfjohnpciodjianpgchimpgifgjk/js/direct.js:324
[    7687ms] [LOG] [direct] Download button injected (player mini) @ chrome-extension://ihaelfjohnpciodjianpgchimpgifgjk/js/direct.js:306
[    7687ms] [LOG] [direct] deduped player to 1 @ chrome-extension://ihaelfjohnpciodjianpgchimpgifgjk/js/direct.js:324
[    7688ms] [LOG] [direct] Download button injected (player mini) @ chrome-extension://ihaelfjohnpciodjianpgchimpgifgjk/js/direct.js:306
[    7689ms] [LOG] [direct] deduped player to 1 @ chrome-extension://ihaelfjohnpciodjianpgchimpgifgjk/js/direct.js:324
[    7690ms] [LOG] [direct] Download button injected (player mini) @ chrome-extension://ihaelfjohnpciodjianpgchimpgifgjk/js/direct.js:306
[    7690ms] [LOG] [direct] deduped player to 1 @ chrome-extension://ihaelfjohnpciodjianpgchimpgifgjk/js/direct.js:324
[    7691ms] [LOG] [direct] Download button injected (player mini) @ chrome-extension://ihaelfjohnpciodjianpgchimpgifgjk/js/direct.js:306
[    7691ms] [LOG] [direct] deduped player to 1 @ chrome-extension://ihaelfjohnpciodjianpgchimpgifgjk/js/direct.js:324
[    7693ms] [LOG] [direct] Download button injected (player mini) @ chrome-extension://ihaelfjohnpciodjianpgchimpgifgjk/js/direct.js:306
[    7693ms] [LOG] [direct] deduped player to 1 @ chrome-extension://ihaelfjohnpciodjianpgchimpgifgjk/js/direct.js:324
[    7694ms] [LOG] [direct] Download button injected (player mini) @ chrome-extension://ihaelfjohnpciodjianpgchimpgifgjk/js/direct.js:306
[    7695ms] [LOG] [direct] deduped player to 1 @ chrome-extension://ihaelfjohnpciodjianpgchimpgifgjk/js/direct.js:324
[    7696ms] [LOG] [direct] Download button injected (player mini) @ chrome-extension://ihaelfjohnpciodjianpgchimpgifgjk/js/direct.js:306
[    7696ms] [LOG] [direct] deduped player to 1 @ chrome-extension://ihaelfjohnpciodjianpgchimpgifgjk/js/direct.js:324
[    7697ms] [LOG] [direct] Download button injected (player mini) @ chrome-extension://ihaelfjohnpciodjianpgchimpgifgjk/js/direct.js:306
[    7697ms] [LOG] [direct] deduped player to 1 @ chrome-extension://ihaelfjohnpciodjianpgchimpgifgjk/js/direct.js:324
[    7698ms] [LOG] [direct] Download button injected (player mini) @ chrome-extension://ihaelfjohnpciodjianpgchimpgifgjk/js/direct.js:306
[    7698ms] [LOG] [direct] deduped player to 1 @ chrome-extension://ihaelfjohnpciodjianpgchimpgifgjk/js/direct.js:324
[    7699ms] [LOG] [direct] Download button injected (player mini) @ chrome-extension://ihaelfjohnpciodjianpgchimpgifgjk/js/direct.js:306
[    7699ms] [LOG] [direct] deduped player to 1 @ chrome-extension://ihaelfjohnpciodjianpgchimpgifgjk/js/direct.js:324
[    7700ms] [LOG] [direct] Download button injected (player mini) @ chrome-extension://ihaelfjohnpciodjianpgchimpgifgjk/js/direct.js:306
[    7700ms] [LOG] [direct] deduped player to 1 @ chrome-extension://ihaelfjohnpciodjianpgchimpgifgjk/js/direct.js:324
[    7701ms] [LOG] [direct] Download button injected (player mini) @ chrome-extension://ihaelfjohnpciodjianpgchimpgifgjk/js/direct.js:306
[    7701ms] [LOG] [direct] deduped player to 1 @ chrome-extension://ihaelfjohnpciodjianpgchimpgifgjk/js/direct.js:324
[    7702ms] [LOG] [direct] Download button injected (player mini) @ chrome-extension://ihaelfjohnpciodjianpgchimpgifgjk/js/direct.js:306
[    7702ms] [LOG] [direct] deduped player to 1 @ chrome-extension://ihaelfjohnpciodjianpgchimpgifgjk/js/direct.js:324
[    7703ms] [LOG] [direct] Download button injected (player mini) @ chrome-extension://ihaelfjohnpciodjianpgchimpgifgjk/js/direct.js:306
[    7704ms] [LOG] [direct] deduped player to 1 @ chrome-extension://ihaelfjohnpciodjianpgchimpgifgjk/js/direct.js:324
[    7705ms] [LOG] [direct] Download button injected (player mini) @ chrome-extension://ihaelfjohnpciodjianpgchimpgifgjk/js/direct.js:306
[    7705ms] [LOG] [direct] deduped player to 1 @ chrome-extension://ihaelfjohnpciodjianpgchimpgifgjk/js/direct.js:324
[    7706ms] [LOG] [direct] Download button injected (player mini) @ chrome-extension://ihaelfjohnpciodjianpgchimpgifgjk/js/direct.js:306
[    7706ms] [LOG] [direct] deduped player to 1 @ chrome-extension://ihaelfjohnpciodjianpgchimpgifgjk/js/direct.js:324
[    7707ms] [LOG] [direct] Download button injected (player mini) @ chrome-extension://ihaelfjohnpciodjianpgchimpgifgjk/js/direct.js:306
[    7708ms] [LOG] [direct] deduped player to 1 @ chrome-extension://ihaelfjohnpciodjianpgchimpgifgjk/js/direct.js:324
[    7709ms] [LOG] [direct] Download button injected (player mini) @ chrome-extension://ihaelfjohnpciodjianpgchimpgifgjk/js/direct.js:306
[    7710ms] [LOG] [direct] deduped player to 1 @ chrome-extension://ihaelfjohnpciodjianpgchimpgifgjk/js/direct.js:324
[    7711ms] [LOG] [direct] Download button injected (player mini) @ chrome-extension://ihaelfjohnpciodjianpgchimpgifgjk/js/direct.js:306
[    7711ms] [LOG] [direct] deduped player to 1 @ chrome-extension://ihaelfjohnpciodjianpgchimpgifgjk/js/direct.js:324
[    7712ms] [LOG] [direct] Download button injected (player mini) @ chrome-extension://ihaelfjohnpciodjianpgchimpgifgjk/js/direct.js:306
[    7712ms] [LOG] [direct] deduped player to 1 @ chrome-extension://ihaelfjohnpciodjianpgchimpgifgjk/js/direct.js:324
[    7713ms] [LOG] [direct] Download button injected (player mini) @ chrome-extension://ihaelfjohnpciodjianpgchimpgifgjk/js/direct.js:306
[    7713ms] [LOG] [direct] deduped player to 1 @ chrome-extension://ihaelfjohnpciodjianpgchimpgifgjk/js/direct.js:324
[    7713ms] [LOG] [direct] Download button injected (player mini) @ chrome-extension://ihaelfjohnpciodjianpgchimpgifgjk/js/direct.js:306
[    7713ms] [LOG] [direct] deduped player to 1 @ chrome-extension://ihaelfjohnpciodjianpgchimpgifgjk/js/direct.js:324
[    7714ms] [LOG] [direct] Download button injected (player mini) @ chrome-extension://ihaelfjohnpciodjianpgchimpgifgjk/js/direct.js:306
[    7714ms] [LOG] [direct] deduped player to 1 @ chrome-extension://ihaelfjohnpciodjianpgchimpgifgjk/js/direct.js:324
[    7714ms] [LOG] [direct] Download button injected (player mini) @ chrome-extension://ihaelfjohnpciodjianpgchimpgifgjk/js/direct.js:306
[    7715ms] [LOG] [direct] deduped player to 1 @ chrome-extension://ihaelfjohnpciodjianpgchimpgifgjk/js/direct.js:324
[    7715ms] [LOG] [direct] Download button injected (player mini) @ chrome-extension://ihaelfjohnpciodjianpgchimpgifgjk/js/direct.js:306
[    7715ms] [LOG] [direct] deduped player to 1 @ chrome-extension://ihaelfjohnpciodjianpgchimpgifgjk/js/direct.js:324
[    7716ms] [LOG] [direct] Download button injected (player mini) @ chrome-extension://ihaelfjohnpciodjianpgchimpgifgjk/js/direct.js:306
[    7716ms] [LOG] [direct] deduped player to 1 @ chrome-extension://ihaelfjohnpciodjianpgchimpgifgjk/js/direct.js:324
[    7716ms] [LOG] [direct] Download button injected (player mini) @ chrome-extension://ihaelfjohnpciodjianpgchimpgifgjk/js/direct.js:306
[    7716ms] [LOG] [direct] deduped player to 1 @ chrome-extension://ihaelfjohnpciodjianpgchimpgifgjk/js/direct.js:324
[    7717ms] [LOG] [direct] Download button injected (player mini) @ chrome-extension://ihaelfjohnpciodjianpgchimpgifgjk/js/direct.js:306
[    7717ms] [LOG] [direct] deduped player to 1 @ chrome-extension://ihaelfjohnpciodjianpgchimpgifgjk/js/direct.js:324
[    7718ms] [LOG] [direct] Download button injected (player mini) @ chrome-extension://ihaelfjohnpciodjianpgchimpgifgjk/js/direct.js:306
[    7718ms] [LOG] [direct] deduped player to 1 @ chrome-extension://ihaelfjohnpciodjianpgchimpgifgjk/js/direct.js:324
[    7719ms] [LOG] [direct] Download button injected (player mini) @ chrome-extension://ihaelfjohnpciodjianpgchimpgifgjk/js/direct.js:306
[    7719ms] [LOG] [direct] deduped player to 1 @ chrome-extension://ihaelfjohnpciodjianpgchimpgifgjk/js/direct.js:324
[    7719ms] [LOG] [direct] Download button injected (player mini) @ chrome-extension://ihaelfjohnpciodjianpgchimpgifgjk/js/direct.js:306
[    7720ms] [LOG] [direct] deduped player to 1 @ chrome-extension://ihaelfjohnpciodjianpgchimpgifgjk/js/direct.js:324
[    7720ms] [LOG] [direct] Download button injected (player mini) @ chrome-extension://ihaelfjohnpciodjianpgchimpgifgjk/js/direct.js:306
[    7720ms] [LOG] [direct] deduped player to 1 @ chrome-extension://ihaelfjohnpciodjianpgchimpgifgjk/js/direct.js:324
[    7721ms] [LOG] [direct] Download button injected (player mini) @ chrome-extension://ihaelfjohnpciodjianpgchimpgifgjk/js/direct.js:306
[    7721ms] [LOG] [direct] deduped player to 1 @ chrome-extension://ihaelfjohnpciodjianpgchimpgifgjk/js/direct.js:324
[    7722ms] [LOG] [direct] Download button injected (player mini) @ chrome-extension://ihaelfjohnpciodjianpgchimpgifgjk/js/direct.js:306
[    7723ms] [LOG] [direct] deduped player to 1 @ chrome-extension://ihaelfjohnpciodjianpgchimpgifgjk/js/direct.js:324
[    7724ms] [LOG] [direct] Download button injected (player mini) @ chrome-extension://ihaelfjohnpciodjianpgchimpgifgjk/js/direct.js:306
[    7724ms] [LOG] [direct] deduped player to 1 @ chrome-extension://ihaelfjohnpciodjianpgchimpgifgjk/js/direct.js:324
[    7726ms] [LOG] [direct] Download button injected (player mini) @ chrome-extension://ihaelfjohnpciodjianpgchimpgifgjk/js/direct.js:306
[    7726ms] [LOG] [direct] deduped player to 1 @ chrome-extension://ihaelfjohnpciodjianpgchimpgifgjk/js/direct.js:324
[    7727ms] [LOG] [direct] Download button injected (player mini) @ chrome-extension://ihaelfjohnpciodjianpgchimpgifgjk/js/direct.js:306
[    7728ms] [LOG] [direct] deduped player to 1 @ chrome-extension://ihaelfjohnpciodjianpgchimpgifgjk/js/direct.js:324
[    7729ms] [LOG] [direct] Download button injected (player mini) @ chrome-extension://ihaelfjohnpciodjianpgchimpgifgjk/js/direct.js:306
[    7729ms] [LOG] [direct] deduped player to 1 @ chrome-extension://ihaelfjohnpciodjianpgchimpgifgjk/js/direct.js:324
[    7730ms] [LOG] [direct] Download button injected (player mini) @ chrome-extension://ihaelfjohnpciodjianpgchimpgifgjk/js/direct.js:306
[    7731ms] [LOG] [direct] deduped player to 1 @ chrome-extension://ihaelfjohnpciodjianpgchimpgifgjk/js/direct.js:324
[    7732ms] [LOG] [direct] Download button injected (player mini) @ chrome-extension://ihaelfjohnpciodjianpgchimpgifgjk/js/direct.js:306
[    7733ms] [LOG] [direct] deduped player to 1 @ chrome-extension://ihaelfjohnpciodjianpgchimpgifgjk/js/direct.js:324
[    7734ms] [LOG] [direct] Download button injected (player mini) @ chrome-extension://ihaelfjohnpciodjianpgchimpgifgjk/js/direct.js:306
[    7735ms] [LOG] [direct] deduped player to 1 @ chrome-extension://ihaelfjohnpciodjianpgchimpgifgjk/js/direct.js:324
[    7736ms] [LOG] [direct] Download button injected (player mini) @ chrome-extension://ihaelfjohnpciodjianpgchimpgifgjk/js/direct.js:306
[    7736ms] [LOG] [direct] deduped player to 1 @ chrome-extension://ihaelfjohnpciodjianpgchimpgifgjk/js/direct.js:324
[    7737ms] [LOG] [direct] Download button injected (player mini) @ chrome-extension://ihaelfjohnpciodjianpgchimpgifgjk/js/direct.js:306
[    7737ms] [LOG] [direct] deduped player to 1 @ chrome-extension://ihaelfjohnpciodjianpgchimpgifgjk/js/direct.js:324
[    7738ms] [LOG] [direct] Download button injected (player mini) @ chrome-extension://ihaelfjohnpciodjianpgchimpgifgjk/js/direct.js:306
[    7739ms] [LOG] [direct] deduped player to 1 @ chrome-extension://ihaelfjohnpciodjianpgchimpgifgjk/js/direct.js:324
[    7740ms] [LOG] [direct] Download button injected (player mini) @ chrome-extension://ihaelfjohnpciodjianpgchimpgifgjk/js/direct.js:306
[    7740ms] [LOG] [direct] deduped player to 1 @ chrome-extension://ihaelfjohnpciodjianpgchimpgifgjk/js/direct.js:324
[    7741ms] [LOG] [direct] Download button injected (player mini) @ chrome-extension://ihaelfjohnpciodjianpgchimpgifgjk/js/direct.js:306
[    7742ms] [LOG] [direct] deduped player to 1 @ chrome-extension://ihaelfjohnpciodjianpgchimpgifgjk/js/direct.js:324
[    7743ms] [LOG] [direct] Download button injected (player mini) @ chrome-extension://ihaelfjohnpciodjianpgchimpgifgjk/js/direct.js:306
[    7743ms] [LOG] [direct] deduped player to 1 @ chrome-extension://ihaelfjohnpciodjianpgchimpgifgjk/js/direct.js:324
[    7745ms] [LOG] [direct] Download button injected (player mini) @ chrome-extension://ihaelfjohnpciodjianpgchimpgifgjk/js/direct.js:306
[    7745ms] [LOG] [direct] deduped player to 1 @ chrome-extension://ihaelfjohnpciodjianpgchimpgifgjk/js/direct.js:324
[    7746ms] [LOG] [direct] Download button injected (player mini) @ chrome-extension://ihaelfjohnpciodjianpgchimpgifgjk/js/direct.js:306
[    7746ms] [LOG] [direct] deduped player to 1 @ chrome-extension://ihaelfjohnpciodjianpgchimpgifgjk/js/direct.js:324
[    7747ms] [LOG] [direct] Download button injected (player mini) @ chrome-extension://ihaelfjohnpciodjianpgchimpgifgjk/js/direct.js:306
[    7748ms] [LOG] [direct] deduped player to 1 @ chrome-extension://ihaelfjohnpciodjianpgchimpgifgjk/js/direct.js:324
[    7749ms] [LOG] [direct] Download button injected (player mini) @ chrome-extension://ihaelfjohnpciodjianpgchimpgifgjk/js/direct.js:306
[    7749ms] [LOG] [direct] deduped player to 1 @ chrome-extension://ihaelfjohnpciodjianpgchimpgifgjk/js/direct.js:324
[    7750ms] [LOG] [direct] Download button injected (player mini) @ chrome-extension://ihaelfjohnpciodjianpgchimpgifgjk/js/direct.js:306
[    7750ms] [LOG] [direct] deduped player to 1 @ chrome-extension://ihaelfjohnpciodjianpgchimpgifgjk/js/direct.js:324
[    7751ms] [LOG] [direct] Download button injected (player mini) @ chrome-extension://ihaelfjohnpciodjianpgchimpgifgjk/js/direct.js:306
[    7751ms] [LOG] [direct] deduped player to 1 @ chrome-extension://ihaelfjohnpciodjianpgchimpgifgjk/js/direct.js:324
[    7752ms] [LOG] [direct] Download button injected (player mini) @ chrome-extension://ihaelfjohnpciodjianpgchimpgifgjk/js/direct.js:306
[    7752ms] [LOG] [direct] deduped player to 1 @ chrome-extension://ihaelfjohnpciodjianpgchimpgifgjk/js/direct.js:324
[    7753ms] [LOG] [direct] Download button injected (player mini) @ chrome-extension://ihaelfjohnpciodjianpgchimpgifgjk/js/direct.js:306
[    7754ms] [LOG] [direct] deduped player to 1 @ chrome-extension://ihaelfjohnpciodjianpgchimpgifgjk/js/direct.js:324
[    7755ms] [LOG] [direct] Download button injected (player mini) @ chrome-extension://ihaelfjohnpciodjianpgchimpgifgjk/js/direct.js:306
[    7755ms] [LOG] [direct] deduped player to 1 @ chrome-extension://ihaelfjohnpciodjianpgchimpgifgjk/js/direct.js:324
[    7757ms] [LOG] [direct] Download button injected (player mini) @ chrome-extension://ihaelfjohnpciodjianpgchimpgifgjk/js/direct.js:306
[    7757ms] [LOG] [direct] deduped player to 1 @ chrome-extension://ihaelfjohnpciodjianpgchimpgifgjk/js/direct.js:324
[    7758ms] [LOG] [direct] Download button injected (player mini) @ chrome-extension://ihaelfjohnpciodjianpgchimpgifgjk/js/direct.js:306
[    7758ms] [LOG] [direct] deduped player to 1 @ chrome-extension://ihaelfjohnpciodjianpgchimpgifgjk/js/direct.js:324
[    7759ms] [LOG] [direct] Download button injected (player mini) @ chrome-extension://ihaelfjohnpciodjianpgchimpgifgjk/js/direct.js:306
[    7760ms] [LOG] [direct] deduped player to 1 @ chrome-extension://ihaelfjohnpciodjianpgchimpgifgjk/js/direct.js:324
[    7761ms] [LOG] [direct] Download button injected (player mini) @ chrome-extension://ihaelfjohnpciodjianpgchimpgifgjk/js/direct.js:306
[    7762ms] [LOG] [direct] deduped player to 1 @ chrome-extension://ihaelfjohnpciodjianpgchimpgifgjk/js/direct.js:324
[    7763ms] [LOG] [direct] Download button injected (player mini) @ chrome-extension://ihaelfjohnpciodjianpgchimpgifgjk/js/direct.js:306
[    7763ms] [LOG] [direct] deduped player to 1 @ chrome-extension://ihaelfjohnpciodjianpgchimpgifgjk/js/direct.js:324
[    7764ms] [LOG] [direct] Download button injected (player mini) @ chrome-extension://ihaelfjohnpciodjianpgchimpgifgjk/js/direct.js:306
[    7764ms] [LOG] [direct] deduped player to 1 @ chrome-extension://ihaelfjohnpciodjianpgchimpgifgjk/js/direct.js:324
[    7765ms] [LOG] [direct] Download button injected (player mini) @ chrome-extension://ihaelfjohnpciodjianpgchimpgifgjk/js/direct.js:306
[    7765ms] [LOG] [direct] deduped player to 1 @ chrome-extension://ihaelfjohnpciodjianpgchimpgifgjk/js/direct.js:324
[    7766ms] [LOG] [direct] Download button injected (player mini) @ chrome-extension://ihaelfjohnpciodjianpgchimpgifgjk/js/direct.js:306
[    7766ms] [LOG] [direct] deduped player to 1 @ chrome-extension://ihaelfjohnpciodjianpgchimpgifgjk/js/direct.js:324
[    7767ms] [LOG] [direct] Download button injected (player mini) @ chrome-extension://ihaelfjohnpciodjianpgchimpgifgjk/js/direct.js:306
[    7767ms] [LOG] [direct] deduped player to 1 @ chrome-extension://ihaelfjohnpciodjianpgchimpgifgjk/js/direct.js:324
[    7769ms] [LOG] [direct] Download button injected (player mini) @ chrome-extension://ihaelfjohnpciodjianpgchimpgifgjk/js/direct.js:306
[    7770ms] [LOG] [direct] deduped player to 1 @ chrome-extension://ihaelfjohnpciodjianpgchimpgifgjk/js/direct.js:324
[    7771ms] [LOG] [direct] Download button injected (player mini) @ chrome-extension://ihaelfjohnpciodjianpgchimpgifgjk/js/direct.js:306
[    7771ms] [LOG] [direct] deduped player to 1 @ chrome-extension://ihaelfjohnpciodjianpgchimpgifgjk/js/direct.js:324
[    7772ms] [LOG] [direct] Download button injected (player mini) @ chrome-extension://ihaelfjohnpciodjianpgchimpgifgjk/js/direct.js:306
[    7772ms] [LOG] [direct] deduped player to 1 @ chrome-extension://ihaelfjohnpciodjianpgchimpgifgjk/js/direct.js:324
[    7773ms] [LOG] [direct] Download button injected (player mini) @ chrome-extension://ihaelfjohnpciodjianpgchimpgifgjk/js/direct.js:306
[    7773ms] [LOG] [direct] deduped player to 1 @ chrome-extension://ihaelfjohnpciodjianpgchimpgifgjk/js/direct.js:324
[    7774ms] [LOG] [direct] Download button injected (player mini) @ chrome-extension://ihaelfjohnpciodjianpgchimpgifgjk/js/direct.js:306
[    7775ms] [LOG] [direct] deduped player to 1 @ chrome-extension://ihaelfjohnpciodjianpgchimpgifgjk/js/direct.js:324
[    7776ms] [LOG] [direct] Download button injected (player mini) @ chrome-extension://ihaelfjohnpciodjianpgchimpgifgjk/js/direct.js:306
[    7776ms] [LOG] [direct] deduped player to 1 @ chrome-extension://ihaelfjohnpciodjianpgchimpgifgjk/js/direct.js:324
[    7777ms] [LOG] [direct] Download button injected (player mini) @ chrome-extension://ihaelfjohnpciodjianpgchimpgifgjk/js/direct.js:306
[    7778ms] [LOG] [direct] deduped player to 1 @ chrome-extension://ihaelfjohnpciodjianpgchimpgifgjk/js/direct.js:324
[    7779ms] [LOG] [direct] Download button injected (player mini) @ chrome-extension://ihaelfjohnpciodjianpgchimpgifgjk/js/direct.js:306
[    7779ms] [LOG] [direct] deduped player to 1 @ chrome-extension://ihaelfjohnpciodjianpgchimpgifgjk/js/direct.js:324
[    7780ms] [LOG] [direct] Download button injected (player mini) @ chrome-extension://ihaelfjohnpciodjianpgchimpgifgjk/js/direct.js:306
[    7780ms] [LOG] [direct] deduped player to 1 @ chrome-extension://ihaelfjohnpciodjianpgchimpgifgjk/js/direct.js:324
[    7781ms] [LOG] [direct] Download button injected (player mini) @ chrome-extension://ihaelfjohnpciodjianpgchimpgifgjk/js/direct.js:306
[    7781ms] [LOG] [direct] deduped player to 1 @ chrome-extension://ihaelfjohnpciodjianpgchimpgifgjk/js/direct.js:324
[    7782ms] [LOG] [direct] Download button injected (player mini) @ chrome-extension://ihaelfjohnpciodjianpgchimpgifgjk/js/direct.js:306
[    7782ms] [LOG] [direct] deduped player to 1 @ chrome-extension://ihaelfjohnpciodjianpgchimpgifgjk/js/direct.js:324
[    7783ms] [LOG] [direct] Download button injected (player mini) @ chrome-extension://ihaelfjohnpciodjianpgchimpgifgjk/js/direct.js:306
[    7783ms] [LOG] [direct] deduped player to 1 @ chrome-extension://ihaelfjohnpciodjianpgchimpgifgjk/js/direct.js:324
[    7784ms] [LOG] [direct] Download button injected (player mini) @ chrome-extension://ihaelfjohnpciodjianpgchimpgifgjk/js/direct.js:306
[    7784ms] [LOG] [direct] deduped player to 1 @ chrome-extension://ihaelfjohnpciodjianpgchimpgifgjk/js/direct.js:324
[    7785ms] [LOG] [direct] Download button injected (player mini) @ chrome-extension://ihaelfjohnpciodjianpgchimpgifgjk/js/direct.js:306
[    7785ms] [LOG] [direct] deduped player to 1 @ chrome-extension://ihaelfjohnpciodjianpgchimpgifgjk/js/direct.js:324
[    7786ms] [LOG] [direct] Download button injected (player mini) @ chrome-extension://ihaelfjohnpciodjianpgchimpgifgjk/js/direct.js:306
[    7786ms] [LOG] [direct] deduped player to 1 @ chrome-extension://ihaelfjohnpciodjianpgchimpgifgjk/js/direct.js:324
[    7787ms] [LOG] [direct] Download button injected (player mini) @ chrome-extension://ihaelfjohnpciodjianpgchimpgifgjk/js/direct.js:306
[    7787ms] [LOG] [direct] deduped player to 1 @ chrome-extension://ihaelfjohnpciodjianpgchimpgifgjk/js/direct.js:324
[    7788ms] [LOG] [direct] Download button injected (player mini) @ chrome-extension://ihaelfjohnpciodjianpgchimpgifgjk/js/direct.js:306
[    7788ms] [LOG] [direct] deduped player to 1 @ chrome-extension://ihaelfjohnpciodjianpgchimpgifgjk/js/direct.js:324
[    7789ms] [LOG] [direct] Download button injected (player mini) @ chrome-extension://ihaelfjohnpciodjianpgchimpgifgjk/js/direct.js:306
[    7789ms] [LOG] [direct] deduped player to 1 @ chrome-extension://ihaelfjohnpciodjianpgchimpgifgjk/js/direct.js:324
[    7790ms] [LOG] [direct] Download button injected (player mini) @ chrome-extension://ihaelfjohnpciodjianpgchimpgifgjk/js/direct.js:306
[    7791ms] [LOG] [direct] deduped player to 1 @ chrome-extension://ihaelfjohnpciodjianpgchimpgifgjk/js/direct.js:324
[    7791ms] [LOG] [direct] Download button injected (player mini) @ chrome-extension://ihaelfjohnpciodjianpgchimpgifgjk/js/direct.js:306
[    7792ms] [LOG] [direct] deduped player to 1 @ chrome-extension://ihaelfjohnpciodjianpgchimpgifgjk/js/direct.js:324
[    7793ms] [LOG] [direct] Download button injected (player mini) @ chrome-extension://ihaelfjohnpciodjianpgchimpgifgjk/js/direct.js:306
[    7794ms] [LOG] [direct] deduped player to 1 @ chrome-extension://ihaelfjohnpciodjianpgchimpgifgjk/js/direct.js:324
[    7794ms] [LOG] [direct] Download button injected (player mini) @ chrome-extension://ihaelfjohnpciodjianpgchimpgifgjk/js/direct.js:306
[    7795ms] [LOG] [direct] deduped player to 1 @ chrome-extension://ihaelfjohnpciodjianpgchimpgifgjk/js/direct.js:324
[    7796ms] [LOG] [direct] Download button injected (player mini) @ chrome-extension://ihaelfjohnpciodjianpgchimpgifgjk/js/direct.js:306
[    7796ms] [LOG] [direct] deduped player to 1 @ chrome-extension://ihaelfjohnpciodjianpgchimpgifgjk/js/direct.js:324
[    7797ms] [LOG] [direct] Download button injected (player mini) @ chrome-extension://ihaelfjohnpciodjianpgchimpgifgjk/js/direct.js:306
[    7797ms] [LOG] [direct] deduped player to 1 @ chrome-extension://ihaelfjohnpciodjianpgchimpgifgjk/js/direct.js:324
[    7798ms] [LOG] [direct] Download button injected (player mini) @ chrome-extension://ihaelfjohnpciodjianpgchimpgifgjk/js/direct.js:306
[    7798ms] [LOG] [direct] deduped player to 1 @ chrome-extension://ihaelfjohnpciodjianpgchimpgifgjk/js/direct.js:324
[    7799ms] [LOG] [direct] Download button injected (player mini) @ chrome-extension://ihaelfjohnpciodjianpgchimpgifgjk/js/direct.js:306
[    7799ms] [LOG] [direct] deduped player to 1 @ chrome-extension://ihaelfjohnpciodjianpgchimpgifgjk/js/direct.js:324
[    7800ms] [LOG] [direct] Download button injected (player mini) @ chrome-extension://ihaelfjohnpciodjianpgchimpgifgjk/js/direct.js:306
[    7800ms] [LOG] [direct] deduped player to 1 @ chrome-extension://ihaelfjohnpciodjianpgchimpgifgjk/js/direct.js:324
[    7801ms] [LOG] [direct] Download button injected (player mini) @ chrome-extension://ihaelfjohnpciodjianpgchimpgifgjk/js/direct.js:306
[    7802ms] [LOG] [direct] deduped player to 1 @ chrome-extension://ihaelfjohnpciodjianpgchimpgifgjk/js/direct.js:324
[    7802ms] [LOG] [direct] Download button injected (player mini) @ chrome-extension://ihaelfjohnpciodjianpgchimpgifgjk/js/direct.js:306
[    7803ms] [LOG] [direct] deduped player to 1 @ chrome-extension://ihaelfjohnpciodjianpgchimpgifgjk/js/direct.js:324
[    7804ms] [LOG] [direct] Download button injected (player mini) @ chrome-extension://ihaelfjohnpciodjianpgchimpgifgjk/js/direct.js:306
[    7804ms] [LOG] [direct] deduped player to 1 @ chrome-extension://ihaelfjohnpciodjianpgchimpgifgjk/js/direct.js:324
[    7805ms] [LOG] [direct] Download button injected (player mini) @ chrome-extension://ihaelfjohnpciodjianpgchimpgifgjk/js/direct.js:306
[    7805ms] [LOG] [direct] deduped player to 1 @ chrome-extension://ihaelfjohnpciodjianpgchimpgifgjk/js/direct.js:324
[    7806ms] [LOG] [direct] Download button injected (player mini) @ chrome-extension://ihaelfjohnpciodjianpgchimpgifgjk/js/direct.js:306
[    7807ms] [LOG] [direct] deduped player to 1 @ chrome-extension://ihaelfjohnpciodjianpgchimpgifgjk/js/direct.js:324
[    7807ms] [LOG] [direct] Download button injected (player mini) @ chrome-extension://ihaelfjohnpciodjianpgchimpgifgjk/js/direct.js:306
[    7808ms] [LOG] [direct] deduped player to 1 @ chrome-extension://ihaelfjohnpciodjianpgchimpgifgjk/js/direct.js:324
[    7809ms] [LOG] [direct] Download button injected (player mini) @ chrome-extension://ihaelfjohnpciodjianpgchimpgifgjk/js/direct.js:306
[    7809ms] [LOG] [direct] deduped player to 1 @ chrome-extension://ihaelfjohnpciodjianpgchimpgifgjk/js/direct.js:324
[    7810ms] [LOG] [direct] Download button injected (player mini) @ chrome-extension://ihaelfjohnpciodjianpgchimpgifgjk/js/direct.js:306
[    7810ms] [LOG] [direct] deduped player to 1 @ chrome-extension://ihaelfjohnpciodjianpgchimpgifgjk/js/direct.js:324
[    7811ms] [LOG] [direct] Download button injected (player mini) @ chrome-extension://ihaelfjohnpciodjianpgchimpgifgjk/js/direct.js:306
[    7812ms] [LOG] [direct] deduped player to 1 @ chrome-extension://ihaelfjohnpciodjianpgchimpgifgjk/js/direct.js:324
[    7812ms] [LOG] [direct] Download button injected (player mini) @ chrome-extension://ihaelfjohnpciodjianpgchimpgifgjk/js/direct.js:306
[    7812ms] [LOG] [direct] deduped player to 1 @ chrome-extension://ihaelfjohnpciodjianpgchimpgifgjk/js/direct.js:324
[    7813ms] [LOG] [direct] Download button injected (player mini) @ chrome-extension://ihaelfjohnpciodjianpgchimpgifgjk/js/direct.js:306
[    7813ms] [LOG] [direct] deduped player to 1 @ chrome-extension://ihaelfjohnpciodjianpgchimpgifgjk/js/direct.js:324
[    7814ms] [LOG] [direct] Download button injected (player mini) @ chrome-extension://ihaelfjohnpciodjianpgchimpgifgjk/js/direct.js:306
[    7814ms] [LOG] [direct] deduped player to 1 @ chrome-extension://ihaelfjohnpciodjianpgchimpgifgjk/js/direct.js:324
[    7815ms] [LOG] [direct] Download button injected (player mini) @ chrome-extension://ihaelfjohnpciodjianpgchimpgifgjk/js/direct.js:306
[    7815ms] [LOG] [direct] deduped player to 1 @ chrome-extension://ihaelfjohnpciodjianpgchimpgifgjk/js/direct.js:324
[    7815ms] [LOG] [direct] Download button injected (player mini) @ chrome-extension://ihaelfjohnpciodjianpgchimpgifgjk/js/direct.js:306
[    7815ms] [LOG] [direct] deduped player to 1 @ chrome-extension://ihaelfjohnpciodjianpgchimpgifgjk/js/direct.js:324
[    7816ms] [LOG] [direct] Download button injected (player mini) @ chrome-extension://ihaelfjohnpciodjianpgchimpgifgjk/js/direct.js:306
[    7816ms] [LOG] [direct] deduped player to 1 @ chrome-extension://ihaelfjohnpciodjianpgchimpgifgjk/js/direct.js:324
[    7816ms] [LOG] [direct] Download button injected (player mini) @ chrome-extension://ihaelfjohnpciodjianpgchimpgifgjk/js/direct.js:306
[    7817ms] [LOG] [direct] deduped player to 1 @ chrome-extension://ihaelfjohnpciodjianpgchimpgifgjk/js/direct.js:324
[    7817ms] [LOG] [direct] Download button injected (player mini) @ chrome-extension://ihaelfjohnpciodjianpgchimpgifgjk/js/direct.js:306
[    7817ms] [LOG] [direct] deduped player to 1 @ chrome-extension://ihaelfjohnpciodjianpgchimpgifgjk/js/direct.js:324
[    7818ms] [LOG] [direct] Download button injected (player mini) @ chrome-extension://ihaelfjohnpciodjianpgchimpgifgjk/js/direct.js:306
[    7818ms] [LOG] [direct] deduped player to 1 @ chrome-extension://ihaelfjohnpciodjianpgchimpgifgjk/js/direct.js:324
[    7818ms] [LOG] [direct] Download button injected (player mini) @ chrome-extension://ihaelfjohnpciodjianpgchimpgifgjk/js/direct.js:306
[    7818ms] [LOG] [direct] deduped player to 1 @ chrome-extension://ihaelfjohnpciodjianpgchimpgifgjk/js/direct.js:324
[    7819ms] [LOG] [direct] Download button injected (player mini) @ chrome-extension://ihaelfjohnpciodjianpgchimpgifgjk/js/direct.js:306
[    7819ms] [LOG] [direct] deduped player to 1 @ chrome-extension://ihaelfjohnpciodjianpgchimpgifgjk/js/direct.js:324
[    7819ms] [LOG] [direct] Download button injected (player mini) @ chrome-extension://ihaelfjohnpciodjianpgchimpgifgjk/js/direct.js:306
[    7820ms] [LOG] [direct] deduped player to 1 @ chrome-extension://ihaelfjohnpciodjianpgchimpgifgjk/js/direct.js:324
[    7820ms] [LOG] [direct] Download button injected (player mini) @ chrome-extension://ihaelfjohnpciodjianpgchimpgifgjk/js/direct.js:306
[    7820ms] [LOG] [direct] deduped player to 1 @ chrome-extension://ihaelfjohnpciodjianpgchimpgifgjk/js/direct.js:324
[    7821ms] [LOG] [direct] Download button injected (player mini) @ chrome-extension://ihaelfjohnpciodjianpgchimpgifgjk/js/direct.js:306
[    7821ms] [LOG] [direct] deduped player to 1 @ chrome-extension://ihaelfjohnpciodjianpgchimpgifgjk/js/direct.js:324
[    7821ms] [LOG] [direct] Download button injected (player mini) @ chrome-extension://ihaelfjohnpciodjianpgchimpgifgjk/js/direct.js:306
[    7822ms] [LOG] [direct] deduped player to 1 @ chrome-extension://ihaelfjohnpciodjianpgchimpgifgjk/js/direct.js:324
[    7822ms] [LOG] [direct] Download button injected (player mini) @ chrome-extension://ihaelfjohnpciodjianpgchimpgifgjk/js/direct.js:306
[    7822ms] [LOG] [direct] deduped player to 1 @ chrome-extension://ihaelfjohnpciodjianpgchimpgifgjk/js/direct.js:324
[    7823ms] [LOG] [direct] Download button injected (player mini) @ chrome-extension://ihaelfjohnpciodjianpgchimpgifgjk/js/direct.js:306
[    7823ms] [LOG] [direct] deduped player to 1 @ chrome-extension://ihaelfjohnpciodjianpgchimpgifgjk/js/direct.js:324
[    7823ms] [LOG] [direct] Download button injected (player mini) @ chrome-extension://ihaelfjohnpciodjianpgchimpgifgjk/js/direct.js:306
[    7823ms] [LOG] [direct] deduped player to 1 @ chrome-extension://ihaelfjohnpciodjianpgchimpgifgjk/js/direct.js:324
[    7824ms] [LOG] [direct] Download button injected (player mini) @ chrome-extension://ihaelfjohnpciodjianpgchimpgifgjk/js/direct.js:306
[    7824ms] [LOG] [direct] deduped player to 1 @ chrome-extension://ihaelfjohnpciodjianpgchimpgifgjk/js/direct.js:324
[    7824ms] [LOG] [direct] Download button injected (player mini) @ chrome-extension://ihaelfjohnpciodjianpgchimpgifgjk/js/direct.js:306
[    7825ms] [LOG] [direct] deduped player to 1 @ chrome-extension://ihaelfjohnpciodjianpgchimpgifgjk/js/direct.js:324
[    7825ms] [LOG] [direct] Download button injected (player mini) @ chrome-extension://ihaelfjohnpciodjianpgchimpgifgjk/js/direct.js:306
[    7825ms] [LOG] [direct] deduped player to 1 @ chrome-extension://ihaelfjohnpciodjianpgchimpgifgjk/js/direct.js:324
[    7826ms] [LOG] [direct] Download button injected (player mini) @ chrome-extension://ihaelfjohnpciodjianpgchimpgifgjk/js/direct.js:306
[    7826ms] [LOG] [direct] deduped player to 1 @ chrome-extension://ihaelfjohnpciodjianpgchimpgifgjk/js/direct.js:324
[    7827ms] [LOG] [direct] Download button injected (player mini) @ chrome-extension://ihaelfjohnpciodjianpgchimpgifgjk/js/direct.js:306
[    7827ms] [LOG] [direct] deduped player to 1 @ chrome-extension://ihaelfjohnpciodjianpgchimpgifgjk/js/direct.js:324
[    7828ms] [LOG] [direct] Download button injected (player mini) @ chrome-extension://ihaelfjohnpciodjianpgchimpgifgjk/js/direct.js:306
[    7828ms] [LOG] [direct] deduped player to 1 @ chrome-extension://ihaelfjohnpciodjianpgchimpgifgjk/js/direct.js:324
[    7829ms] [LOG] [direct] Download button injected (player mini) @ chrome-extension://ihaelfjohnpciodjianpgchimpgifgjk/js/direct.js:306
[    7829ms] [LOG] [direct] deduped player to 1 @ chrome-extension://ihaelfjohnpciodjianpgchimpgifgjk/js/direct.js:324
[    7830ms] [LOG] [direct] Download button injected (player mini) @ chrome-extension://ihaelfjohnpciodjianpgchimpgifgjk/js/direct.js:306
[    7830ms] [LOG] [direct] deduped player to 1 @ chrome-extension://ihaelfjohnpciodjianpgchimpgifgjk/js/direct.js:324
[    7831ms] [LOG] [direct] Download button injected (player mini) @ chrome-extension://ihaelfjohnpciodjianpgchimpgifgjk/js/direct.js:306
[    7832ms] [LOG] [direct] deduped player to 1 @ chrome-extension://ihaelfjohnpciodjianpgchimpgifgjk/js/direct.js:324
[    7832ms] [LOG] [direct] Download button injected (player mini) @ chrome-extension://ihaelfjohnpciodjianpgchimpgifgjk/js/direct.js:306
[    7833ms] [LOG] [direct] deduped player to 1 @ chrome-extension://ihaelfjohnpciodjianpgchimpgifgjk/js/direct.js:324
[    7833ms] [LOG] [direct] Download button injected (player mini) @ chrome-extension://ihaelfjohnpciodjianpgchimpgifgjk/js/direct.js:306
[    7834ms] [LOG] [direct] deduped player to 1 @ chrome-extension://ihaelfjohnpciodjianpgchimpgifgjk/js/direct.js:324
[    7835ms] [LOG] [direct] Download button injected (player mini) @ chrome-extension://ihaelfjohnpciodjianpgchimpgifgjk/js/direct.js:306
[    7835ms] [LOG] [direct] deduped player to 1 @ chrome-extension://ihaelfjohnpciodjianpgchimpgifgjk/js/direct.js:324
[    7836ms] [LOG] [direct] Download button injected (player mini) @ chrome-extension://ihaelfjohnpciodjianpgchimpgifgjk/js/direct.js:306
[    7836ms] [LOG] [direct] deduped player to 1 @ chrome-extension://ihaelfjohnpciodjianpgchimpgifgjk/js/direct.js:324
[    7837ms] [LOG] [direct] Download button injected (player mini) @ chrome-extension://ihaelfjohnpciodjianpgchimpgifgjk/js/direct.js:306
[    7837ms] [LOG] [direct] deduped player to 1 @ chrome-extension://ihaelfjohnpciodjianpgchimpgifgjk/js/direct.js:324
[    7838ms] [LOG] [direct] Download button injected (player mini) @ chrome-extension://ihaelfjohnpciodjianpgchimpgifgjk/js/direct.js:306
[    7838ms] [LOG] [direct] deduped player to 1 @ chrome-extension://ihaelfjohnpciodjianpgchimpgifgjk/js/direct.js:324
[    7839ms] [LOG] [direct] Download button injected (player mini) @ chrome-extension://ihaelfjohnpciodjianpgchimpgifgjk/js/direct.js:306
[    7839ms] [LOG] [direct] deduped player to 1 @ chrome-extension://ihaelfjohnpciodjianpgchimpgifgjk/js/direct.js:324
[    7840ms] [LOG] [direct] Download button injected (player mini) @ chrome-extension://ihaelfjohnpciodjianpgchimpgifgjk/js/direct.js:306
[    7840ms] [LOG] [direct] deduped player to 1 @ chrome-extension://ihaelfjohnpciodjianpgchimpgifgjk/js/direct.js:324
[    7841ms] [LOG] [direct] Download button injected (player mini) @ chrome-extension://ihaelfjohnpciodjianpgchimpgifgjk/js/direct.js:306
[    7842ms] [LOG] [direct] deduped player to 1 @ chrome-extension://ihaelfjohnpciodjianpgchimpgifgjk/js/direct.js:324
[    7843ms] [LOG] [direct] Download button injected (player mini) @ chrome-extension://ihaelfjohnpciodjianpgchimpgifgjk/js/direct.js:306
[    7843ms] [LOG] [direct] deduped player to 1 @ chrome-extension://ihaelfjohnpciodjianpgchimpgifgjk/js/direct.js:324
[    7844ms] [LOG] [direct] Download button injected (player mini) @ chrome-extension://ihaelfjohnpciodjianpgchimpgifgjk/js/direct.js:306
[    7844ms] [LOG] [direct] deduped player to 1 @ chrome-extension://ihaelfjohnpciodjianpgchimpgifgjk/js/direct.js:324
[    7845ms] [LOG] [direct] Download button injected (player mini) @ chrome-extension://ihaelfjohnpciodjianpgchimpgifgjk/js/direct.js:306
[    7845ms] [LOG] [direct] deduped player to 1 @ chrome-extension://ihaelfjohnpciodjianpgchimpgifgjk/js/direct.js:324
[    7846ms] [LOG] [direct] Download button injected (player mini) @ chrome-extension://ihaelfjohnpciodjianpgchimpgifgjk/js/direct.js:306
[    7846ms] [LOG] [direct] deduped player to 1 @ chrome-extension://ihaelfjohnpciodjianpgchimpgifgjk/js/direct.js:324
[    7847ms] [LOG] [direct] Download button injected (player mini) @ chrome-extension://ihaelfjohnpciodjianpgchimpgifgjk/js/direct.js:306
[    7847ms] [LOG] [direct] deduped player to 1 @ chrome-extension://ihaelfjohnpciodjianpgchimpgifgjk/js/direct.js:324
[    7848ms] [LOG] [direct] Download button injected (player mini) @ chrome-extension://ihaelfjohnpciodjianpgchimpgifgjk/js/direct.js:306
[    7848ms] [LOG] [direct] deduped player to 1 @ chrome-extension://ihaelfjohnpciodjianpgchimpgifgjk/js/direct.js:324
[    7849ms] [LOG] [direct] Download button injected (player mini) @ chrome-extension://ihaelfjohnpciodjianpgchimpgifgjk/js/direct.js:306
[    7849ms] [LOG] [direct] deduped player to 1 @ chrome-extension://ihaelfjohnpciodjianpgchimpgifgjk/js/direct.js:324
[    7850ms] [LOG] [direct] Download button injected (player mini) @ chrome-extension://ihaelfjohnpciodjianpgchimpgifgjk/js/direct.js:306
[    7850ms] [LOG] [direct] deduped player to 1 @ chrome-extension://ihaelfjohnpciodjianpgchimpgifgjk/js/direct.js:324
[    7851ms] [LOG] [direct] Download button injected (player mini) @ chrome-extension://ihaelfjohnpciodjianpgchimpgifgjk/js/direct.js:306
[    7851ms] [LOG] [direct] deduped player to 1 @ chrome-extension://ihaelfjohnpciodjianpgchimpgifgjk/js/direct.js:324
[    7852ms] [LOG] [direct] Download button injected (player mini) @ chrome-extension://ihaelfjohnpciodjianpgchimpgifgjk/js/direct.js:306
[    7853ms] [LOG] [direct] deduped player to 1 @ chrome-extension://ihaelfjohnpciodjianpgchimpgifgjk/js/direct.js:324
[    7853ms] [LOG] [direct] Download button injected (player mini) @ chrome-extension://ihaelfjohnpciodjianpgchimpgifgjk/js/direct.js:306
[    7854ms] [LOG] [direct] deduped player to 1 @ chrome-extension://ihaelfjohnpciodjianpgchimpgifgjk/js/direct.js:324
[    7855ms] [LOG] [direct] Download button injected (player mini) @ chrome-extension://ihaelfjohnpciodjianpgchimpgifgjk/js/direct.js:306
[    7855ms] [LOG] [direct] deduped player to 1 @ chrome-extension://ihaelfjohnpciodjianpgchimpgifgjk/js/direct.js:324
[    7856ms] [LOG] [direct] Download button injected (player mini) @ chrome-extension://ihaelfjohnpciodjianpgchimpgifgjk/js/direct.js:306
[    7856ms] [LOG] [direct] deduped player to 1 @ chrome-extension://ihaelfjohnpciodjianpgchimpgifgjk/js/direct.js:324
[    7857ms] [LOG] [direct] Download button injected (player mini) @ chrome-extension://ihaelfjohnpciodjianpgchimpgifgjk/js/direct.js:306
[    7857ms] [LOG] [direct] deduped player to 1 @ chrome-extension://ihaelfjohnpciodjianpgchimpgifgjk/js/direct.js:324
[    7858ms] [LOG] [direct] Download button injected (player mini) @ chrome-extension://ihaelfjohnpciodjianpgchimpgifgjk/js/direct.js:306
[    7859ms] [LOG] [direct] deduped player to 1 @ chrome-extension://ihaelfjohnpciodjianpgchimpgifgjk/js/direct.js:324
[    7860ms] [LOG] [direct] Download button injected (player mini) @ chrome-extension://ihaelfjohnpciodjianpgchimpgifgjk/js/direct.js:306
[    7860ms] [LOG] [direct] deduped player to 1 @ chrome-extension://ihaelfjohnpciodjianpgchimpgifgjk/js/direct.js:324
[    7861ms] [LOG] [direct] Download button injected (player mini) @ chrome-extension://ihaelfjohnpciodjianpgchimpgifgjk/js/direct.js:306
[    7861ms] [LOG] [direct] deduped player to 1 @ chrome-extension://ihaelfjohnpciodjianpgchimpgifgjk/js/direct.js:324
[    7862ms] [LOG] [direct] Download button injected (player mini) @ chrome-extension://ihaelfjohnpciodjianpgchimpgifgjk/js/direct.js:306
[    7862ms] [LOG] [direct] deduped player to 1 @ chrome-extension://ihaelfjohnpciodjianpgchimpgifgjk/js/direct.js:324
[    7863ms] [LOG] [direct] Download button injected (player mini) @ chrome-extension://ihaelfjohnpciodjianpgchimpgifgjk/js/direct.js:306
[    7863ms] [LOG] [direct] deduped player to 1 @ chrome-extension://ihaelfjohnpciodjianpgchimpgifgjk/js/direct.js:324
[    7864ms] [LOG] [direct] Download button injected (player mini) @ chrome-extension://ihaelfjohnpciodjianpgchimpgifgjk/js/direct.js:306
[    7864ms] [LOG] [direct] deduped player to 1 @ chrome-extension://ihaelfjohnpciodjianpgchimpgifgjk/js/direct.js:324
[    7865ms] [LOG] [direct] Download button injected (player mini) @ chrome-extension://ihaelfjohnpciodjianpgchimpgifgjk/js/direct.js:306
[    7865ms] [LOG] [direct] deduped player to 1 @ chrome-extension://ihaelfjohnpciodjianpgchimpgifgjk/js/direct.js:324
[    7866ms] [LOG] [direct] Download button injected (player mini) @ chrome-extension://ihaelfjohnpciodjianpgchimpgifgjk/js/direct.js:306
[    7866ms] [LOG] [direct] deduped player to 1 @ chrome-extension://ihaelfjohnpciodjianpgchimpgifgjk/js/direct.js:324
[    7866ms] [LOG] [direct] Download button injected (player mini) @ chrome-extension://ihaelfjohnpciodjianpgchimpgifgjk/js/direct.js:306
[    7867ms] [LOG] [direct] deduped player to 1 @ chrome-extension://ihaelfjohnpciodjianpgchimpgifgjk/js/direct.js:324
[    7867ms] [LOG] [direct] Download button injected (player mini) @ chrome-extension://ihaelfjohnpciodjianpgchimpgifgjk/js/direct.js:306
[    7868ms] [LOG] [direct] deduped player to 1 @ chrome-extension://ihaelfjohnpciodjianpgchimpgifgjk/js/direct.js:324
[    7868ms] [LOG] [direct] Download button injected (player mini) @ chrome-extension://ihaelfjohnpciodjianpgchimpgifgjk/js/direct.js:306
[    7869ms] [LOG] [direct] deduped player to 1 @ chrome-extension://ihaelfjohnpciodjianpgchimpgifgjk/js/direct.js:324
[    7869ms] [LOG] [direct] Download button injected (player mini) @ chrome-extension://ihaelfjohnpciodjianpgchimpgifgjk/js/direct.js:306
[    7869ms] [LOG] [direct] deduped player to 1 @ chrome-extension://ihaelfjohnpciodjianpgchimpgifgjk/js/direct.js:324
[    7870ms] [LOG] [direct] Download button injected (player mini) @ chrome-extension://ihaelfjohnpciodjianpgchimpgifgjk/js/direct.js:306
[    7870ms] [LOG] [direct] deduped player to 1 @ chrome-extension://ihaelfjohnpciodjianpgchimpgifgjk/js/direct.js:324
[    7871ms] [LOG] [direct] Download button injected (player mini) @ chrome-extension://ihaelfjohnpciodjianpgchimpgifgjk/js/direct.js:306
[    7872ms] [LOG] [direct] deduped player to 1 @ chrome-extension://ihaelfjohnpciodjianpgchimpgifgjk/js/direct.js:324
[    7872ms] [LOG] [direct] Download button injected (player mini) @ chrome-extension://ihaelfjohnpciodjianpgchimpgifgjk/js/direct.js:306
[    7873ms] [LOG] [direct] deduped player to 1 @ chrome-extension://ihaelfjohnpciodjianpgchimpgifgjk/js/direct.js:324
[    7874ms] [LOG] [direct] Download button injected (player mini) @ chrome-extension://ihaelfjohnpciodjianpgchimpgifgjk/js/direct.js:306
[    7874ms] [LOG] [direct] deduped player to 1 @ chrome-extension://ihaelfjohnpciodjianpgchimpgifgjk/js/direct.js:324
[    7875ms] [LOG] [direct] Download button injected (player mini) @ chrome-extension://ihaelfjohnpciodjianpgchimpgifgjk/js/direct.js:306
[    7875ms] [LOG] [direct] deduped player to 1 @ chrome-extension://ihaelfjohnpciodjianpgchimpgifgjk/js/direct.js:324
[    7876ms] [LOG] [direct] Download button injected (player mini) @ chrome-extension://ihaelfjohnpciodjianpgchimpgifgjk/js/direct.js:306
[    7877ms] [LOG] [direct] deduped player to 1 @ chrome-extension://ihaelfjohnpciodjianpgchimpgifgjk/js/direct.js:324
[    7878ms] [LOG] [direct] Download button injected (player mini) @ chrome-extension://ihaelfjohnpciodjianpgchimpgifgjk/js/direct.js:306
[    7878ms] [LOG] [direct] deduped player to 1 @ chrome-extension://ihaelfjohnpciodjianpgchimpgifgjk/js/direct.js:324
[    7879ms] [LOG] [direct] Download button injected (player mini) @ chrome-extension://ihaelfjohnpciodjianpgchimpgifgjk/js/direct.js:306
[    7879ms] [LOG] [direct] deduped player to 1 @ chrome-extension://ihaelfjohnpciodjianpgchimpgifgjk/js/direct.js:324
[    7879ms] [LOG] [direct] Download button injected (player mini) @ chrome-extension://ihaelfjohnpciodjianpgchimpgifgjk/js/direct.js:306
[    7880ms] [LOG] [direct] deduped player to 1 @ chrome-extension://ihaelfjohnpciodjianpgchimpgifgjk/js/direct.js:324
[    7880ms] [LOG] [direct] Download button injected (player mini) @ chrome-extension://ihaelfjohnpciodjianpgchimpgifgjk/js/direct.js:306
[    7881ms] [LOG] [direct] deduped player to 1 @ chrome-extension://ihaelfjohnpciodjianpgchimpgifgjk/js/direct.js:324
[    7881ms] [LOG] [direct] Download button injected (player mini) @ chrome-extension://ihaelfjohnpciodjianpgchimpgifgjk/js/direct.js:306
[    7881ms] [LOG] [direct] deduped player to 1 @ chrome-extension://ihaelfjohnpciodjianpgchimpgifgjk/js/direct.js:324
[    7882ms] [LOG] [direct] Download button injected (player mini) @ chrome-extension://ihaelfjohnpciodjianpgchimpgifgjk/js/direct.js:306
[    7882ms] [LOG] [direct] deduped player to 1 @ chrome-extension://ihaelfjohnpciodjianpgchimpgifgjk/js/direct.js:324
[    7883ms] [LOG] [direct] Download button injected (player mini) @ chrome-extension://ihaelfjohnpciodjianpgchimpgifgjk/js/direct.js:306
[    7883ms] [LOG] [direct] deduped player to 1 @ chrome-extension://ihaelfjohnpciodjianpgchimpgifgjk/js/direct.js:324
[    7884ms] [LOG] [direct] Download button injected (player mini) @ chrome-extension://ihaelfjohnpciodjianpgchimpgifgjk/js/direct.js:306
[    7884ms] [LOG] [direct] deduped player to 1 @ chrome-extension://ihaelfjohnpciodjianpgchimpgifgjk/js/direct.js:324
[    7885ms] [LOG] [direct] Download button injected (player mini) @ chrome-extension://ihaelfjohnpciodjianpgchimpgifgjk/js/direct.js:306
[    7885ms] [LOG] [direct] deduped player to 1 @ chrome-extension://ihaelfjohnpciodjianpgchimpgifgjk/js/direct.js:324
[    7886ms] [LOG] [direct] Download button injected (player mini) @ chrome-extension://ihaelfjohnpciodjianpgchimpgifgjk/js/direct.js:306
[    7886ms] [LOG] [direct] deduped player to 1 @ chrome-extension://ihaelfjohnpciodjianpgchimpgifgjk/js/direct.js:324
[    7887ms] [LOG] [direct] Download button injected (player mini) @ chrome-extension://ihaelfjohnpciodjianpgchimpgifgjk/js/direct.js:306
[    7887ms] [LOG] [direct] deduped player to 1 @ chrome-extension://ihaelfjohnpciodjianpgchimpgifgjk/js/direct.js:324
[    7887ms] [LOG] [direct] Download button injected (player mini) @ chrome-extension://ihaelfjohnpciodjianpgchimpgifgjk/js/direct.js:306
[    7888ms] [LOG] [direct] deduped player to 1 @ chrome-extension://ihaelfjohnpciodjianpgchimpgifgjk/js/direct.js:324
[    7888ms] [LOG] [direct] Download button injected (player mini) @ chrome-extension://ihaelfjohnpciodjianpgchimpgifgjk/js/direct.js:306
[    7889ms] [LOG] [direct] deduped player to 1 @ chrome-extension://ihaelfjohnpciodjianpgchimpgifgjk/js/direct.js:324
[    7889ms] [LOG] [direct] Download button injected (player mini) @ chrome-extension://ihaelfjohnpciodjianpgchimpgifgjk/js/direct.js:306
[    7890ms] [LOG] [direct] deduped player to 1 @ chrome-extension://ihaelfjohnpciodjianpgchimpgifgjk/js/direct.js:324
[    7890ms] [LOG] [direct] Download button injected (player mini) @ chrome-extension://ihaelfjohnpciodjianpgchimpgifgjk/js/direct.js:306
[    7890ms] [LOG] [direct] deduped player to 1 @ chrome-extension://ihaelfjohnpciodjianpgchimpgifgjk/js/direct.js:324
[    7891ms] [LOG] [direct] Download button injected (player mini) @ chrome-extension://ihaelfjohnpciodjianpgchimpgifgjk/js/direct.js:306
[    7891ms] [LOG] [direct] deduped player to 1 @ chrome-extension://ihaelfjohnpciodjianpgchimpgifgjk/js/direct.js:324
[    7892ms] [LOG] [direct] Download button injected (player mini) @ chrome-extension://ihaelfjohnpciodjianpgchimpgifgjk/js/direct.js:306
[    7893ms] [LOG] [direct] deduped player to 1 @ chrome-extension://ihaelfjohnpciodjianpgchimpgifgjk/js/direct.js:324
[    7894ms] [LOG] [direct] Download button injected (player mini) @ chrome-extension://ihaelfjohnpciodjianpgchimpgifgjk/js/direct.js:306
[    7894ms] [LOG] [direct] deduped player to 1 @ chrome-extension://ihaelfjohnpciodjianpgchimpgifgjk/js/direct.js:324
[    7895ms] [LOG] [direct] Download button injected (player mini) @ chrome-extension://ihaelfjohnpciodjianpgchimpgifgjk/js/direct.js:306
[    7895ms] [LOG] [direct] deduped player to 1 @ chrome-extension://ihaelfjohnpciodjianpgchimpgifgjk/js/direct.js:324
[    7896ms] [LOG] [direct] Download button injected (player mini) @ chrome-extension://ihaelfjohnpciodjianpgchimpgifgjk/js/direct.js:306
[    7897ms] [LOG] [direct] deduped player to 1 @ chrome-extension://ihaelfjohnpciodjianpgchimpgifgjk/js/direct.js:324
[    7897ms] [LOG] [direct] Download button injected (player mini) @ chrome-extension://ihaelfjohnpciodjianpgchimpgifgjk/js/direct.js:306
[    7898ms] [LOG] [direct] deduped player to 1 @ chrome-extension://ihaelfjohnpciodjianpgchimpgifgjk/js/direct.js:324
[    7898ms] [LOG] [direct] Download button injected (player mini) @ chrome-extension://ihaelfjohnpciodjianpgchimpgifgjk/js/direct.js:306
[    7898ms] [LOG] [direct] deduped player to 1 @ chrome-extension://ihaelfjohnpciodjianpgchimpgifgjk/js/direct.js:324
[    7899ms] [LOG] [direct] Download button injected (player mini) @ chrome-extension://ihaelfjohnpciodjianpgchimpgifgjk/js/direct.js:306
[    7899ms] [LOG] [direct] deduped player to 1 @ chrome-extension://ihaelfjohnpciodjianpgchimpgifgjk/js/direct.js:324
[    7900ms] [LOG] [direct] Download button injected (player mini) @ chrome-extension://ihaelfjohnpciodjianpgchimpgifgjk/js/direct.js:306
[    7900ms] [LOG] [direct] deduped player to 1 @ chrome-extension://ihaelfjohnpciodjianpgchimpgifgjk/js/direct.js:324
[    7901ms] [LOG] [direct] Download button injected (player mini) @ chrome-extension://ihaelfjohnpciodjianpgchimpgifgjk/js/direct.js:306
[    7901ms] [LOG] [direct] deduped player to 1 @ chrome-extension://ihaelfjohnpciodjianpgchimpgifgjk/js/direct.js:324
[    7902ms] [LOG] [direct] Download button injected (player mini) @ chrome-extension://ihaelfjohnpciodjianpgchimpgifgjk/js/direct.js:306
[    7902ms] [LOG] [direct] deduped player to 1 @ chrome-extension://ihaelfjohnpciodjianpgchimpgifgjk/js/direct.js:324
[    7903ms] [LOG] [direct] Download button injected (player mini) @ chrome-extension://ihaelfjohnpciodjianpgchimpgifgjk/js/direct.js:306
[    7903ms] [LOG] [direct] deduped player to 1 @ chrome-extension://ihaelfjohnpciodjianpgchimpgifgjk/js/direct.js:324
[    7903ms] [LOG] [direct] Download button injected (player mini) @ chrome-extension://ihaelfjohnpciodjianpgchimpgifgjk/js/direct.js:306
[    7904ms] [LOG] [direct] deduped player to 1 @ chrome-extension://ihaelfjohnpciodjianpgchimpgifgjk/js/direct.js:324
[    7905ms] [LOG] [direct] Download button injected (player mini) @ chrome-extension://ihaelfjohnpciodjianpgchimpgifgjk/js/direct.js:306
[    7905ms] [LOG] [direct] deduped player to 1 @ chrome-extension://ihaelfjohnpciodjianpgchimpgifgjk/js/direct.js:324
[    7906ms] [LOG] [direct] Download button injected (player mini) @ chrome-extension://ihaelfjohnpciodjianpgchimpgifgjk/js/direct.js:306
[    7906ms] [LOG] [direct] deduped player to 1 @ chrome-extension://ihaelfjohnpciodjianpgchimpgifgjk/js/direct.js:324
[    7907ms] [LOG] [direct] Download button injected (player mini) @ chrome-extension://ihaelfjohnpciodjianpgchimpgifgjk/js/direct.js:306
[    7907ms] [LOG] [direct] deduped player to 1 @ chrome-extension://ihaelfjohnpciodjianpgchimpgifgjk/js/direct.js:324
[    7908ms] [LOG] [direct] Download button injected (player mini) @ chrome-extension://ihaelfjohnpciodjianpgchimpgifgjk/js/direct.js:306
[    7908ms] [LOG] [direct] deduped player to 1 @ chrome-extension://ihaelfjohnpciodjianpgchimpgifgjk/js/direct.js:324
[    7908ms] [LOG] [direct] Download button injected (player mini) @ chrome-extension://ihaelfjohnpciodjianpgchimpgifgjk/js/direct.js:306
[    7909ms] [LOG] [direct] deduped player to 1 @ chrome-extension://ihaelfjohnpciodjianpgchimpgifgjk/js/direct.js:324
[    7910ms] [LOG] [direct] Download button injected (player mini) @ chrome-extension://ihaelfjohnpciodjianpgchimpgifgjk/js/direct.js:306
[    7910ms] [LOG] [direct] deduped player to 1 @ chrome-extension://ihaelfjohnpciodjianpgchimpgifgjk/js/direct.js:324
[    7911ms] [LOG] [direct] Download button injected (player mini) @ chrome-extension://ihaelfjohnpciodjianpgchimpgifgjk/js/direct.js:306
[    7911ms] [LOG] [direct] deduped player to 1 @ chrome-extension://ihaelfjohnpciodjianpgchimpgifgjk/js/direct.js:324
[    7912ms] [LOG] [direct] Download button injected (player mini) @ chrome-extension://ihaelfjohnpciodjianpgchimpgifgjk/js/direct.js:306
[    7912ms] [LOG] [direct] deduped player to 1 @ chrome-extension://ihaelfjohnpciodjianpgchimpgifgjk/js/direct.js:324
[    7913ms] [LOG] [direct] Download button injected (player mini) @ chrome-extension://ihaelfjohnpciodjianpgchimpgifgjk/js/direct.js:306
[    7913ms] [LOG] [direct] deduped player to 1 @ chrome-extension://ihaelfjohnpciodjianpgchimpgifgjk/js/direct.js:324
[    7913ms] [LOG] [direct] Download button injected (player mini) @ chrome-extension://ihaelfjohnpciodjianpgchimpgifgjk/js/direct.js:306
[    7913ms] [LOG] [direct] deduped player to 1 @ chrome-extension://ihaelfjohnpciodjianpgchimpgifgjk/js/direct.js:324
[    7914ms] [LOG] [direct] Download button injected (player mini) @ chrome-extension://ihaelfjohnpciodjianpgchimpgifgjk/js/direct.js:306
[    7914ms] [LOG] [direct] deduped player to 1 @ chrome-extension://ihaelfjohnpciodjianpgchimpgifgjk/js/direct.js:324
[    7914ms] [LOG] [direct] Download button injected (player mini) @ chrome-extension://ihaelfjohnpciodjianpgchimpgifgjk/js/direct.js:306
[    7914ms] [LOG] [direct] deduped player to 1 @ chrome-extension://ihaelfjohnpciodjianpgchimpgifgjk/js/direct.js:324
[    7915ms] [LOG] [direct] Download button injected (player mini) @ chrome-extension://ihaelfjohnpciodjianpgchimpgifgjk/js/direct.js:306
[    7915ms] [LOG] [direct] deduped player to 1 @ chrome-extension://ihaelfjohnpciodjianpgchimpgifgjk/js/direct.js:324
[    7915ms] [LOG] [direct] Download button injected (player mini) @ chrome-extension://ihaelfjohnpciodjianpgchimpgifgjk/js/direct.js:306
[    7916ms] [LOG] [direct] deduped player to 1 @ chrome-extension://ihaelfjohnpciodjianpgchimpgifgjk/js/direct.js:324
[    7916ms] [LOG] [direct] Download button injected (player mini) @ chrome-extension://ihaelfjohnpciodjianpgchimpgifgjk/js/direct.js:306
[    7916ms] [LOG] [direct] deduped player to 1 @ chrome-extension://ihaelfjohnpciodjianpgchimpgifgjk/js/direct.js:324
[    7917ms] [LOG] [direct] Download button injected (player mini) @ chrome-extension://ihaelfjohnpciodjianpgchimpgifgjk/js/direct.js:306
[    7917ms] [LOG] [direct] deduped player to 1 @ chrome-extension://ihaelfjohnpciodjianpgchimpgifgjk/js/direct.js:324
[    7917ms] [LOG] [direct] Download button injected (player mini) @ chrome-extension://ihaelfjohnpciodjianpgchimpgifgjk/js/direct.js:306
[    7917ms] [LOG] [direct] deduped player to 1 @ chrome-extension://ihaelfjohnpciodjianpgchimpgifgjk/js/direct.js:324
[    7918ms] [LOG] [direct] Download button injected (player mini) @ chrome-extension://ihaelfjohnpciodjianpgchimpgifgjk/js/direct.js:306
[    7918ms] [LOG] [direct] deduped player to 1 @ chrome-extension://ihaelfjohnpciodjianpgchimpgifgjk/js/direct.js:324
[    7918ms] [LOG] [direct] Download button injected (player mini) @ chrome-extension://ihaelfjohnpciodjianpgchimpgifgjk/js/direct.js:306
[    7919ms] [LOG] [direct] deduped player to 1 @ chrome-extension://ihaelfjohnpciodjianpgchimpgifgjk/js/direct.js:324
[    7919ms] [LOG] [direct] Download button injected (player mini) @ chrome-extension://ihaelfjohnpciodjianpgchimpgifgjk/js/direct.js:306
[    7919ms] [LOG] [direct] deduped player to 1 @ chrome-extension://ihaelfjohnpciodjianpgchimpgifgjk/js/direct.js:324
[    7920ms] [LOG] [direct] Download button injected (player mini) @ chrome-extension://ihaelfjohnpciodjianpgchimpgifgjk/js/direct.js:306
[    7920ms] [LOG] [direct] deduped player to 1 @ chrome-extension://ihaelfjohnpciodjianpgchimpgifgjk/js/direct.js:324
[    7921ms] [LOG] [direct] Download button injected (player mini) @ chrome-extension://ihaelfjohnpciodjianpgchimpgifgjk/js/direct.js:306
[    7921ms] [LOG] [direct] deduped player to 1 @ chrome-extension://ihaelfjohnpciodjianpgchimpgifgjk/js/direct.js:324
[    7922ms] [LOG] [direct] Download button injected (player mini) @ chrome-extension://ihaelfjohnpciodjianpgchimpgifgjk/js/direct.js:306
[    7922ms] [LOG] [direct] deduped player to 1 @ chrome-extension://ihaelfjohnpciodjianpgchimpgifgjk/js/direct.js:324
[    7922ms] [LOG] [direct] Download button injected (player mini) @ chrome-extension://ihaelfjohnpciodjianpgchimpgifgjk/js/direct.js:306
[    7923ms] [LOG] [direct] deduped player to 1 @ chrome-extension://ihaelfjohnpciodjianpgchimpgifgjk/js/direct.js:324
[    7923ms] [LOG] [direct] Download button injected (player mini) @ chrome-extension://ihaelfjohnpciodjianpgchimpgifgjk/js/direct.js:306
[    7924ms] [LOG] [direct] deduped player to 1 @ chrome-extension://ihaelfjohnpciodjianpgchimpgifgjk/js/direct.js:324
[    7925ms] [LOG] [direct] Download button injected (player mini) @ chrome-extension://ihaelfjohnpciodjianpgchimpgifgjk/js/direct.js:306
[    7926ms] [LOG] [direct] deduped player to 1 @ chrome-extension://ihaelfjohnpciodjianpgchimpgifgjk/js/direct.js:324
